HR,Name,DM,Vmag,Ra,Dec
2,,BD-01 4525,6.29,1.2625,-0.5030555555555556
3,33    Psc,BD-06 6357,4.61,1.3333333333333333,-5.7075000000000005
4,86    Peg,BD+12 5063,5.51,1.425,13.39611111111111
5,,BD+57 2865,5.96,1.5666666666666669,58.43666666666666
6,,CD-4914337,5.7,1.5791666666666668,-49.075
7,10    Cas,BD+63 2107,5.59,1.6083333333333334,64.19611111111111
8,,BD+28 4704,6.13,1.65,29.02138888888889
9,,CD-23    4,6.18,1.7083333333333335,-23.1075
10,,BD-18 6428,6.19,1.8250000000000002,-17.386388888888888
11,,BD-03    2,6.43,1.9333333333333333,-2.548888888888889
12,,CD-23   13,5.94,1.9416666666666667,-22.50888888888889
13,,CD-34   17,5.68,2.0124999999999997,-33.529444444444444
14,,BD-03    3,6.07,2.05,-2.447777777777778
15,21Alp And,BD+28    4,2.06,2.095833333333333,29.090555555555554
16,,BD-09    5,5.99,2.0708333333333333,-8.823888888888888
17,,BD+35    8,6.19,2.1708333333333334,36.626666666666665
18,,BD-18    3,6.06,2.1374999999999997,-17.5775
19,,BD+24    3,6.23,2.216666666666667,25.462777777777777
20,,BD+78    1,6.01,2.3333333333333335,79.71472222222222
21,11Bet Cas,BD+58    3,2.27,2.2916666666666665,59.14972222222222
22,87    Peg,BD+17    7,5.53,2.2583333333333333,18.211944444444445
23,,CP-54   19,6.33,2.2583333333333333,-54.00194444444445
24,Kap1Scl,CD-28   16,5.42,2.3375,-27.98777777777778
25,Eps Phe,CD-46   18,3.88,2.3499999999999996,-45.7475
26,34    Psc,BD+10    8,5.51,2.5083333333333333,11.145555555555555
27,22    And,BD+45   17,5.03,2.5791666666666666,46.07222222222222
29,,BD-06   11,5.84,2.5749999999999997,-5.248611111111111
30,Gam3Oct,CP-82    4,5.28,2.5083333333333333,-82.2238888888889
31,,BD-13   13,5.85,2.675,-12.58
33,6    Cet,BD-16   17,4.89,2.8125,-15.468055555555555
34,Kap2Scl,CD-28   26,5.41,2.8916666666666666,-27.799722222222226
35,The Scl,CD-35   42,5.25,2.933333333333333,-35.13305555555556
36,,BD+47   21,6.16,2.995833333333333,48.152499999999996
37,,BD-18   14,5.25,3.0416666666666665,-17.938333333333333
39,88Gam Peg,BD+14   14,2.83,3.3083333333333336,15.18361111111111
40,,BD+26   13,6.3,3.35,26.987222222222222
41,23    And,BD+40   29,5.72,3.375,41.03527777777778
42,,CD-26   56,5.94,3.425,-26.021944444444443
43,,CD-26   57,6.31,3.4333333333333336,-26.284722222222225
44,,BD+32   21,6.25,3.5083333333333333,33.20611111111111
45,89Chi Peg,BD+19   27,4.8,3.6500000000000004,20.206666666666667
46,,BD-08   26,5.12,3.6125000000000003,-7.780555555555556
47,,CP-85    2,5.77,3.3291666666666666,-84.99416666666667
48,7    Cet,BD-19   21,4.44,3.6583333333333337,-18.93277777777778
49,,BD+21   13,6.24,3.7333333333333334,22.284166666666668
50,35    Psc,BD+08   19,5.79,3.7416666666666667,8.820833333333333
51,,BD-10   30,5.75,3.725,-9.569722222222222
53,,BD+26   23,6.35,3.7916666666666665,27.283055555555556
54,,CD-35   65,6.17,3.7416666666666667,-34.904444444444444
55,,BD+76    5,6.35,4.058333333333334,76.95083333333334
56,,BD+42   41,6.15,4.0875,43.594722222222224
57,,CD-32   72,5.67,4.033333333333333,-31.44638888888889
58,,CP-76   19,6.49,3.9791666666666665,-75.9113888888889
59,36    Psc,BD+07   27,6.11,4.141666666666667,8.239999999999998
60,,BD+60   21,5.74,4.2375,61.53333333333333
61,,BD-21   24,6.47,4.175,-20.210555555555555
62,,BD+47   50,5.89,4.2875,47.9475
63,24The And,BD+37   34,4.61,4.270833333333333,38.681666666666665
65,,BD+50   46,6.14,4.429166666666666,51.433055555555555
66,,BD-19   30,6.45,4.383333333333333,-19.051111111111112
67,,BD+00   28,6.17,4.445833333333333,1.6888888888888889
68,25Sig And,BD+35   44,4.52,4.579166666666667,36.78527777777778
69,,BD+10   25,6.05,4.570833333333334,11.205833333333333
70,26    And,BD+42   48,6.11,4.675,43.79111111111111
71,,BD+30   35,5.87,4.658333333333333,31.51722222222222
72,,BD-08   38,6.46,4.670833333333333,-8.052777777777779
73,,CD-43   64,6.33,4.675,-43.23527777777778
74,8Iot Cet,BD-09   48,3.56,4.854166666666666,-8.823888888888888
75,,BD+39   56,6.33,4.920833333333333,40.72972222222222
77,Zet Tuc,CP-65   13,4.23,5.016666666666667,-64.87472222222222
78,,BD+30   42,5.9,5.1,30.935833333333335
79,,BD+32   45,5.79,5.1875,32.91138888888889
80,41    Psc,BD+07   36,5.37,5.145833333333333,8.190277777777778
82,27Rho And,BD+37   45,5.18,5.279166666666667,37.968611111111116
83,Pi  Tuc,CP-70   12,5.51,5.1625,-69.625
84,Iot Scl,CD-29   86,5.18,5.379166666666666,-28.981666666666666
85,,BD-20   50,5.12,5.441666666666666,-20.05777777777778
86,42    Psc,BD+12   25,6.23,5.604166666666666,13.4825
87,,CP-78    9,5.97,5.366666666666666,-77.42694444444444
88,9    Cet,BD-13   60,6.39,5.7124999999999995,-12.209444444444443
91,,BD+51   62,5.57,6.0625,52.019999999999996
93,12    Cas,BD+61   69,5.4,6.195833333333334,61.83111111111111
94,,BD-03   49,6.07,6.120833333333334,-2.2191666666666667
96,,BD+52   61,5.74,6.275,53.04694444444444
97,44    Psc,BD+01   57,5.77,6.35,1.9397222222222223
98,Bet Hyi,CP-77   16,2.8,6.4375,-77.25416666666666
99,Alp Phe,CD-42  116,2.39,6.570833333333334,-42.30611111111111
100,Kap Phe,CD-44  101,3.94,6.550000000000001,-43.68
101,10    Cet,BD-00   63,6.19,6.654166666666667,-0.04972222222222222
102,,CD-26  138,5.98,6.808333333333334,-25.547222222222224
103,47    Psc,BD+17   55,5.06,7.008333333333333,17.893055555555556
104,,BD+43   92,5.17,7.054166666666667,44.394444444444446
105,Eta Scl,CD-33  152,4.81,6.979166666666667,-33.007222222222225
106,48    Psc,BD+15   63,6.06,7.050000000000001,16.445
107,,BD+09   47,6.04,7.083333333333333,10.189722222222223
108,,BD-21   57,6.43,7.0875,-20.334999999999997
109,,CD-40   93,5.43,7.108333333333333,-39.915
110,,BD+36   66,6.26,7.233333333333333,36.9
111,,CD-51  113,6.26,7.179166666666666,-50.532777777777774
112,,BD+76   10,6.21,7.729166666666666,77.01944444444445
113,,BD+59   68,5.94,7.5791666666666675,59.977222222222224
114,28    And,BD+28   75,5.23,7.529166666666666,29.751666666666665
115,,BD-15   84,6.14,7.4625,-14.864166666666666
117,12    Cet,BD-04   54,5.72,7.508333333333333,-3.957222222222222
118,,CD-24  179,5.19,7.591666666666666,-23.78777777777778
119,,CD-41  116,6.19,7.612499999999999,-40.93944444444444
120,,CD-48  102,5.69,7.608333333333333,-48.215
121,13    Cas,BD+65   67,6.18,7.854166666666667,66.51944444444445
122,,BD+32   80,5.87,7.854166666666667,33.58166666666667
123,14Lam Cas,BD+53   82,4.73,7.941666666666667,54.52222222222222
124,,BD+52   92,5.6,7.920833333333334,52.839444444444446
125,Lam1Phe,CD-49  115,4.77,7.854166666666667,-48.80361111111111
126,Bet1Tuc,CP-63   50,4.37,7.883333333333333,-62.95805555555556
127,Bet2Tuc,CP-63   50,4.54,7.887500000000001,-62.965833333333336
129,,BD+70   24,6.42,8.329166666666667,70.98166666666667
130,15Kap Cas,BD+62  102,4.16,8.25,62.931666666666665
131,52    Psc,BD+19   79,5.38,8.145833333333332,20.294444444444448
132,51    Psc,BD+06   64,5.67,8.095833333333333,6.955555555555556
134,,BD+27   84,6.3,8.204166666666667,28.280277777777776
135,,BD+54  101,5.93,8.291666666666668,54.894999999999996
136,Bet3Tuc,CP-63   52,5.09,8.179166666666667,-63.03111111111111
137,16    Cas,BD+65   70,6.48,8.6,66.75027777777778
138,,CD-30  156,5.55,8.420833333333334,-29.558333333333334
139,The Tuc,CP-71   20,6.13,8.345833333333333,-71.26611111111112
140,,CP-53  117,5.57,8.612499999999999,-52.37305555555555
141,,BD+12   57,6.4,8.729166666666666,13.371111111111112
142,13    Cet,BD-04   62,5.2,8.808333333333335,-3.592777777777778
143,14    Cet,BD-01   68,5.93,8.883333333333333,-0.5055555555555555
144,,BD+53  102,5.08,9.033333333333333,54.16861111111111
145,,BD+12   59,6.41,8.975000000000001,13.206666666666665
146,,BD+59   84,5.79,9.112499999999999,60.32611111111112
147,Lam2Phe,CD-48  121,5.51,8.920833333333334,-48.00083333333333
148,,CP-55  117,6.06,8.887500000000001,-54.82194444444445
150,,BD-15  109,6.45,9.0125,-14.973611111111111
151,,CD-23  220,6.06,9.025,-22.842499999999998
152,,BD+43  113,5.13,9.191666666666666,44.48861111111111
153,17Zet Cas,BD+53  105,3.66,9.241666666666665,53.89694444444444
154,29Pi  And,BD+32  101,4.36,9.216666666666667,33.71944444444445
155,53    Psc,BD+14   76,5.89,9.195833333333333,15.231666666666667
157,,BD+34   86,5.48,9.3375,35.39944444444444
158,,BD+81   13,6.4,9.945833333333335,82.49388888888889
159,,CD-25  225,5.57,9.333333333333334,-24.76722222222222
160,,CP-65   58,6.42,9.154166666666667,-65.12472222222222
161,,BD+02   80,6.39,9.375,3.1352777777777776
162,,CP-55  130,6.41,9.325000000000001,-54.39416666666666
163,30Eps And,BD+28  103,4.37,9.6375,29.311666666666667
164,,BD+48  192,5.43,9.7875,49.35444444444445
165,31Del And,BD+30   91,3.27,9.829166666666667,30.860833333333336
166,54    Psc,BD+20   85,5.87,9.8375,21.250555555555554
167,55    Psc,BD+20   87,5.36,9.979166666666666,21.438333333333333
168,18Alp Cas,BD+55  139,2.23,10.124999999999998,56.53722222222222
171,,CD-45  201,6.01,9.966666666666667,-44.79666666666667
172,,BD-17  109,6.49,10.116666666666665,-16.516944444444444
173,,CD-24  263,6.14,10.133333333333333,-23.804444444444446
174,,BD-05  101,5.91,10.175,-4.351944444444444
175,32    And,BD+38   90,5.33,10.279166666666667,39.45861111111111
176,,CP-60   46,5.89,10.108333333333333,-59.45444444444445
177,,BD+65   83,5.83,10.5125,66.14750000000001
178,,BD+23   94,6.04,10.4,24.629166666666666
179,19Xi  Cas,BD+49  164,4.8,10.5125,50.5125
180,Mu  Phe,CD-46  180,4.59,10.329166666666667,-46.085
181,,BD+57  132,6.17,10.629166666666666,58.75333333333333
183,Xi  Phe,CP-57  143,5.7,10.441666666666666,-56.501666666666665
184,20Pi  Cas,BD+46  146,4.94,10.866666666666667,47.02472222222222
185,Lam1Scl,CD-39  175,6.06,10.675,-38.46333333333334
186,,CP-60   48,5.98,10.670833333333333,-60.2625
187,Rho Tuc,CP-66   47,5.39,10.616666666666665,-65.46805555555555
188,16Bet Cet,BD-18  115,2.04,10.895833333333332,-17.986666666666668
189,,BD+47  181,5.67,11.108333333333333,47.86416666666667
190,,BD-12  126,6.02,10.958333333333332,-12.011666666666667
191,Eta Phe,CP-58   42,4.36,10.8375,-57.463055555555556
192,21    Cas,BD+74   27,5.66,11.4125,74.98805555555556
193,22Omi Cas,BD+47  183,4.54,11.179166666666665,48.28444444444444
194,17Phi1Cet,BD-11  128,4.76,11.045833333333333,-10.609444444444444
195,Lam2Scl,CD-39  181,5.9,11.049999999999999,-38.42166666666667
196,,BD+54  143,5.42,11.320833333333333,55.22166666666667
197,,BD-22  127,5.24,11.183333333333334,-22.00611111111111
198,,CD-43  207,5.94,11.237499999999999,-42.67666666666666
199,,CP-63   72,6.07,11.133333333333331,-62.49777777777778
201,,BD-05  120,6.15,11.350000000000001,-4.629166666666667
202,,CP-54  166,6.15,11.25,-53.715
203,18    Cet,BD-13  128,6.15,11.366666666666667,-12.880833333333333
205,,BD+44  160,6.05,11.541666666666668,44.86138888888889
206,,BD-17  132,6.47,11.420833333333334,-16.424166666666668
207,,BD+58  101,6.39,11.675,59.574444444444445
208,23    Cas,BD+74   29,5.41,11.941666666666666,74.8475
209,,CD-48  176,5.8,11.4375,-47.55166666666666
210,,CD-23  293,5.5,11.545833333333334,-22.521944444444443
211,57    Psc,BD+14  111,5.38,11.637500000000001,15.475555555555555
212,,BD+71   37,5.87,12.0375,72.67500000000001
213,58    Psc,BD+11   96,5.5,11.754166666666666,11.973888888888888
214,59    Psc,BD+18  101,6.13,11.804166666666667,19.578888888888887
215,34Zet And,BD+23  106,4.06,11.833333333333332,24.26722222222222
216,60    Psc,BD+05  104,5.99,11.845833333333333,6.740833333333334
218,,BD-18  127,5.7,11.929166666666667,-18.06138888888889
219,24Eta Cas,BD+57  150,3.44,12.275,57.81583333333333
220,,BD-22  134,5.57,12.004166666666668,-21.722499999999997
221,62    Psc,BD+06  105,5.93,12.070833333333333,7.3
222,,BD+04  123,5.75,12.095833333333333,5.280555555555556
223,25Nu  Cas,BD+50  147,4.89,12.208333333333334,50.968333333333334
224,63Del Psc,BD+06  107,4.43,12.170833333333334,7.585
225,64    Psc,BD+16   76,5.07,12.241666666666667,16.940555555555555
226,35Nu  And,BD+40  171,4.53,12.45,41.07888888888889
227,,BD-14  145,5.59,12.354166666666666,-13.561388888888889
228,,CD-24  345,5.9,12.304166666666667,-24.136388888888888
229,,CD-47  229,6.27,12.233333333333334,-46.69777777777777
232,,CD-24  347,6.28,12.3875,-23.361666666666668
233,,BD+63   99,5.39,12.679166666666667,64.2475
234,,BD+44  176,6.15,12.575000000000001,45.00222222222222
235,19Phi2Cet,BD-11  153,5.19,12.529166666666667,-10.644444444444444
236,Lam Hyi,CP-75   64,5.07,12.145833333333334,-74.92333333333333
237,,BD+61  178,6.07,12.816666666666666,61.80583333333333
238,,BD+50  161,6.39,12.7375,51.50805555555556
239,,CD-44  216,6.48,12.512500000000001,-43.39472222222222
240,,BD+82   20,5.62,13.720833333333333,83.70722222222223
241,,BD+50  164,6.21,12.8875,51.571111111111115
242,Rho Phe,CD-51  209,5.22,12.670833333333334,-50.98694444444445
243,,BD+02  118,6.37,12.825,3.385
244,,BD+60  124,4.82,13.266666666666666,61.12416666666667
247,,CD-24  376,5.46,13.166666666666666,-24.00583333333333
248,20    Cet,BD-01  114,4.77,13.25,-1.1441666666666666
249,,BD+36  148,6.06,13.366666666666665,37.418055555555554
250,,BD+51  179,6.27,13.445833333333333,52.689166666666665
251,,CD-25  338,6.46,13.299999999999999,-24.776944444444442
252,Lam1Tuc,CP-70   37,6.22,13.100000000000001,-69.50444444444445
253,26Ups1Cas,BD+58  134,4.83,13.75,58.97277777777778
255,21    Cet,BD-09  181,6.16,13.570833333333333,-8.740833333333333
256,,BD+47  242,6.27,13.770833333333332,48.67861111111111
257,,CP-63   83,5.7,13.404166666666667,-62.87138888888889
258,36    And,BD+22  146,5.47,13.741666666666667,23.628333333333334
259,,BD+23  126,6.2,13.808333333333334,24.556944444444444
260,,BD+57  172,6.21,14.049999999999999,57.99666666666667
261,,BD+67   81,6.37,14.229166666666666,68.7761111111111
262,67    Psc,BD+26  151,6.09,13.991666666666665,27.209444444444443
263,,BD-08  167,5.85,13.925,-7.347222222222222
264,27Gam Cas,BD+59  144,2.47,14.175,60.71666666666667
265,28Ups2Cas,BD+58  138,4.63,14.162500000000001,59.18111111111111
266,,BD+59  146,5.55,14.195833333333335,60.36277777777778
267,22Phi3Cet,BD-12  162,5.31,14.004166666666668,-11.266666666666667
268,,CD-28  288,6.1,13.979166666666666,-27.775555555555556
269,37Mu  And,BD+37  175,3.87,14.1875,38.49944444444444
270,Lam2Tuc,CP-70   40,5.45,13.75,-69.52694444444444
271,38Eta And,BD+22  153,4.42,14.299999999999999,23.4175
272,,BD+45  237,6.12,14.4125,45.83972222222222
273,,BD+65  115,5.97,14.629166666666666,66.35222222222221
274,68    Psc,BD+28  157,5.42,14.458333333333332,28.992222222222225
275,,BD+33  140,5.98,14.558333333333334,33.950833333333335
276,,BD+12  119,6.32,14.475,13.695833333333333
278,,BD+70   65,6.39,15.129166666666666,70.98305555555555
279,23Phi4Cet,BD-12  173,5.61,14.679166666666667,-11.38
280,Alp Scl,CD-30  297,4.31,14.65,-29.3575
281,,CP-61   50,6.23,14.591666666666667,-60.69638888888888
284,,BD+05  131,6.11,14.954166666666666,6.483055555555556
285,,BD+85   19,4.25,17.18333333333333,86.25694444444444
286,,BD+88    4,6.46,23.458333333333332,89.01555555555555
287,,BD+50  202,6.47,15.575,51.035
288,Xi  Scl,CD-39  260,5.59,15.324999999999998,-38.916666666666664
289,,BD+46  243,6.45,15.754166666666668,47.376111111111115
290,39    And,BD+40  209,5.98,15.725,41.345
291,69Sig Psc,BD+31  168,5.5,15.704166666666667,31.804444444444446
292,,BD+60  157,5.92,15.904166666666669,61.075
293,Sig Scl,CD-32  410,5.5,15.608333333333334,-31.551944444444445
294,71Eps Psc,BD+07  153,4.28,15.733333333333334,7.89
295,Ome Phe,CP-57  220,6.11,15.504166666666668,-57.0025
296,25    Cet,BD-05  177,5.43,15.758333333333335,-4.836666666666666
297,,BD+60  158,5.84,16.079166666666666,61.58027777777778
298,,BD+51  220,5.99,16.008333333333333,52.50222222222222
299,,CD-47  313,5.36,15.704166666666667,-46.3975
300,,CD-30  325,6.29,15.820833333333335,-29.52583333333333
301,26    Cet,BD+00  174,6.04,15.954166666666666,1.3666666666666667
303,,BD+28  174,6.19,16.1125,29.65861111111111
304,,CP-66   80,6.21,15.675000000000002,-65.45611111111111
306,,BD+86   17,6.25,19.054166666666664,87.14527777777778
307,73    Psc,BD+04  172,6.0,16.21666666666667,5.656388888888889
308,72    Psc,BD+14  163,5.68,16.270833333333332,14.946111111111112
310,74Psi1Psc,BD+20  156,5.34,16.416666666666664,21.473333333333333
311,74Psi1Psc,BD+20  157,5.56,16.42083333333333,21.46527777777778
313,77    Psc,BD+04  175,6.35,16.454166666666666,4.908333333333334
315,27    Cet,BD-10  229,6.12,16.4,-9.979166666666666
316,,BD+56  196,6.43,16.75,56.934999999999995
317,28    Cet,BD-10  230,5.58,16.520833333333336,-9.839444444444444
319,75    Psc,BD+12  135,6.12,16.637500000000003,12.95611111111111
320,,CD-24  484,6.14,16.52916666666667,-23.9925
321,30Mu  Cas,BD+54  223,5.17,17.066666666666666,54.92027777777778
322,Bet Phe,CD-47  324,3.31,16.520833333333336,-46.718611111111116
324,41    And,BD+43  234,5.03,17.0,43.94194444444444
325,,CD-24  496,6.37,16.804166666666667,-23.99638888888889
326,,BD+57  200,5.79,17.137500000000003,58.26361111111111
327,78    Psc,BD+31  185,6.25,17.004166666666666,32.01222222222222
328,79Psi2Psc,BD+19  185,5.55,16.9875,20.739166666666666
329,30    Cet,BD-10  238,5.82,16.941666666666666,-9.785555555555556
330,80    Psc,BD+04  190,5.52,17.09166666666667,5.649722222222222
331,Ups Phe,CD-42  391,5.21,16.945833333333333,-41.48694444444445
332,Iot Tuc,CP-62   89,5.37,16.825,-61.775277777777774
333,,BD+78   34,5.64,18.066666666666666,79.6738888888889
334,31Eta Cet,BD-10  240,3.45,17.145833333333332,-10.182222222222222
335,42Phi And,BD+46  275,4.25,17.375,47.24194444444444
336,31    Cas,BD+68   77,5.29,17.6625,68.7786111111111
337,43Bet And,BD+34  198,2.06,17.429166666666667,35.620555555555555
338,Zet Phe,CP-55  241,3.92,17.095833333333335,-55.24583333333334
339,81Psi3Psc,BD+18  153,5.55,17.454166666666666,19.65861111111111
340,44    And,BD+41  219,5.65,17.575,42.081388888888895
341,,BD+24  186,5.8,17.579166666666666,25.45777777777778
342,,BD+63  149,5.55,17.854166666666668,64.20277777777778
343,33The Cas,BD+54  236,4.33,17.775000000000002,55.14972222222222
344,,BD+14  175,6.06,17.545833333333334,15.674166666666666
345,32    Cas,BD+64  127,5.57,17.920833333333334,65.01888888888888
346,32    Cet,BD-09  227,6.4,17.55,-8.90611111111111
347,33    Cet,BD+01  221,5.95,17.637500000000003,2.445555555555556
348,45    And,BD+36  201,5.81,17.791666666666668,37.72416666666667
349,82    Psc,BD+30  181,5.16,17.775000000000002,31.424722222222222
350,,CP-58   81,6.41,17.52916666666667,-57.69444444444444
351,84Chi Psc,BD+20  172,4.66,17.8625,21.034722222222225
352,83Tau Psc,BD+29  190,4.51,17.912499999999998,30.08972222222222
353,34    Cet,BD-03  161,5.94,17.929166666666667,-2.2511111111111113
354,,BD+60  186,6.41,18.2875,61.70583333333334
355,,BD+44  261,6.11,18.141666666666666,45.33777777777778
356,,BD+29  195,6.19,18.24583333333333,30.06416666666667
357,,BD+79   36,6.26,19.125,79.91000000000001
359,,CD-38  420,5.92,18.1875,-37.85638888888889
360,85Phi Psc,BD+23  158,4.65,18.433333333333334,24.58361111111111
361,86Zet Psc,BD+06  174,5.24,18.42916666666667,7.575277777777777
362,86Zet Psc,BD+06  175,6.3,18.4375,7.578333333333333
363,,BD+27  196,6.43,18.520833333333336,28.529722222222222
364,87    Psc,BD+15  177,5.98,18.52916666666667,16.13361111111111
366,37    Cet,BD-08  216,5.13,18.6,-7.923055555555556
367,88    Psc,BD+06  181,6.03,18.675,6.995277777777778
368,38    Cet,BD-01  162,5.7,18.704166666666666,-0.9738888888888889
370,Nu  Phe,CD-46  346,4.96,18.795833333333334,-45.53138888888889
371,,BD+32  223,6.02,19.074999999999996,33.11472222222223
373,39    Cet,BD-03  172,5.41,19.15,-2.500277777777778
375,,BD+76   40,6.31,20.079166666666666,77.57055555555556
376,,BD+46  319,6.25,19.541666666666668,47.41972222222222
377,Kap Tuc,CP-69   45,4.86,18.941666666666666,-68.8761111111111
378,89    Psc,BD+02  185,5.16,19.45,3.6144444444444446
379,,BD+36  220,6.46,19.695833333333333,37.38611111111111
380,,CP-67   81,6.24,19.262499999999996,-66.39805555555556
381,,BD+75   59,6.38,20.495833333333334,76.2388888888889
382,34Phi Cas,BD+57  260,4.98,20.016666666666666,58.23166666666667
383,90Ups Psc,BD+26  220,4.76,19.866666666666667,27.264166666666668
384,35    Cas,BD+63  176,6.34,20.270833333333336,64.65833333333335
385,42    Cet,BD-01  171,5.87,19.950000000000003,-0.5088888888888888
386,,BD+77   49,6.07,20.941666666666666,78.72583333333334
387,,BD-04  185,6.23,20.141666666666666,-3.2469444444444444
388,,BD-11  248,6.15,20.1125,-11.238888888888889
389,91    Psc,BD+27  215,5.23,20.27916666666667,28.738055555555558
390,46Xi  And,BD+44  287,4.88,20.583333333333332,45.528888888888886
391,,BD+57  274,6.45,20.8375,58.143055555555556
392,,BD+00  223,6.2,20.65416666666667,1.726388888888889
393,43    Cet,BD-01  179,6.49,20.641666666666666,-0.44972222222222225
394,,BD-19  229,6.35,20.625,-19.08138888888889
395,47    And,BD+36  237,5.58,20.916666666666664,37.715
396,,BD+33  220,6.29,20.90416666666667,34.24583333333334
397,,BD+19  226,5.97,20.849999999999998,20.468888888888888
399,36Psi Cas,BD+67  123,4.74,21.483333333333334,68.13
400,,CD-31  562,5.84,20.879166666666666,-30.945555555555554
401,44    Cet,BD-08  243,6.21,21.008333333333333,-8.0075
402,45The Cet,BD-08  244,3.6,21.004166666666666,-8.183333333333334
403,37Del Cas,BD+59  248,2.68,21.454166666666666,60.23527777777778
404,,BD-07  223,5.91,21.083333333333332,-6.914722222222222
405,,BD-16  237,6.14,21.162499999999998,-15.660277777777779
406,,BD-03  195,6.15,21.2,-2.8486111111111114
407,,BD+22  226,6.18,21.395833333333336,23.511666666666667
408,,CD-42  493,5.42,21.166666666666664,-41.4925
409,,BD+42  302,5.96,21.575,43.45777777777778
410,,BD+33  228,6.31,21.53333333333333,34.57972222222222
411,,CD-45  463,6.26,21.17083333333333,-44.52833333333333
412,46    Cet,BD-15  266,4.9,21.40416666666667,-14.59888888888889
413,93Rho Psc,BD+18  187,5.38,21.5625,19.172222222222224
414,94    Psc,BD+18  189,5.5,21.670833333333334,19.240277777777777
415,,BD+33  234,6.27,21.775,34.3775
416,,BD-01  189,6.41,21.6125,-0.39861111111111114
417,48Ome And,BD+44  307,4.83,21.912499999999998,45.406666666666666
418,,BD+40  289,6.46,21.858333333333334,41.10055555555556
420,,CP-65  130,5.93,21.270833333333336,-64.36944444444444
421,47    Cet,BD-13  262,5.66,21.7125,-13.056666666666667
423,,CD-33  525,5.79,21.741666666666667,-32.543055555555554
424,1Alp UMi,BD+88    8,2.02,37.949999999999996,89.26416666666667
425,,BD-11  272,6.13,21.941666666666666,-10.901666666666667
426,,BD+07  213,6.2,22.09166666666667,7.961388888888889
427,38    Cas,BD+69  102,5.81,22.804166666666664,70.26472222222222
428,,BD+65  175,6.14,22.71666666666667,66.09805555555555
429,Gam Phe,CD-43  449,3.41,22.087500000000002,-43.318333333333335
430,49    And,BD+46  370,5.27,22.525000000000002,47.007222222222225
432,97    Psc,BD+17  210,6.02,22.46666666666667,18.355555555555558
433,48    Cet,BD-22  254,5.12,22.400000000000002,-21.629444444444445
434,98Mu  Psc,BD+05  194,4.84,22.545833333333334,6.143888888888889
435,,CD-47  440,6.31,22.375,-46.756388888888885
436,,CD-26  502,5.93,22.59166666666667,-26.20777777777778
437,99Eta Psc,BD+14  231,3.62,22.87083333333333,15.345833333333333
438,,BD+34  265,6.39,23.029166666666665,34.8
439,,BD+57  320,5.7,23.354166666666668,58.3275
440,Del Phe,CD-49  425,3.95,22.8125,-49.07277777777778
441,,CD-30  506,5.82,22.929166666666667,-30.283333333333335
442,39Chi Cas,BD+58  260,4.71,23.479166666666668,59.231944444444444
443,,CD-46  420,6.17,22.912499999999998,-45.57555555555556
445,,CD-37  589,5.51,23.23333333333333,-36.86527777777778
446,,BD+36  277,5.88,23.566666666666666,37.23722222222222
447,,CD-50  411,6.28,23.15,-49.72777777777778
448,,BD-07  256,5.76,23.425,-7.025277777777777
450,,BD+17  224,5.89,23.704166666666666,18.460555555555555
451,49    Cet,BD-16  265,5.63,23.65416666666667,-15.67611111111111
452,,BD+40  328,6.38,23.96666666666667,41.07638888888889
453,,CD-32  613,6.12,23.708333333333332,-31.892222222222223
454,,BD+47  460,5.92,24.1125,48.72277777777778
455,101    Psc,BD+13  240,6.22,23.94166666666667,14.661388888888888
456,40    Cas,BD+72   86,5.28,24.625,73.03999999999999
458,50Ups And,BD+40  332,4.09,24.195833333333336,41.40555555555555
459,50    Cet,BD-16  270,5.42,23.995833333333334,-15.400277777777777
460,,CP-58  123,6.01,23.812500000000004,-58.13944444444444
461,,BD+57  349,5.56,24.52916666666667,57.9775
462,Tau Scl,CD-30  540,5.69,24.03333333333333,-29.9075
463,102Pi  Psc,BD+11  205,5.57,24.270833333333332,12.141666666666666
464,51    And,BD+47  467,3.57,24.495833333333334,48.62833333333333
465,,BD+44  341,6.36,24.629166666666666,45.4
466,,BD-10  343,6.24,24.40416666666667,-9.40388888888889
467,,CP-79   40,6.11,23.412499999999998,-78.50472222222223
468,,CP-58  126,6.18,24.183333333333334,-58.270833333333336
469,52Chi And,BD+43  343,4.98,24.8375,44.38611111111111
470,,BD+53  363,6.39,25.054166666666664,53.86833333333333
471,,CD-37  620,5.94,24.6125,-36.52833333333333
472,Alp Eri,CP-57  334,0.46,24.425,-57.236666666666665
473,,BD-22  272,5.58,24.7125,-21.275277777777777
475,105    Psc,BD+15  245,5.97,24.916666666666664,16.40583333333333
476,,BD+42  345,5.61,25.162499999999998,43.297777777777775
477,53Tau And,BD+39  378,4.94,25.141666666666662,40.57694444444445
478,43    Cas,BD+67  149,5.59,25.583333333333332,68.04305555555555
480,42    Cas,BD+69  114,5.18,25.729166666666664,70.62249999999999
482,,BD+57  370,6.37,25.570833333333333,58.62777777777778
483,,BD+41  328,4.95,25.445833333333333,42.61361111111111
484,,BD+25  276,6.17,25.325,25.745833333333334
485,,BD+29  286,5.99,25.412499999999998,30.047222222222224
486,,CP-56  329,5.87,24.945833333333333,-56.198055555555555
487,,CP-56  329,5.76,24.945833333333333,-56.19472222222222
488,,BD+60  312,6.34,25.741666666666667,61.42166666666667
489,106Nu  Psc,BD+04  293,4.44,25.354166666666668,5.4875
490,,BD+34  297,5.64,25.5125,35.245555555555555
491,44    Cas,BD+59  307,5.78,25.829166666666666,60.551111111111105
492,,BD-12  315,5.75,25.433333333333334,-11.324722222222222
493,107    Psc,BD+19  279,5.24,25.62083333333333,20.26861111111111
494,,CD-38  584,6.17,25.3625,-38.13305555555556
495,,BD+44  354,6.34,25.81666666666667,45.32222222222222
496,Phi Per,BD+49  444,4.07,25.9125,50.68861111111111
497,Pi  Scl,CD-32  666,5.25,25.53333333333333,-32.32694444444445
498,,CD-37  650,5.72,25.5125,-36.8325
499,,BD+56  330,6.21,26.070833333333336,57.53638888888889
500,,BD-04  260,4.99,25.679166666666667,-3.690277777777778
502,,BD+56  334,6.25,26.191666666666666,57.08916666666667
505,,CP-61  130,5.71,25.450000000000003,-60.78944444444444
506,,CP-54  365,5.52,25.62083333333333,-53.74055555555556
507,,BD-05  309,6.19,25.975,-4.765555555555555
508,109    Psc,BD+19  282,6.27,26.229166666666668,20.083055555555557
509,52Tau Cet,BD-16  295,3.5,26.016666666666666,-15.9375
510,110Omi Psc,BD+08  273,4.26,26.345833333333335,9.157777777777778
511,,BD+63  238,5.63,26.93333333333333,63.852222222222224
512,,CP-83   27,5.87,24.479166666666668,-82.97500000000001
513,,BD-06  336,5.34,26.49583333333333,-5.733333333333333
514,Eps Scl,CD-25  704,5.31,26.408333333333335,-25.052500000000002
516,Tau1Hyi,CP-79   44,6.33,25.337500000000002,-79.14833333333334
517,,CD-27  595,6.39,26.504166666666666,-27.349166666666665
518,,BD+45  447,6.32,26.95,46.22972222222222
519,,CD-51  419,5.49,26.520833333333332,-50.81638888888889
520,,CP-54  377,5.04,26.525,-53.52194444444444
521,,BD+37  372,5.94,27.158333333333335,37.95277777777778
522,4    Ari,BD+16  203,5.84,27.041666666666668,16.955555555555556
523,,BD+31  316,5.79,27.170833333333334,32.69027777777777
524,,CD-42  633,6.18,26.816666666666666,-41.76
525,,CP-85   17,5.69,24.366666666666667,-84.76972222222223
526,,BD+47  508,5.82,27.3125,47.89694444444444
527,,BD+02  270,5.91,27.108333333333334,3.6855555555555557
528,,CD-37  687,6.32,26.945833333333333,-37.15972222222222
529,,BD+51  416,5.9,27.737500000000004,51.93333333333333
530,1    Ari,BD+21  243,5.86,27.533333333333335,22.275277777777777
531,53Chi Cet,BD-11  352,4.67,27.395833333333332,-10.686388888888889
532,,CD-31  753,6.34,27.329166666666666,-31.072777777777777
533,1    Per,BD+54  396,5.52,27.995833333333334,55.1475
534,,BD+10  252,5.94,27.71666666666667,11.043333333333333
535,,CD-39  553,6.37,27.450000000000003,-38.403888888888886
536,2    Per,BD+50  379,5.79,28.0375,50.79277777777778
537,,CD-48  487,6.14,27.583333333333336,-47.81638888888889
538,,BD+50  381,6.26,28.208333333333332,51.474722222222226
539,55Zet Cet,BD-11  359,3.73,27.8625,-10.335
540,,BD+54  408,6.45,28.45,55.59805555555556
541,,CD-50  514,5.94,27.725,-50.20611111111111
542,45Eps Cas,BD+62  320,3.38,28.595833333333335,63.669999999999995
543,55    And,BD+40  394,5.4,28.320833333333333,40.72972222222222
544,2Alp Tri,BD+28  312,3.41,28.266666666666666,29.578888888888887
547,,BD-17  336,5.8,28.21666666666667,-16.929166666666667
548,46Ome Cas,BD+67  169,4.99,29.0,68.68527777777778
549,111Xi  Psc,BD+02  290,4.62,28.387500000000003,3.1875
550,Tau2Hyi,CP-80   35,6.06,26.941666666666666,-80.17666666666668
551,,BD+39  434,6.24,28.72083333333333,40.70194444444445
552,,BD+36  346,6.26,28.7375,37.12833333333333
553,6Bet Ari,BD+20  306,2.64,28.658333333333335,20.808055555555555
554,,CD-39  573,6.1,28.345833333333335,-38.594722222222224
555,Psi Phe,CD-46  552,4.41,28.408333333333335,-46.302499999999995
556,,BD+36  354,5.89,28.974999999999998,37.27777777777778
557,56    And,BD+36  355,5.67,29.037499999999998,37.251666666666665
558,Phi Phe,CD-43  583,5.11,28.591666666666665,-42.496944444444445
559,7    Ari,BD+22  284,5.74,28.9625,23.577222222222222
560,,BD+01  347,6.01,28.97083333333333,1.8497222222222223
561,,BD+60  398,6.02,29.637500000000003,61.698055555555555
563,8Iot Ari,BD+17  289,5.1,29.3375,17.8175
564,,BD+27  310,5.82,29.429166666666667,27.804444444444446
565,56    Cet,CD-23  721,4.85,29.166666666666668,-22.526944444444442
566,Chi Eri,CP-52  241,3.7,28.987499999999997,-51.60888888888889
567,,BD+63  265,5.26,29.908333333333335,64.62138888888889
568,3    Per,BD+48  576,5.69,29.637500000000003,49.20416666666667
569,9Lam Ari,BD+22  288,4.79,29.479166666666664,23.59611111111111
570,Eta2Hyi,CP-68  101,4.69,28.73333333333333,-67.64722222222223
571,,CP-61  157,6.06,28.941666666666663,-60.86138888888889
572,,BD+77   73,6.04,30.737499999999997,77.91638888888889
573,,CP-52  242,6.1,29.25,-51.76611111111111
574,,CD-47  597,4.83,29.291666666666664,-47.385
575,48    Cas,BD+70  153,4.54,30.487499999999997,70.90694444444445
576,,CD-33  682,6.35,29.608333333333334,-33.06666666666667
577,,BD+20  322,5.87,29.895833333333332,21.058333333333334
578,,BD+11  261,6.09,29.854166666666668,12.294722222222221
580,50    Cas,BD+71  117,3.98,30.858333333333327,72.4213888888889
581,47    Cas,BD+76   63,5.38,31.27916666666667,77.28138888888888
582,112    Psc,BD+02  311,5.88,30.037499999999998,3.0972222222222223
583,57    Cet,BD-21  356,5.41,29.941666666666666,-20.824444444444445
584,,CP-66  123,6.37,29.470833333333335,-65.42472222222223
585,59Ups Cet,BD-21  358,4.0,30.0,-21.07777777777778
586,52    Cas,BD+64  282,6.0,30.716666666666665,64.90138888888889
587,,BD-09  380,5.51,30.10833333333333,-8.523611111111112
588,,CD-42  684,5.57,29.908333333333335,-42.03055555555555
589,53    Cas,BD+63  274,5.58,30.749999999999996,64.39
590,4    Per,BD+53  439,5.04,30.574999999999996,54.487500000000004
591,Alp Hyi,CP-62  162,2.86,29.69166666666667,-61.569722222222225
592,49    Cas,BD+75   86,5.22,31.37916666666667,76.115
593,Sig Hyi,CP-78   42,6.16,28.95833333333333,-78.34833333333333
594,Pi  For,CD-30  703,5.35,30.308333333333334,-30.001666666666665
597,,BD+80   64,6.05,32.35416666666667,81.29583333333333
599,3Eps Tri,BD+32  369,5.5,30.741666666666664,33.28388888888889
600,,CP-66  125,6.1,29.920833333333334,-66.06638888888888
601,,BD+12  271,5.94,30.645833333333336,13.476666666666667
602,Chi Phe,CD-45  659,5.14,30.425,-44.71361111111111
603,57Gam1And,BD+41  395,2.26,30.974999999999998,42.32972222222222
604,57Gam2And,BD+41  395,4.84,30.974999999999998,42.33083333333334
605,10    Ari,BD+25  341,5.63,30.912499999999994,25.935555555555556
606,,CD-30  714,6.42,30.616666666666664,-29.665
607,60    Cet,BD-00  307,5.43,30.79583333333333,0.12833333333333333
608,,BD-16  356,5.86,30.741666666666664,-15.305833333333334
609,,BD+17  307,6.21,30.924999999999997,18.253333333333334
610,61    Cet,BD-01  285,5.93,30.949999999999996,-0.34027777777777773
611,,BD-04  324,5.62,30.916666666666664,-4.10361111111111
612,Nu  For,CD-29  706,4.69,31.120833333333337,-29.296944444444446
613,12Kap Ari,BD+21  279,5.03,31.637500000000003,22.648333333333333
614,,BD+07  324,6.31,31.550000000000004,8.247499999999999
615,11    Ari,BD+25  349,6.15,31.704166666666666,25.704722222222223
616,,BD-00  318,6.28,31.620833333333334,0.034999999999999996
617,13Alp Ari,BD+22  306,2.0,31.791666666666668,23.4625
618,,BD+57  494,5.67,32.166666666666664,58.42361111111111
620,58    And,BD+37  486,4.82,32.12083333333333,37.85916666666667
621,,BD+53  460,6.31,32.52916666666666,53.84305555555556
622,4Bet Tri,BD+34  381,3.0,32.38333333333333,34.98722222222222
623,14    Ari,BD+25  355,4.98,32.35416666666667,25.939722222222223
624,,BD+16  247,6.43,32.34583333333333,17.224444444444444
625,,BD-18  374,6.1,32.1875,-17.779444444444444
626,,BD+73  121,6.29,33.337500000000006,74.02777777777777
627,5    Per,BD+56  438,6.36,32.87083333333333,57.645833333333336
628,59    And,BD+38  425,5.63,32.71666666666667,39.03944444444444
629,59    And,BD+38  425,6.1,32.72083333333333,39.043055555555554
630,,CD-24  921,6.48,32.391666666666666,-24.34583333333333
631,15    Ari,BD+18  277,5.7,32.65416666666666,19.50027777777778
632,,CD-44  632,5.85,32.287499999999994,-43.516666666666666
633,16    Ari,BD+25  362,6.02,32.8,25.936944444444446
634,5    Tri,BD+30  347,6.23,32.854166666666664,31.52638888888889
635,64    Cet,BD+07  347,5.63,32.8375,8.569722222222222
636,,CD-44  638,6.32,32.516666666666666,-43.815555555555555
637,,CD-51  532,6.12,32.604166666666664,-50.824444444444445
638,,BD-10  447,6.01,32.84166666666666,-10.052222222222223
639,63    Cet,BD-02  375,5.93,32.895833333333336,-1.8252777777777778
640,55    Cas,BD+65  239,6.07,33.62083333333333,66.52444444444444
641,,BD+57  519,6.44,33.420833333333334,58.56111111111111
642,6    Tri,BD+29  371,4.94,33.09166666666667,30.303055555555556
643,60    And,BD+43  447,4.83,33.30416666666667,44.23166666666667
644,,BD+23  297,5.96,33.15416666666667,24.16777777777778
645,,BD+50  481,5.31,33.4,51.06583333333333
646,17Eta Ari,BD+20  348,5.27,33.2,21.210833333333333
647,,BD+46  536,6.06,33.50833333333333,47.48416666666667
648,19    Ari,BD+14  357,5.71,33.2625,15.279722222222222
649,65Xi 1Cet,BD+08  345,4.37,33.25,8.846666666666668
650,66    Cet,BD-03  336,5.54,33.19583333333333,-2.393611111111111
651,,BD-21  396,5.86,33.25,-21.00027777777778
652,Mu  For,CD-31  882,5.28,33.225,-30.723888888888887
654,,BD+56  471,6.48,34.2125,57.055277777777775
655,7    Tri,BD+32  409,5.28,33.983333333333334,33.35888888888889
656,20    Ari,BD+25  373,5.79,33.94166666666667,25.783055555555556
657,21    Ari,BD+24  329,5.58,33.925,25.043055555555558
659,,CD-41  621,5.91,33.63333333333333,-41.166666666666664
660,8Del Tri,BD+33  395,4.87,34.2625,34.22416666666667
661,8    Per,BD+57  535,5.75,34.49583333333333,57.89972222222222
662,7    Per,BD+56  486,5.98,34.516666666666666,57.516666666666666
664,9Gam Tri,BD+33  397,4.01,34.324999999999996,33.84722222222222
666,67    Cet,BD-07  393,5.51,34.24583333333333,-6.4222222222222225
667,Pi 1Hyi,CP-68  126,5.55,33.55833333333334,-67.84166666666667
669,22The Ari,BD+19  340,5.62,34.52916666666666,19.90111111111111
670,62    And,BD+46  552,5.3,34.81666666666666,47.38
671,,BD+45  589,6.21,34.791666666666664,46.472500000000004
672,,BD+01  410,5.58,34.50416666666666,1.7577777777777779
674,Phi Eri,CP-52  285,3.56,34.125,-51.51222222222222
675,10    Tri,BD+27  360,5.03,34.7375,28.6425
676,,BD+22  329,6.46,34.74166666666666,23.16777777777778
678,Pi 2Hyi,CP-68  128,5.69,33.86666666666667,-67.74638888888889
679,,BD+46  557,6.11,35.170833333333334,47.31083333333333
681,68Omi Cet,BD-03  353,3.04,34.83333333333333,-2.9775
682,63    And,BD+49  640,5.59,35.24166666666667,50.15138888888889
683,,CD-26  828,6.34,34.74166666666666,-25.945555555555554
685,9    Per,BD+55  598,5.17,35.5875,55.845555555555556
686,,CD-42  785,6.37,34.85,-41.848333333333336
687,,BD+40  500,5.82,35.708333333333336,41.396388888888886
688,,CP-56  413,5.81,34.975,-55.94472222222222
689,69    Cet,BD-00  355,5.28,35.483333333333334,0.39583333333333337
690,,BD+54  535,6.28,35.9625,55.364444444444445
691,70    Cet,BD-01  322,5.42,35.550000000000004,-0.885
692,,BD-11  448,5.46,35.50416666666667,-10.777777777777779
693,,BD-18  409,5.87,35.520833333333336,-17.66222222222222
694,64    And,BD+49  649,5.19,36.1,50.00666666666667
695,Kap For,CD-24 1038,5.2,35.63333333333333,-23.81638888888889
696,10    Per,BD+55  612,6.25,36.31666666666666,56.61
697,,BD-19  444,6.22,35.7375,-18.354444444444447
698,,CD-43  724,6.31,35.545833333333334,-43.2
699,65    And,BD+49  656,4.71,36.40416666666666,50.27861111111111
701,,CD-51  571,5.92,35.725,-51.092222222222226
702,24Xi  Ari,BD+09  316,5.47,36.204166666666666,10.610555555555555
703,,CD-26  857,6.44,36.08333333333333,-25.8475
704,71    Cet,BD-03  374,6.33,36.24166666666666,-2.78
705,Del Hyi,CP-69  113,4.09,35.43333333333334,-68.65944444444445
706,,CD-41  681,6.18,36.1375,-40.84055555555556
707,Iot Cas,BD+66  213,4.52,37.26666666666667,67.4025
708,72Rho Cet,BD-12  451,4.89,36.4875,-12.290555555555555
709,66    And,BD+49  666,6.12,36.962500000000006,50.569722222222225
710,,BD-15  426,5.83,36.5,-15.341111111111111
711,,BD+26  409,6.18,36.77916666666667,27.013333333333332
712,11    Tri,BD+31  427,5.54,36.8625,31.80138888888889
713,,BD-20  455,5.88,36.64583333333334,-20.04277777777778
714,Lam Hor,CP-60  199,5.35,36.22083333333333,-60.31194444444444
715,Kap Hyi,CP-74  194,5.01,35.71666666666667,-73.64583333333334
717,12    Tri,BD+29  417,5.29,37.04166666666667,29.669444444444444
718,73Xi 2Cet,BD+07  388,4.28,37.0375,8.459999999999999
719,,BD+01  431,6.45,37.0,1.9608333333333332
720,13    Tri,BD+29  423,5.89,37.2,29.931944444444447
721,Kap Eri,CD-48  637,4.25,36.74583333333334,-47.70388888888889
722,,CP-67  154,6.41,36.35833333333333,-66.49472222222222
723,,BD+22  354,6.19,37.30416666666667,23.468888888888888
724,Phi For,CD-34  905,5.14,37.00416666666667,-33.81111111111111
725,,BD+08  385,6.07,37.395833333333336,9.565833333333334
726,,BD+33  445,6.25,37.56666666666666,33.83388888888889
727,,CD-31  990,6.11,37.145833333333336,-31.102500000000003
728,,BD+24  358,5.92,37.63333333333333,25.235
729,26    Ari,BD+19  365,6.15,37.65833333333333,19.85527777777778
731,27    Ari,BD+17  380,6.23,37.725,17.703888888888887
732,,BD-00  378,6.0,37.6875,0.25527777777777777
734,,CP-64  174,6.37,37.01666666666667,-64.29972222222221
735,,CD-23  947,6.1,37.63333333333333,-22.545555555555556
736,14    Tri,BD+35  497,5.15,38.025,36.14722222222222
737,,BD+01  438,5.25,37.875,2.2672222222222222
738,,BD+33  454,5.83,38.21666666666667,34.5425
739,75    Cet,BD-01  353,5.35,38.037499999999994,-1.0350000000000001
740,76Sig Cet,BD-15  449,4.75,38.020833333333336,-15.24472222222222
741,29    Ari,BD+14  419,6.04,38.225,15.034722222222221
742,,CD-36  957,6.3,38.05833333333334,-36.427499999999995
743,,BD+72  140,5.16,39.50833333333333,72.81833333333333
744,Lam1For,CD-35  877,5.9,38.27916666666666,-34.65
745,,BD-20  480,6.21,38.416666666666664,-20.001944444444444
746,,BD+39  573,6.36,38.8625,39.66444444444444
747,,BD+65  280,5.78,39.4,65.74555555555555
748,,BD+36  519,5.71,38.90833333333333,37.31222222222222
749,Ome For,CD-28  819,4.9,38.45833333333333,-28.232499999999998
750,15    Tri,BD+34  469,5.35,38.94166666666667,34.6875
751,,BD+06  392,6.18,38.76666666666667,7.471388888888889
752,77    Cet,BD-08  484,5.75,38.675,-7.859444444444444
753,,BD+06  398,5.82,39.01666666666667,6.886944444444444
754,78Nu  Cet,BD+04  418,4.86,38.96666666666667,5.593333333333333
755,,CD-51  611,6.24,38.475,-51.093611111111116
756,,BD+38  515,5.9,39.2375,38.73277777777778
757,,BD+30  418,6.1,39.175000000000004,31.6075
758,,BD+33  470,5.3,39.25833333333333,34.263888888888886
759,80    Cet,BD-08  489,5.53,39.0,-7.831666666666666
761,,BD+32  473,6.25,39.275,32.89194444444444
763,31    Ari,BD+11  360,5.68,39.15416666666667,12.4475
766,,BD+07  402,5.81,39.145833333333336,7.729722222222223
767,Iot1For,CD-30  958,5.75,39.0375,-30.044722222222223
768,,BD+37  588,6.18,39.57083333333333,37.72666666666667
769,,BD+37  591,6.3,39.6125,38.089444444444446
770,,BD+07  405,6.39,39.5,7.695277777777778
771,81    Cet,BD-04  436,5.65,39.420833333333334,-3.3961111111111113
772,Lam2For,CD-35  903,5.79,39.24166666666667,-34.57833333333333
773,32Nu  Ari,BD+21  362,5.43,39.704166666666666,21.961388888888887
774,,BD+80   86,5.78,41.945833333333326,81.44833333333334
775,,BD+02  406,6.21,39.65,3.443055555555556
776,Mu  Hyi,CP-79   66,5.28,37.916666666666664,-79.10944444444443
777,Iot2For,CD-30  973,5.83,39.574999999999996,-30.194166666666668
778,Eta Hor,CP-53  457,5.31,39.35,-52.543055555555554
779,82Del Cet,BD-00  406,4.07,39.87083333333333,0.3286111111111111
780,,CD-38  875,6.49,39.6,-37.99055555555556
781,83Eps Cet,BD-12  501,4.84,39.8875,-11.872222222222224
782,33    Ari,BD+26  443,5.3,40.170833333333334,27.060833333333335
783,,BD+05  374,6.25,40.0625,6.111944444444444
784,,BD-10  525,5.78,40.05,-9.453055555555554
785,11    Per,BD+54  598,5.77,40.75833333333334,55.10583333333334
787,,BD+52  616,5.84,40.74583333333334,53.52611111111111
788,12    Per,BD+39  610,4.91,40.55833333333334,40.193888888888885
789,,CD-43  814,4.75,39.949999999999996,-42.891666666666666
790,84    Cet,BD-01  377,5.71,40.304166666666674,-0.6958333333333333
791,,BD+67  224,5.95,41.204166666666666,67.82472222222222
794,Iot Eri,CD-40  689,4.11,40.166666666666664,-39.855555555555554
795,,BD-03  421,6.05,40.45,-3.2133333333333334
796,,BD-15  478,5.98,40.39166666666667,-14.549444444444445
797,,BD+10  360,6.3,40.61666666666667,10.741666666666665
799,13The Per,BD+48  746,4.12,41.050000000000004,49.22833333333333
800,14    Per,BD+43  566,5.43,41.020833333333336,44.29694444444444
801,35    Ari,BD+27  424,4.66,40.8625,27.70722222222222
802,Zet Hor,CP-55  446,5.21,40.162499999999994,-54.55
803,,BD+25  441,6.35,40.9625,25.638055555555557
804,86Gam Cet,BD+02  422,3.47,40.825,3.2358333333333333
805,,CD-38  894,6.01,40.525,-38.38388888888889
806,Eps Hyi,CP-68  161,4.11,39.895833333333336,-68.26694444444445
807,,CD-47  832,6.1,40.53333333333333,-46.52444444444444
808,36    Ari,BD+17  426,6.46,41.079166666666666,17.76388888888889
809,37Omi Ari,BD+14  457,5.77,41.13333333333333,15.311666666666667
810,Iot Hor,CD-51  641,5.41,40.6375,-50.80027777777777
811,89Pi  Cet,BD-14  519,4.25,41.02916666666667,-13.858611111111111
812,38    Ari,BD+11  377,5.18,41.2375,12.445833333333333
813,87Mu  Cet,BD+09  359,4.27,41.233333333333334,10.114166666666666
814,,CD-41  769,6.36,40.833333333333336,-40.527499999999996
815,,BD+69  179,6.18,42.229166666666664,69.63416666666667
816,,BD+04  437,6.03,41.333333333333336,4.711666666666667
817,,CD-33  943,6.22,41.083333333333336,-32.525
818,1Tau1Eri,BD-19  518,4.47,41.275,-18.572499999999998
819,,BD+35  553,6.25,41.74166666666666,35.98361111111111
821,,CP-53  475,6.15,41.041666666666664,-52.57055555555556
823,,CP-67  181,6.26,40.858333333333334,-66.71444444444445
824,39    Ari,BD+28  462,4.51,41.975,29.247222222222224
825,,BD+56  718,6.25,42.37499999999999,57.08416666666667
826,,BD-22  479,6.49,41.6875,-21.639722222222222
827,,CD-23 1061,6.47,41.795833333333334,-22.485555555555557
828,40    Ari,BD+17  442,5.82,42.13333333333333,18.283611111111114
829,,BD+68  200,5.8,42.99166666666667,68.88861111111112
831,,BD+36  566,6.45,42.3625,37.32611111111112
833,Gam Hor,CP-64  196,5.74,41.3625,-63.70444444444445
834,15Eta Per,BD+55  714,3.76,42.670833333333334,55.89555555555555
836,42Pi  Ari,BD+16  355,5.22,42.320833333333326,17.464166666666667
837,Zet Hyi,CP-68  169,4.84,41.38333333333333,-67.61666666666666
838,41    Ari,BD+26  471,3.63,42.49583333333333,27.260555555555555
839,,BD+57  651,6.45,42.93750000000001,58.31472222222222
840,16    Per,BD+37  646,4.23,42.645833333333336,38.31861111111112
841,Bet For,CD-32 1025,4.46,42.270833333333336,-32.405833333333334
842,,BD+46  648,5.88,42.920833333333334,46.841944444444444
843,17    Per,BD+34  527,4.53,42.875,35.05972222222222
844,Gam1For,CD-25 1120,6.14,42.4625,-24.560277777777777
845,Gam2For,CD-28  903,5.39,42.475,-27.941666666666666
846,,BD+52  640,6.36,43.21666666666667,52.99777777777778
847,43Sig Ari,BD+14  480,5.49,42.87083333333334,15.081944444444444
848,Eta2For,CD-36 1067,5.92,42.55833333333334,-35.843611111111116
849,,BD+47  723,6.26,43.3375,48.56944444444445
850,2Tau2Eri,BD-21  509,4.75,42.75833333333333,-21.004166666666666
851,Eta3For,CD-36 1070,5.47,42.66666666666667,-35.67611111111111
852,Nu  Hor,CP-63  188,5.26,42.25416666666666,-62.806666666666665
853,,CD-40  736,6.36,42.69583333333333,-39.931666666666665
854,18Tau Per,BD+52  641,3.95,43.5625,52.7625
855,20    Per,BD+37  655,5.33,43.425,38.337500000000006
856,,BD+15  400,6.31,43.295833333333334,16.483333333333334
857,,BD-13  544,6.04,43.13333333333333,-12.769444444444446
858,,CD-31 1148,6.4,42.97916666666667,-30.814444444444444
859,,BD-10  569,6.32,43.208333333333336,-9.44111111111111
860,,BD+60  591,5.59,43.983333333333334,61.52111111111111
861,,BD+63  369,6.24,44.10000000000001,64.3325
862,,BD-22  503,5.95,43.395833333333336,-22.37638888888889
863,Psi For,CD-38  948,5.92,43.391666666666666,-38.43694444444444
864,,BD+50  665,6.22,44.208333333333336,51.26083333333333
865,,BD+46  658,6.02,44.1375,47.163888888888884
866,,CP-63  197,6.03,43.079166666666666,-62.90972222222222
867,45Rho2Ari,BD+17  457,5.91,43.949999999999996,18.331666666666667
869,46Rho3Ari,BD+17  458,5.63,44.108333333333334,18.023055555555555
870,,BD+07  450,5.97,44.054166666666674,8.381666666666668
871,,CD-51  683,6.21,43.525,-50.87138888888889
872,Nu  Hyi,CP-75  204,4.75,42.61666666666667,-75.06694444444445
873,21    Per,BD+31  509,5.11,44.32083333333333,31.934166666666666
874,3Eta Eri,BD-09  553,3.89,44.10416666666667,-8.898055555555555
875,,BD-04  502,5.17,44.15416666666667,-3.7122222222222225
876,,BD+38  599,6.04,44.50833333333334,38.615
877,,BD+03  410,6.11,44.26666666666667,4.501111111111111
878,47    Ari,BD+20  480,5.8,44.520833333333336,20.66861111111111
879,22Pi  Per,BD+39  681,4.7,44.68750000000001,39.66277777777778
881,,BD+78  103,5.49,46.52916666666667,79.41861111111112
882,24    Per,BD+34  550,4.93,44.7625,35.183055555555555
883,4    Eri,CD-24 1336,5.45,44.34583333333334,-23.861944444444447
884,,CD-30 1122,6.29,44.304166666666674,-29.85527777777778
885,,BD+46  669,5.47,44.954166666666666,47.22083333333334
886,,BD+40  639,5.89,44.9125,41.033055555555556
887,48Eps Ari,BD+20  484,4.63,44.800000000000004,21.340277777777775
888,48Eps Ari,BD+20  484,4.63,44.800000000000004,21.340277777777775
889,6    Eri,CD-24 1343,5.84,44.520833333333336,-23.60611111111111
890,,BD+51  665,5.28,45.21666666666667,52.35166666666667
892,,BD-03  470,5.23,44.675000000000004,-2.7824999999999998
893,,CD-38  976,6.41,44.38333333333334,-38.191111111111105
894,,BD+37  675,6.11,45.045833333333334,38.13166666666667
895,,BD-10  585,6.14,44.69583333333333,-9.77638888888889
896,91Lam Cet,BD+08  455,4.7,44.925000000000004,8.9075
897,The1Eri,CD-40  771,3.24,44.56250000000001,-40.30472222222222
898,The2Eri,CD-40  771,4.35,44.56666666666666,-40.30444444444444
899,5    Eri,BD-03  475,5.56,44.920833333333334,-2.4650000000000003
900,,CD-29 1106,6.14,44.775,-28.90694444444444
901,Zet For,CD-25 1191,5.71,44.9,-25.274166666666666
902,,BD+10  401,5.95,45.18333333333334,10.870277777777778
903,,CD-33 1042,6.31,44.90833333333333,-32.507222222222225
904,7    Eri,BD-03  478,6.11,45.2125,-2.8786111111111112
905,49    Ari,BD+25  477,5.9,45.475,26.46222222222222
906,,BD+80   97,5.95,47.925,81.47055555555556
907,8Rho1Eri,BD-08  562,5.75,45.291666666666664,-7.662777777777778
908,,BD+04  485,6.25,45.46666666666667,5.336111111111111
909,Bet Hor,CP-64  215,4.99,44.69583333333333,-64.07138888888889
910,93    Cet,BD+03  420,5.61,45.59166666666667,4.352777777777778
911,92Alp Cet,BD+03  419,2.53,45.56666666666666,4.089722222222222
912,,BD-10  594,5.83,45.483333333333334,-9.961388888888887
913,,BD-07  537,6.19,45.537499999999994,-6.494722222222222
914,Eps For,CD-28  987,5.89,45.40416666666666,-28.091666666666665
915,23Gam Per,BD+52  654,2.93,46.19583333333333,53.506388888888885
916,,BD+27  468,6.36,45.875,28.26972222222222
917,9Rho2Eri,BD-08  568,5.32,45.675,-7.685277777777778
918,,BD+56  767,4.76,46.38333333333334,56.70583333333334
919,11Tau3Eri,CD-24 1387,4.09,45.59583333333333,-23.624444444444446
920,,BD+55  738,6.11,46.4125,56.06861111111112
921,25Rho Per,BD+38  630,3.39,46.29166666666667,38.84027777777778
922,,BD+63  390,5.89,46.829166666666666,64.05777777777777
923,,BD+40  664,6.05,46.333333333333336,40.5825
925,10Rho3Eri,BD-08  572,5.26,46.06666666666667,-7.600833333333333
926,,BD+01  534,6.05,46.15833333333333,1.863611111111111
929,,CD-47  932,5.82,45.729166666666664,-46.975
930,,BD+51  681,6.31,47.0125,52.21333333333334
931,,BD+12  436,5.62,46.59583333333334,13.187222222222223
932,,BD+73  168,4.87,47.983333333333334,74.39361111111111
933,,BD+46  692,6.41,46.94583333333333,47.30833333333333
934,Mu  Hor,CP-60  236,5.11,45.89999999999999,-59.73777777777778
935,,BD-06  606,5.27,46.6375,-6.088611111111111
936,26Bet Per,BD+40  673,2.12,47.041666666666664,40.955555555555556
937,Iot Per,BD+49  857,4.05,47.266666666666666,49.61333333333334
938,53    Ari,BD+17  493,6.11,46.85416666666667,17.88
939,The Hyi,CP-72  219,5.53,45.5625,-71.9025
940,54    Ari,BD+18  414,6.27,47.0875,18.795
941,27Kap Per,BD+44  631,3.8,47.37083333333333,44.85722222222223
942,,BD+07  478,6.28,47.15833333333333,8.470833333333333
943,,CD-28 1028,6.19,46.958333333333336,-27.83111111111111
944,55    Ari,BD+28  499,5.72,47.4,29.076944444444443
945,,BD+27  480,6.42,47.53333333333333,27.82
946,,BD+26  516,6.02,47.6125,26.89638888888889
947,28Ome Per,BD+39  724,4.63,47.820833333333326,39.611666666666665
948,,BD+11  445,5.98,47.65833333333333,11.8725
949,,BD+47  779,6.33,48.108333333333334,47.725833333333334
950,,BD+41  631,6.15,48.0375,42.376111111111115
951,57Del Ari,BD+19  477,4.35,47.90416666666666,19.726666666666667
952,,BD+12  452,6.12,47.8375,13.047777777777778
953,,CD-24 1480,6.38,47.645833333333336,-23.738333333333333
954,56    Ari,BD+26  523,5.79,48.05833333333334,27.256944444444443
955,,BD-04  540,6.05,47.824999999999996,-3.8116666666666665
956,,BD+47  782,5.9,48.35,48.176944444444445
957,,BD-16  587,6.26,47.81666666666666,-16.025277777777777
958,,BD+06  496,5.56,48.108333333333334,6.660833333333334
959,,CP-69  174,6.15,46.954166666666666,-69.26555555555555
960,,CD-49  884,6.12,47.6125,-48.73416666666667
961,,BD+77  115,5.45,50.079166666666666,77.73472222222222
962,94    Cet,BD-01  457,5.06,48.19166666666667,-1.1961111111111111
963,Alp For,CD-29 1177,3.87,48.01666666666667,-28.986944444444447
964,,BD+56  798,5.79,48.949999999999996,57.14083333333333
965,,BD+84   59,5.61,53.08333333333333,84.91111111111111
967,,BD+65  338,6.36,49.37916666666666,65.65861111111111
968,,CD-44 1025,5.93,48.10416666666667,-44.41972222222222
969,,BD+50  729,5.03,49.05,50.937777777777775
970,,CD-36 1208,6.27,48.25416666666667,-35.943888888888885
972,58Zet Ari,BD+20  527,4.89,48.725,21.044444444444448
973,,BD+44  648,6.16,49.016666666666666,45.34583333333334
974,,CD-30 1238,6.16,48.40833333333333,-29.804166666666667
975,,BD+32  591,6.31,48.94583333333333,32.85638888888889
976,,BD+34  610,6.25,49.00416666666666,34.68861111111111
977,,CP-57  513,5.74,48.1375,-57.32166666666667
978,,BD+31  576,6.06,49.145833333333336,32.183611111111105
979,,BD+39  743,6.45,49.295833333333334,40.483333333333334
980,,CD-26 1210,6.25,48.75,-26.10027777777778
981,,CP-79   91,5.57,46.88333333333333,-78.98944444444444
982,30    Per,BD+43  674,5.47,49.445833333333326,44.025
983,,BD-06  636,6.17,49.0,-5.918611111111112
984,13Zet Eri,BD-09  624,4.8,48.958333333333336,-8.819722222222222
985,,BD+65  340,4.84,49.99583333333333,65.65222222222222
986,,BD+38  690,5.96,49.4375,39.28333333333333
987,29    Per,BD+49  899,5.15,49.65416666666666,50.22222222222222
988,14    Eri,BD-09  627,6.14,49.145833333333336,-9.154444444444445
989,31    Per,BD+49  902,5.03,49.77916666666666,50.095
991,,BD+33  619,4.82,49.67916666666667,34.22277777777778
992,95    Cet,BD-01  469,5.38,49.59166666666667,-0.9302777777777778
993,,CD-29 1216,5.91,49.50833333333333,-28.796944444444446
994,15    Eri,BD-22 1146,4.88,49.59166666666667,-22.511388888888888
995,59    Ari,BD+26  540,5.9,49.979166666666664,27.07111111111111
996,96Kap1Cet,BD+02  518,4.83,49.8375,3.370277777777778
997,,BD-19  651,5.71,49.670833333333334,-18.559722222222224
998,,CD-48  900,5.85,49.35833333333333,-47.751666666666665
999,,BD+28  516,4.47,50.083333333333336,29.048333333333336
1000,60    Ari,BD+25  536,6.12,50.10416666666667,25.662777777777777
1001,,BD+48  893,5.93,50.46666666666667,49.07083333333334
1002,32    Per,BD+42  750,4.95,50.358333333333334,43.32944444444445
1003,16Tau4Eri,BD-22  584,3.69,49.87916666666666,-21.75777777777778
1004,,CD-24 1578,5.61,49.891666666666666,-24.123055555555556
1005,61Tau1Ari,BD+20  543,5.28,50.30416666666667,21.146944444444443
1006,Zet1Ret,CP-63  217,5.54,49.44166666666667,-62.57527777777778
1007,97Kap2Cet,BD+03  461,5.69,50.275,3.6755555555555555
1008,,CD-43 1028,4.27,49.979166666666664,-43.069722222222225
1009,,BD+64  391,5.23,51.166666666666664,64.58611111111111
1010,Zet2Ret,CP-62  265,5.24,49.55,-62.506388888888885
1011,,BD+48  899,5.29,50.80416666666667,49.21333333333334
1012,62    Ari,BD+27  500,5.52,50.545833333333334,27.6075
1013,,CD-27 1183,6.39,50.18750000000001,-26.60638888888889
1014,,CP-67  217,6.05,49.49583333333333,-66.92694444444444
1015,63Tau2Ari,BD+20  551,5.09,50.6875,20.741944444444446
1016,,CD-24 1600,5.52,50.35,-23.635277777777777
1017,33Alp Per,BD+49  917,1.79,51.079166666666666,49.861111111111114
1018,,CD-26 1257,6.35,50.56666666666666,-25.587777777777777
1021,,CD-48  930,6.39,50.3875,-47.776944444444446
1022,64    Ari,BD+24  481,5.5,51.074999999999996,24.724166666666665
1023,,BD+04  532,6.38,50.9125,4.881944444444445
1024,,BD-08  643,6.2,50.82083333333333,-7.7941666666666665
1025,Iot Hyi,CP-77  134,5.52,48.9875,-77.38833333333334
1027,65    Ari,BD+20  556,6.08,51.10833333333333,20.803611111111113
1028,,BD+12  473,6.04,51.041666666666664,12.629444444444445
1029,,BD+48  913,6.09,51.4875,49.12083333333334
1030,1Omi Tau,BD+08  511,3.6,51.199999999999996,9.02888888888889
1032,,BD+71  201,6.32,52.579166666666666,71.86388888888888
1033,,BD+59  657,6.49,52.09583333333334,60.25555555555555
1034,,BD+48  920,4.98,52.0125,49.062777777777775
1035,,BD+59  660,4.21,52.26666666666667,59.94027777777777
1037,,BD+49  944,5.58,52.21666666666667,49.848333333333336
1038,2Xi  Tau,BD+09  439,3.74,51.79166666666667,9.732777777777779
1039,,BD+12  477,6.28,51.825,12.735
1040,,BD+58  607,4.54,52.475,58.87861111111111
1042,Chi1For,CD-36 1290,6.39,51.479166666666664,-35.920833333333334
1043,,BD+58  608,6.13,52.545833333333334,59.36611111111111
1044,34    Per,BD+49  945,4.67,52.34166666666667,49.50888888888889
1045,,CD-27 1228,5.93,51.59166666666667,-27.3175
1046,,BD+54  684,5.09,52.5,55.45194444444445
1047,,BD+46  760,6.24,52.358333333333334,46.937777777777775
1048,66    Ari,BD+22  495,6.03,52.108333333333334,22.804166666666667
1049,,CD-42 1115,6.32,51.545833333333334,-41.636944444444445
1050,,BD-11  667,5.73,52.00416666666667,-11.286666666666667
1051,,BD+47  844,5.82,52.65416666666666,48.103611111111114
1052,35Sig Per,BD+47  843,4.36,52.641666666666666,47.99527777777778
1053,,CP-70  230,6.15,51.00833333333333,-69.62472222222222
1054,Chi2For,CD-36 1306,5.71,51.8875,-35.68138888888889
1056,,BD+48  938,6.29,52.87083333333333,49.209722222222226
1059,,BD+48  942,6.39,52.954166666666666,49.40083333333333
1060,,BD-07  606,5.99,52.4125,-6.805
1061,4    Tau,BD+10  452,5.14,52.6,11.336388888888889
1062,,BD-13  662,5.59,52.4,-12.674722222222222
1063,,BD+47  847,5.47,53.03333333333333,48.02361111111111
1064,,CP-69  192,5.96,51.39999999999999,-69.33638888888889
1066,5    Tau,BD+12  486,4.11,52.71666666666667,12.936666666666667
1067,,BD+05  502,5.94,52.6875,6.188611111111111
1068,,BD+58  619,6.4,53.38333333333333,58.765
1069,36    Per,BD+45  778,5.31,53.10833333333333,46.05694444444444
1070,17    Eri,BD-05  674,4.73,52.65416666666666,-5.075277777777777
1071,,BD+57  730,6.37,53.420833333333334,57.86888888888889
1072,,BD+44  734,6.41,53.162499999999994,44.855555555555554
1073,,BD+54  693,5.98,53.412499999999994,54.974722222222226
1074,,BD+34  674,5.9,53.166666666666664,35.461666666666666
1075,,CD-43 1085,5.78,52.47916666666667,-42.634166666666665
1076,,CD-41 1029,6.12,52.55416666666667,-41.37
1077,,BD+59  675,6.46,53.75,60.04111111111111
1078,,BD+39  811,5.81,53.395833333333336,39.89944444444444
1079,6    Tau,BD+08  528,5.77,53.14999999999999,9.373611111111112
1080,,BD+75  143,6.27,54.85,75.73972222222223
1081,,CD-47 1071,5.99,52.65416666666666,-47.375277777777775
1082,,CD-26 1333,6.38,52.97083333333333,-25.61416666666667
1083,Kap Ret,CP-63  234,4.72,52.34166666666667,-62.9375
1084,18Eps Eri,BD-09  697,3.73,53.229166666666664,-9.458333333333332
1085,,BD+17  575,6.17,53.53333333333333,17.83277777777778
1086,7    Tau,BD+23  473,5.92,53.60833333333333,24.464444444444442
1087,37Psi Per,BD+47  857,4.23,54.12083333333334,48.19277777777778
1088,19Tau5Eri,BD-22  628,4.27,53.445833333333326,-21.63277777777778
1089,,BD+05  511,6.49,53.70416666666666,6.417777777777778
1090,,CD-50 1071,5.68,53.141666666666666,-50.37861111111111
1091,,BD-10  704,6.25,53.65416666666666,-9.868611111111111
1092,,CP-66  195,5.83,52.7125,-66.48972222222223
1093,,CD-31 1450,6.2,53.483333333333334,-31.080277777777777
1094,,BD+56  826,6.3,54.579166666666666,56.93277777777777
1095,,CD-32 1358,6.4,53.637499999999996,-31.87472222222222
1096,,CP-61  267,6.41,53.2125,-61.01694444444444
1097,,BD+42  795,6.42,54.5,42.58305555555556
1098,,BD-11  696,5.57,53.9875,-11.193611111111112
1099,,BD+00  616,5.71,54.19583333333333,0.5877777777777778
1100,20    Eri,BD-17  699,5.23,54.07083333333333,-17.466944444444444
1101,10    Tau,BD-00  572,4.28,54.21666666666667,0.40166666666666667
1102,,BD+14  586,6.39,54.44583333333333,15.430833333333332
1105,,BD+62  597,5.1,55.5375,63.21666666666667
1106,,CD-40 1008,4.58,54.270833333333336,-40.27472222222222
1107,,BD+86   51,5.86,62.50416666666667,86.6261111111111
1108,,BD-07  647,5.85,54.62083333333333,-7.3916666666666675
1109,,CP-78  101,5.7,52.49166666666667,-78.35194444444444
1110,,BD+16  484,6.16,54.85416666666667,16.53666666666667
1111,21    Eri,BD-06  713,5.96,54.75416666666666,-5.626111111111111
1112,,BD+59  699,5.76,55.675000000000004,59.96944444444445
1113,,BD+37  811,5.57,55.27916666666667,37.580000000000005
1114,Tau For,CD-28 1225,6.01,54.69583333333333,-27.943055555555556
1115,12    Tau,BD+02  581,5.57,54.9625,3.0569444444444445
1116,,BD-03  591,6.23,54.90833333333333,-3.3930555555555557
1117,,BD-10  717,6.19,54.85416666666667,-10.437222222222223
1118,11    Tau,BD+24  529,6.11,55.19166666666667,25.329444444444444
1119,,BD-01  519,6.12,54.99583333333333,-1.1205555555555555
1120,,BD-15  634,6.33,55.045833333333334,-15.226666666666667
1121,22    Eri,BD-05  715,5.53,55.15833333333333,-5.210555555555556
1122,39Del Per,BD+47  876,3.01,55.72916666666667,47.7875
1123,40    Per,BD+33  698,4.97,55.59166666666667,33.965
1124,,BD+66  284,5.8,56.5,67.20166666666667
1125,,BD-12  689,6.49,55.304166666666674,-11.803055555555556
1126,13    Tau,BD+19  578,5.69,55.575,19.700277777777778
1127,,BD+48  984,6.06,56.025,48.52361111111111
1129,,BD+62  604,4.8,56.50833333333333,63.345
1130,,BD+45  804,6.11,56.166666666666664,46.099722222222226
1131,38Omi Per,BD+31  642,3.83,56.079166666666666,32.288333333333334
1132,14    Tau,BD+19  582,6.14,55.94583333333333,19.665
1133,,BD+36  742,5.59,56.12916666666667,36.46
1134,Del For,CD-32 1430,5.0,55.55833333333334,-31.938333333333333
1135,41Nu  Per,BD+42  815,3.77,56.295833333333334,42.578611111111115
1136,23Del Eri,BD-10  728,3.54,55.80833333333334,-9.763333333333334
1137,,BD+20  621,6.1,56.11666666666667,20.928611111111113
1138,,BD+70  257,5.44,57.30416666666667,70.8711111111111
1139,,BD-10  729,5.6,55.8875,-10.485555555555555
1140,16    Tau,BD+23  505,5.46,56.199999999999996,24.289444444444445
1141,,BD+45  811,5.66,56.49583333333333,45.68194444444444
1142,17    Tau,BD+23  507,3.7,56.21666666666667,24.113333333333333
1143,,CD-37 1415,4.59,55.708333333333336,-37.31361111111111
1144,18    Tau,BD+24  546,5.64,56.2875,24.839166666666664
1145,19    Tau,BD+24  547,4.3,56.300000000000004,24.46722222222222
1146,24    Eri,BD-01  526,5.25,56.125,-1.1630555555555555
1147,,BD+55  824,6.1,56.88333333333333,55.9225
1148,Gam Cam,BD+70  259,4.63,57.587500000000006,71.33222222222221
1149,20    Tau,BD+23  516,3.87,56.454166666666666,24.36777777777778
1150,25    Eri,BD-00  593,5.55,56.233333333333334,-0.29666666666666663
1151,21    Tau,BD+24  553,5.76,56.475,24.554722222222225
1152,22    Tau,BD+24  556,6.43,56.50833333333333,24.528055555555554
1153,29    Tau,BD+05  539,5.35,56.416666666666664,6.05
1154,,CP-78  105,6.29,54.125,-78.32305555555556
1155,,BD+65  369,4.47,57.37916666666666,65.5261111111111
1156,23    Tau,BD+23  522,4.18,56.579166666666666,23.948333333333334
1157,,CD-41 1119,6.45,56.025,-40.66027777777778
1158,,BD+62  612,5.85,57.39999999999999,63.29722222222222
1159,,BD+06  583,5.91,56.5375,6.803055555555555
1160,,BD+50  825,6.14,57.074999999999996,50.736666666666665
1161,,BD+56  846,6.46,57.329166666666666,57.11805555555556
1162,26Pi  Eri,BD-12  707,4.42,56.53333333333333,-12.101666666666667
1164,,BD+31  650,6.25,56.949999999999996,32.19499999999999
1165,25Eta Tau,BD+23  541,2.87,56.87083333333333,24.105
1166,,BD+68  286,6.32,57.920833333333334,68.5075
1167,,CD-48 1069,6.49,56.208333333333336,-48.061388888888885
1168,,CP-54  589,6.3,56.1375,-54.27388888888889
1169,,CD-47 1147,5.73,56.3125,-47.359722222222224
1170,,BD+43  818,6.02,57.28333333333333,43.963055555555556
1171,Sig For,CD-29 1413,5.9,56.6125,-29.338055555555556
1172,,BD+22  563,5.45,57.08333333333333,23.421111111111113
1173,27Tau6Eri,CD-23 1565,4.23,56.70833333333333,-23.249722222222225
1174,30    Tau,BD+10  486,5.07,57.06666666666666,11.143333333333333
1175,Bet Ret,CP-65  263,3.85,56.050000000000004,-64.80694444444444
1176,,BD+44  801,5.66,57.51666666666667,44.967777777777776
1177,42    Per,BD+32  667,5.11,57.38333333333333,33.09138888888889
1178,27    Tau,BD+23  557,3.63,57.287499999999994,24.053333333333335
1180,28    Tau,BD+23  558,5.09,57.29583333333333,24.136666666666667
1181,28Tau7Eri,CD-24 1877,5.24,56.912499999999994,-23.87472222222222
1182,,BD-00  602,5.91,57.15833333333333,0.22777777777777777
1183,,BD+23  563,6.17,57.42916666666667,23.711666666666666
1184,Rho For,CD-30 1497,5.54,56.983333333333334,-30.16777777777778
1185,,BD+21  535,6.07,57.479166666666664,22.244444444444447
1186,,CD-36 1453,6.21,56.954166666666666,-36.10583333333334
1187,,BD-21  703,5.81,57.145833333333336,-20.903055555555554
1188,,BD+25  624,5.26,57.575,25.579444444444444
1189,,CD-38 1297,5.4,57.145833333333336,-37.62222222222222
1190,,CD-38 1297,4.73,57.145833333333336,-37.620555555555555
1191,,BD+33  728,5.77,57.97083333333334,34.35916666666667
1192,,BD+57  752,5.8,58.42916666666667,57.975
1194,,BD+12  516,6.3,57.81250000000001,13.045833333333333
1195,,CD-36 1467,4.17,57.3625,-36.20027777777778
1196,,BD+71  222,6.34,59.125,71.82166666666666
1197,,BD+30  582,6.25,58.01666666666667,31.168333333333333
1198,,BD+48 1015,5.76,58.40833333333333,48.650555555555556
1199,31    Tau,BD+06  594,5.67,58.0,6.534722222222222
1201,,BD+16  523,5.97,58.291666666666664,17.326944444444443
1202,30    Eri,BD-05  769,5.48,58.170833333333334,-5.3613888888888885
1203,44Zet Per,BD+31  666,2.85,58.52916666666666,31.88361111111111
1204,,BD+62  628,5.03,59.35416666666667,63.07222222222222
1205,,BD+60  768,5.0,59.28333333333333,61.10888888888889
1206,,BD-18  691,6.22,58.30416666666667,-18.434444444444445
1207,,BD+47  912,5.37,58.99166666666666,47.87138888888889
1208,Gam Hyi,CP-74  276,3.24,56.80833333333334,-74.2388888888889
1209,,BD+30  591,6.1,58.84583333333333,31.045833333333334
1210,43    Per,BD+50  860,5.28,59.15,50.695277777777775
1211,32    Eri,BD-03  631,6.14,58.57083333333333,-2.952777777777778
1212,32    Eri,BD-03  631,4.79,58.57083333333333,-2.9547222222222222
1213,33Tau8Eri,CD-24 1945,4.65,58.425,-24.6125
1214,,CD-35 1455,5.11,58.40833333333333,-34.73222222222223
1215,,BD+34  768,5.49,59.11666666666667,35.08111111111111
1216,,CD-47 1187,5.93,58.3875,-46.89361111111111
1217,,BD-12  752,6.0,58.81666666666666,-12.099166666666667
1218,32    Tau,BD+22  605,5.63,59.21666666666667,22.478055555555553
1219,,CD-40 1128,5.71,58.59583333333333,-40.35722222222223
1220,45Eps Per,BD+39  895,2.89,59.462500000000006,40.01027777777778
1221,33    Tau,BD+22  607,6.06,59.2625,23.175555555555558
1222,,BD+24  599,6.16,59.358333333333334,24.461944444444445
1224,,BD+05  564,6.09,59.25416666666667,6.04
1225,,BD-10  793,6.19,59.15416666666667,-9.750833333333333
1226,,BD+38  827,6.3,59.62083333333334,38.84027777777778
1227,,CP-53  628,6.46,58.641666666666666,-52.690555555555555
1228,46Xi  Per,BD+35  775,4.04,59.7375,35.79111111111111
1230,,BD+80  125,5.1,62.50833333333334,80.69861111111112
1231,34Gam Eri,BD-13  781,2.95,59.50416666666667,-13.508611111111112
1232,,BD-05  789,5.83,59.71666666666667,-5.47
1233,,BD+09  524,6.37,59.916666666666664,10.330833333333333
1234,,BD+36  805,6.41,60.30833333333333,36.99
1235,,BD-12  766,5.6,59.875,-12.574166666666667
1236,,CP-63  275,6.14,59.01666666666667,-63.46361111111111
1237,,BD+16  544,6.32,60.15,17.296666666666667
1238,,BD+17  666,5.89,60.2,18.19388888888889
1239,35Lam Tau,BD+12  539,3.47,60.166666666666664,12.490277777777777
1240,36Tau9Eri,CD-24 2022,4.66,59.97916666666667,-24.01638888888889
1241,,BD+68  303,5.87,61.512499999999996,68.68
1242,,BD+58  690,5.06,61.1125,59.15555555555555
1243,,BD+09  528,5.67,60.44166666666667,9.997777777777777
1244,35    Eri,BD-01  572,5.28,60.383333333333326,-1.549722222222222
1245,,CP-57  606,6.05,59.675000000000004,-57.1025
1246,,CD-30 1597,5.93,60.166666666666664,-30.490833333333335
1247,Del Ret,CP-61  290,4.56,59.68333333333334,-61.400277777777774
1248,,BD+65  391,6.17,61.662499999999994,65.52083333333333
1249,,BD-00  632,5.38,60.64999999999999,-0.2688888888888889
1251,38Nu  Tau,BD+05  581,3.91,60.7875,5.989166666666667
1252,36    Tau,BD+23  609,5.47,61.0875,24.105833333333333
1253,40    Tau,BD+05  584,5.33,60.93333333333333,5.435555555555556
1254,,BD+07  592,5.46,60.98333333333333,8.197222222222223
1255,,BD+53  732,6.31,61.64999999999999,54.00861111111111
1256,37    Tau,BD+21  585,4.36,61.17083333333333,22.081944444444446
1257,,BD+02  645,5.36,61.0375,2.826944444444444
1258,,BD-20  769,6.46,60.85,-20.144166666666667
1261,47Lam Per,BD+49 1101,4.29,61.64583333333332,50.35138888888889
1262,39    Tau,BD+21  587,5.9,61.33333333333333,22.00888888888889
1263,,BD-16  770,6.39,61.03333333333333,-16.58888888888889
1264,Gam Ret,CP-62  312,4.51,60.22083333333333,-62.159444444444446
1265,,BD-13  806,5.61,61.09166666666666,-12.7925
1266,Iot Ret,CP-61  293,4.97,60.324999999999996,-61.07888888888889
1267,,BD-20  774,6.13,61.17083333333333,-20.381666666666668
1268,41    Tau,BD+27  633,5.2,61.64999999999999,27.6
1269,42Psi Tau,BD+28  619,5.23,61.74999999999999,29.00138888888889
1270,,BD+59  759,6.28,62.36250000000001,59.908055555555556
1271,,CP-85   44,6.41,55.63333333333334,-85.26222222222222
1272,,BD-09  811,6.26,61.48333333333333,-8.85611111111111
1273,48    Per,BD+47  939,4.04,62.16250000000001,47.712500000000006
1274,,BD-20  780,6.34,61.44166666666666,-20.51222222222222
1275,,CD-27 1540,5.59,61.40416666666666,-27.651666666666664
1277,49    Per,BD+37  881,6.09,62.0625,37.72777777777778
1278,50    Per,BD+37  882,5.51,62.150000000000006,38.03972222222222
1279,,BD+14  657,6.01,61.925,15.162777777777778
1280,,BD+16  560,5.89,61.99583333333332,17.33972222222222
1281,,BD+71  239,6.03,63.43333333333334,72.12638888888888
1282,,BD+68  310,6.32,63.212500000000006,68.50166666666667
1283,43Ome1Tau,BD+19  672,5.5,62.29166666666668,19.609166666666667
1284,,BD+13  648,5.95,62.25416666666667,13.398333333333333
1286,,BD+33  807,5.72,62.74583333333334,33.586666666666666
1287,44    Tau,BD+26  686,5.41,62.70416666666668,26.480833333333333
1288,,BD-16  796,5.37,62.32083333333334,-16.385833333333334
1289,,BD+83  104,5.57,67.05416666666666,83.80777777777777
1290,37    Eri,BD-07  758,5.44,62.59166666666667,-6.923888888888889
1292,45    Tau,BD+05  601,5.72,62.833333333333336,5.523055555555556
1293,,BD-09  837,5.7,62.69583333333334,-8.819722222222222
1294,,CP-64  305,6.38,61.83749999999999,-64.2225
1295,,BD+16  569,6.09,63.12916666666666,17.2775
1296,,BD+57  785,6.08,63.75416666666667,57.46027777777778
1297,,BD+22  649,6.12,63.212500000000006,22.41361111111111
1298,38Omi1Eri,BD-07  764,4.04,62.96250000000001,-6.8374999999999995
1299,,CD-35 1588,6.44,62.68750000000001,-35.27388888888889
1300,,BD-20  801,5.79,62.9,-20.35611111111111
1302,Del Hor,CD-42 1400,4.93,62.70833333333334,-41.993611111111115
1303,51Mu  Per,BD+48 1063,4.14,63.72083333333333,48.409444444444446
1304,,BD+82  113,5.46,67.5,83.34055555555555
1305,,BD+61  687,5.7,64.22083333333333,61.85027777777778
1306,52    Per,BD+40  912,4.71,63.72083333333333,40.48361111111111
1307,,BD+09  549,6.23,63.391666666666666,10.212222222222222
1309,46    Tau,BD+07  617,5.29,63.387499999999996,7.716111111111111
1310,,BD+12  564,6.25,63.45416666666667,12.753333333333334
1311,47    Tau,BD+08  652,4.84,63.483333333333334,9.26361111111111
1312,,BD-01  600,6.44,63.40833333333333,-1.149722222222222
1313,,BD+57  787,5.71,64.28333333333333,57.86055555555556
1314,,BD+53  750,5.19,64.17916666666667,53.61194444444445
1315,,BD+09  550,5.22,63.65,10.011111111111111
1317,,BD+80  133,5.43,66.75833333333334,80.82416666666666
1318,39    Eri,BD-10  867,4.87,63.59583333333334,-10.256388888888889
1319,48    Tau,BD+15  603,6.32,63.94166666666667,15.400555555555556
1320,49Mu  Tau,BD+08  657,4.29,63.883333333333326,8.892222222222221
1322,,BD+05  614,6.31,63.87083333333334,6.1866666666666665
1323,,CD-40 1286,6.37,63.39583333333333,-40.35777777777778
1324,,BD+49 1150,4.61,64.55833333333332,50.29555555555555
1325,40Omi2Eri,BD-07  780,4.43,63.81666666666666,-7.652777777777779
1326,Alp Hor,CD-42 1425,3.86,63.5,-42.294444444444444
1327,,BD+64  433,5.27,65.16666666666666,65.14055555555557
1328,,BD+41  844,6.22,64.53333333333333,42.14111111111111
1329,50Ome2Tau,BD+20  724,4.94,64.3125,20.578611111111112
1330,,BD+49 1155,5.45,64.80416666666666,50.04888888888889
1331,51    Tau,BD+21  618,5.65,64.59583333333333,21.579166666666666
1332,,BD-06  862,5.94,64.32916666666667,-6.4719444444444445
1333,,BD+50  973,5.55,65.04583333333332,50.920833333333334
1335,,BD+60  800,5.39,65.44583333333333,60.73555555555556
1336,Alp Ret,CP-62  332,3.35,63.60416666666667,-62.473888888888894
1337,,BD+41  852,5.92,65.05833333333332,41.808055555555555
1338,Gam Dor,CD-51 1066,4.25,64.00416666666666,-51.486666666666665
1339,53    Tau,BD+20  733,5.35,64.85833333333333,21.142222222222223
1340,,CP-62  334,5.45,63.7,-62.19194444444444
1341,56    Tau,BD+21  623,5.38,64.89999999999999,21.77361111111111
1343,54    Per,BD+34  860,4.93,65.1,34.56666666666667
1344,,BD+31  757,6.16,65.04166666666667,31.953333333333333
1345,,BD-21  831,6.0,64.5625,-20.715555555555554
1346,54Gam Tau,BD+15  612,3.65,64.94583333333334,15.627500000000001
1347,41Ups4Eri,CD-34 1614,3.56,64.47083333333333,-33.79833333333333
1348,52Phi Tau,BD+27  655,4.95,65.08749999999999,27.350833333333334
1349,,BD+09  562,6.31,64.90416666666665,10.12138888888889
1350,53    Per,BD+46  872,4.85,65.38749999999999,46.49888888888889
1351,57    Tau,BD+13  663,5.59,64.9875,14.035277777777777
1352,,BD+59  793,6.19,65.7375,59.61638888888889
1353,,CD-23 1856,6.07,64.65416666666667,-22.970277777777778
1354,,BD+18  624,6.12,65.10416666666667,18.7425
1355,Eps Ret,CP-59  324,4.44,64.11666666666667,-59.301944444444445
1356,58    Tau,BD+14  682,5.26,65.14999999999999,15.095277777777778
1357,,CP-61  317,6.37,64.0875,-60.948611111111106
1358,,BD+13  665,6.17,65.21666666666665,13.864166666666666
1359,,CD-34 1626,6.37,64.7625,-33.905
1360,,BD+05  631,5.77,65.17083333333333,6.130833333333333
1362,,BD-06  875,6.27,65.15833333333333,-6.245555555555556
1363,,BD-07  798,5.85,65.175,-7.592499999999999
1364,,CD-44 1503,5.34,64.81666666666666,-44.268055555555556
1365,,CP-53  679,6.09,64.66666666666666,-52.86
1366,,BD-00  687,5.86,65.3625,-0.09805555555555555
1367,,BD-20  831,5.38,65.1625,-20.639722222222222
1368,60    Tau,BD+13  668,5.72,65.51249999999999,14.077222222222222
1369,59Chi Tau,BD+25  707,5.37,65.64166666666665,25.629166666666666
1370,,BD+20  744,5.91,65.59166666666667,20.82138888888889
1371,,BD+42  946,6.23,65.89583333333334,42.42805555555555
1372,The Ret,CP-63  316,5.87,64.41666666666666,-63.25555555555555
1373,61Del1Tau,BD+17  712,3.76,65.73333333333332,17.5425
1374,,CD-26 1642,6.01,65.37916666666665,-25.72833333333333
1375,,BD+20  751,5.99,65.88333333333334,20.98222222222222
1376,63    Tau,BD+16  586,5.64,65.85416666666667,16.77722222222222
1377,55    Per,BD+33  853,5.73,66.12083333333334,34.13055555555555
1378,62    Tau,BD+23  684,6.36,65.99583333333334,24.301111111111112
1379,56    Per,BD+33  854,5.76,66.15416666666667,33.959722222222226
1380,64Del2Tau,BD+17  714,4.8,66.02083333333334,17.44388888888889
1381,66    Tau,BD+09  570,5.12,65.9625,9.460833333333333
1382,,BD+57  800,6.32,66.75,57.58527777777778
1383,42Xi  Eri,BD-04  818,5.17,65.91666666666667,-3.7455555555555557
1384,,CD-25 1862,5.83,65.77083333333334,-24.892222222222223
1385,,BD+18  633,5.98,66.2375,19.041666666666668
1386,,CD-35 1687,6.39,65.77916666666668,-35.544999999999995
1387,65Kap1Tau,BD+21  642,4.22,66.34166666666667,22.29388888888889
1388,67Kap2Tau,BD+21  643,5.28,66.35416666666667,22.199722222222224
1389,68Del3Tau,BD+17  719,4.29,66.37083333333334,17.928055555555556
1390,,BD+31  776,5.28,66.525,31.43888888888889
1391,70    Tau,BD+15  621,6.46,66.40416666666667,15.940833333333334
1392,69Ups Tau,BD+22  696,4.28,66.575,22.81361111111111
1393,43    Eri,CD-34 1664,3.96,66.00833333333334,-34.01694444444444
1394,71    Tau,BD+15  625,4.49,66.58333333333334,15.618333333333334
1395,Eta Ret,CP-63  324,5.24,65.47083333333332,-63.38638888888889
1396,73Pi  Tau,BD+14  697,4.69,66.65,14.71361111111111
1397,,BD+08  687,6.06,66.5875,8.590277777777779
1399,72    Tau,BD+22  699,5.53,66.82083333333334,22.99638888888889
1400,,BD+01  753,6.23,66.75,2.079444444444445
1401,,BD+72  227,5.94,68.375,72.5286111111111
1402,,BD+10  577,5.88,66.86666666666667,11.212499999999999
1403,,BD+21  647,5.72,67.0,21.62
1404,,CD-44 1546,6.39,66.32916666666667,-44.16083333333333
1405,,CP-57  659,6.29,66.05,-57.07138888888889
1406,,BD+30  665,6.4,67.2125,30.36138888888889
1407,75    Tau,BD+16  605,4.97,67.10833333333333,16.359722222222224
1408,76    Tau,BD+14  702,5.9,67.09583333333333,14.740833333333333
1409,74Eps Tau,BD+18  640,3.53,67.15416666666667,19.18027777777778
1410,,CD-24 2343,6.11,66.7375,-24.08138888888889
1411,77The1Tau,BD+15  631,3.84,67.14166666666667,15.962222222222222
1412,78The2Tau,BD+15  632,3.4,67.1625,15.870833333333334
1413,,BD+01  755,6.15,67.0125,1.8586111111111112
1414,79    Tau,BD+12  598,5.03,67.20833333333334,13.0475
1415,,BD+01  757,5.55,67.13333333333333,1.3808333333333334
1416,,CP-61  335,5.94,66.27083333333334,-61.23833333333334
1417,1    Cam,BD+53  779,5.77,68.00416666666666,53.91083333333333
1418,,CD-47 1383,6.1,66.775,-46.9475
1419,,BD+32  806,6.21,67.65833333333333,32.45805555555556
1421,,BD-19  931,5.96,67.1625,-19.458333333333332
1422,80    Tau,BD+15  636,5.58,67.53333333333333,15.638055555555555
1423,,BD-13  893,5.6,67.275,-13.048333333333334
1424,,BD+39 1013,6.26,67.85,40.01027777777778
1425,,BD+09  590,6.48,67.50833333333334,10.2625
1426,Del Men,CP-80  116,5.69,64.49583333333334,-80.21388888888889
1427,,BD+15  637,4.78,67.63749999999999,16.19388888888889
1428,81    Tau,BD+15  639,5.48,67.65833333333333,15.691944444444445
1429,,CD-42 1510,6.44,67.03750000000001,-41.96
1430,83    Tau,BD+13  690,5.4,67.65416666666667,13.724444444444444
1431,,BD-13  896,6.24,67.53750000000001,-13.592222222222222
1432,85    Tau,BD+15  645,6.02,67.9625,15.851666666666667
1433,,CD-46 1427,6.16,67.33333333333333,-46.515277777777776
1434,57    Per,BD+42  990,6.09,68.35,43.06388888888888
1435,,CP-62  357,5.75,66.9375,-62.520833333333336
1436,,BD+05  674,6.39,68.01666666666667,5.41
1437,45    Eri,BD-00  713,4.91,67.96666666666665,-0.04388888888888889
1438,,BD-13  904,6.21,67.85416666666667,-13.645
1439,,CD-35 1768,5.96,67.66666666666667,-35.65361111111111
1440,,BD+63  515,5.94,69.1,64.26166666666667
1441,,BD-03  809,5.81,68.15416666666667,-3.209166666666667
1442,,BD+17  750,6.25,68.38333333333333,18.016666666666666
1443,Del Cae,CD-45 1567,5.07,67.70833333333334,-44.95388888888889
1444,86Rho Tau,BD+14  720,4.65,68.45833333333334,14.844444444444445
1445,,BD+28  666,5.88,68.65833333333333,28.961111111111112
1446,,BD+09  600,6.01,68.45,9.413055555555555
1447,,BD-11  900,6.06,68.34166666666667,-10.785833333333333
1448,,BD+05  679,5.68,68.53333333333333,5.568611111111111
1449,46    Eri,BD-07  838,5.72,68.475,-6.738888888888889
1450,,BD-07  841,6.09,68.55833333333332,-6.837777777777777
1451,47    Eri,BD-08  887,5.11,68.54583333333332,-8.231388888888889
1452,,BD-09  930,5.26,68.54583333333332,-8.970277777777778
1453,50Ups1Eri,CD-30 1883,4.51,68.375,-29.766666666666666
1454,58    Per,BD+40 1000,4.25,69.17083333333333,41.264722222222225
1455,,BD+19  742,6.36,68.925,19.881666666666668
1456,Nu  Men,CP-81  115,5.79,65.2375,-81.58
1457,87Alp Tau,BD+16  629,0.85,68.97916666666666,16.509166666666665
1458,88    Tau,BD+09  607,4.25,68.9125,10.160833333333334
1459,,BD+23  715,6.02,69.12083333333334,23.340833333333332
1460,,BD-10  959,6.37,68.80833333333332,-9.736666666666666
1461,,BD-20  880,6.13,68.75,-19.920555555555556
1462,,BD-03  830,6.33,69.00416666666666,-3.6119444444444446
1463,48Nu  Eri,BD-03  834,3.93,69.07916666666667,-3.3525
1464,52Ups2Eri,CD-30 1901,3.82,68.88749999999999,-30.56222222222222
1465,Alp Dor,CP-55  663,3.27,68.49583333333332,-55.044999999999995
1466,2    Cam,BD+53  794,5.35,69.99166666666667,53.473055555555554
1467,3    Cam,BD+52  865,5.05,69.975,53.07972222222222
1468,,BD+76  174,6.49,71.5,76.6111111111111
1469,,BD+00  798,5.31,69.30416666666667,0.9983333333333333
1471,,BD+20  785,5.92,69.56249999999999,20.684722222222224
1472,89    Tau,BD+15  661,5.79,69.5375,16.033333333333335
1473,90    Tau,BD+12  618,4.27,69.5375,12.510833333333334
1474,51    Eri,BD-02  963,5.23,69.4,-2.4733333333333336
1475,,CP-63  342,5.79,68.39166666666667,-62.82361111111111
1476,,CD-30 1911,6.3,69.20833333333333,-30.716666666666665
1477,,BD+24  674,6.22,69.84583333333335,25.21833333333333
1478,91Sig1Tau,BD+15  665,5.07,69.78750000000001,15.799722222222222
1479,92Sig2Tau,BD+15  666,4.69,69.81666666666666,15.918055555555554
1480,,BD+07  681,5.39,69.775,7.870833333333334
1481,53    Eri,BD-14  933,3.87,69.54166666666667,-14.30388888888889
1482,,BD+48 1128,5.67,70.35000000000001,48.30083333333333
1483,,BD-12  955,5.01,69.72083333333332,-12.123055555555556
1484,93    Tau,BD+11  639,5.46,70.0125,12.197777777777778
1487,,BD-14  936,5.45,69.82916666666667,-14.359166666666667
1488,,BD-01  689,6.1,69.94583333333334,-1.0527777777777778
1489,,BD+37  954,5.99,70.45833333333334,38.280277777777776
1490,,BD+28  680,5.78,70.32916666666667,28.615000000000002
1491,,BD+75  189,6.06,72.20833333333334,75.94111111111111
1492,,CP-62  372,5.4,69.1875,-62.0775
1493,,BD+49 1230,5.87,70.8375,49.973888888888894
1494,59    Per,BD+43 1043,5.29,70.725,43.365
1495,,CD-24 2488,5.58,70.025,-24.482499999999998
1496,54    Eri,BD-19  988,4.32,70.10833333333335,-19.671666666666667
1497,94Tau Tau,BD+22  739,4.28,70.55833333333334,22.956944444444442
1498,,CD-51 1207,6.44,69.76666666666668,-51.672777777777775
1499,95    Tau,BD+23  733,6.13,70.80416666666666,24.08888888888889
1500,,BD+40 1032,6.08,71.05,40.786944444444444
1502,Alp Cae,CD-42 1587,4.45,70.1375,-41.86388888888889
1503,Bet Cae,CD-37 1867,5.05,70.5125,-37.144444444444446
1507,,BD+10  621,5.4,71.10416666666667,11.14611111111111
1508,56    Eri,BD-08  929,5.9,71.02083333333334,-8.50361111111111
1509,,CD-30 1968,5.68,70.78750000000001,-30.765555555555554
1510,,BD+70  322,6.37,72.64999999999999,70.94166666666668
1511,4    Cam,BD+56  973,5.3,72.0,56.757222222222225
1512,,BD+23  739,6.35,71.425,23.628055555555555
1513,,BD-18  906,5.53,71.03333333333335,-18.666666666666668
1514,,BD+40 1045,5.97,71.68333333333334,40.312777777777775
1516,Lam Pic,CD-50 1471,5.31,70.69166666666668,-50.481388888888894
1517,,BD+18  719,6.01,71.56666666666666,18.735
1518,,CD-41 1549,6.25,70.93333333333334,-41.06472222222222
1519,,BD+11  646,5.37,71.50416666666666,11.705555555555556
1520,57Mu  Eri,BD-03  876,4.02,71.375,-3.254722222222222
1521,,BD-21  966,5.72,71.26666666666667,-21.283611111111114
1522,,BD-03  884,6.33,71.6,-2.9544444444444444
1523,,BD+80  155,5.07,75.08333333333333,81.19388888888889
1525,,CD-28 1735,6.19,71.60416666666667,-28.0875
1526,,CD-39 1624,6.05,71.47916666666666,-39.35666666666667
1527,,BD+63  543,5.44,73.02083333333334,63.50527777777778
1528,,BD+32  840,5.86,72.32916666666667,32.58833333333334
1529,,BD+31  816,5.58,72.3,31.43722222222222
1530,Kap Dor,CP-59  376,5.27,71.0875,-59.73277777777778
1531,,CP-77  181,6.05,69.58749999999999,-77.65611111111112
1532,58    Eri,BD-17  954,5.51,71.89999999999999,-16.934444444444445
1533,,BD+37  969,4.88,72.475,37.48833333333334
1534,,BD+03  681,6.03,72.18333333333334,3.5883333333333334
1535,,BD+48 1162,5.66,72.7875,48.740833333333335
1536,,BD-05 1044,5.78,72.14999999999999,-5.673888888888889
1537,96    Tau,BD+15  687,6.08,72.43333333333334,15.904166666666667
1538,59    Eri,BD-16  956,5.77,72.13333333333333,-16.329444444444444
1539,Zet Cae,CD-30 2011,6.37,71.95416666666667,-30.02027777777778
1540,,CP-63  365,6.46,71.2375,-63.22972222222222
1541,Mu  Men,CP-71  282,5.54,70.7625,-70.93111111111112
1542,9Alp Cam,BD+66  358,4.29,73.5125,66.34277777777777
1543,1Pi 3Ori,BD+06  762,3.19,72.45833333333334,6.961388888888889
1544,2Pi 2Ori,BD+08  777,4.36,72.64999999999999,8.900277777777777
1545,,BD-14  970,6.26,72.425,-13.769722222222223
1546,,BD+52  891,6.41,73.2875,52.840833333333336
1547,97    Tau,BD+18  743,5.1,72.84166666666667,18.83972222222222
1549,60    Eri,BD-16  964,5.03,72.54583333333332,-16.21722222222222
1550,,BD+42 1081,5.71,73.19583333333334,42.586666666666666
1551,2    Aur,BD+36  952,4.78,73.15833333333333,36.70305555555556
1552,3Pi 4Ori,BD+05  745,3.69,72.79999999999998,5.6049999999999995
1553,,BD+09  668,6.11,72.92916666666666,9.975
1554,,BD+27  701,5.97,73.19583333333334,27.8975
1555,5    Cam,BD+55  941,5.52,73.7625,55.259166666666665
1556,4Omi1Ori,BD+14  777,4.74,73.13333333333334,14.250555555555556
1557,,CD-41 1593,6.07,72.56666666666666,-41.32083333333334
1558,,BD+43 1116,6.08,73.7125,44.06083333333333
1559,,CD-35 1962,5.86,72.86666666666666,-34.906388888888884
1560,61Ome Eri,BD-05 1068,4.39,73.22083333333333,-5.452777777777778
1561,,BD+52  898,5.75,74.02916666666667,52.86944444444445
1562,5    Ori,BD+02  800,5.33,73.34166666666665,2.5080555555555555
1563,Iot Pic,CP-53  760,5.61,72.72916666666666,-53.46138888888889
1564,Iot Pic,CP-53  760,6.42,72.73333333333332,-53.459722222222226
1566,,BD+19  811,6.37,73.74166666666667,19.485277777777778
1567,8Pi 5Ori,BD+02  810,3.72,73.5625,2.4405555555555556
1568,7    Cam,BD+53  829,4.47,74.32083333333334,53.75222222222222
1569,6    Ori,BD+11  675,5.19,73.69166666666668,11.42611111111111
1570,7Pi 1Ori,BD+09  683,4.65,73.72083333333333,10.150833333333333
1571,,BD+07  755,5.33,73.69583333333334,7.779166666666667
1572,,BD+74  229,6.06,75.58333333333333,74.26916666666666
1573,,BD+35  930,6.07,74.07916666666667,36.16888888888889
1574,,BD+00  893,5.99,73.70833333333334,0.4675
1575,,BD+24  709,6.37,74.0625,24.592222222222222
1576,,BD+14  787,5.81,73.95833333333334,15.04
1577,3Iot Aur,BD+32  855,2.69,74.24583333333334,33.16611111111111
1579,,BD-16  991,5.7,73.775,-16.740555555555556
1580,9Omi2Ori,BD+13  740,4.07,74.09166666666667,13.514444444444445
1581,,BD-16  992,5.72,73.825,-16.41777777777778
1582,62    Eri,BD-05 1091,5.51,74.10000000000001,-5.171388888888889
1584,,CD-39 1691,6.1,73.725,-39.62861111111111
1585,,BD+16  672,5.48,74.34166666666667,17.15361111111111
1586,99    Tau,BD+23  777,5.79,74.45,23.948611111111113
1588,8    Cam,BD+52  906,6.08,74.94166666666668,53.15555555555555
1590,98    Tau,BD+24  717,5.81,74.53750000000001,25.05027777777778
1591,,BD-01  762,6.23,74.32083333333334,-1.0672222222222223
1592,4Ome Aur,BD+37 1005,4.94,74.8125,37.890277777777776
1593,,BD+60  853,6.03,75.39583333333333,61.07805555555556
1594,,BD+66  370,6.19,75.70833333333334,66.82277777777777
1595,,BD-14 1003,6.15,74.43333333333334,-14.231388888888889
1596,,BD-02 1080,6.35,74.54166666666667,-2.2125000000000004
1597,,CP-58  437,6.12,73.72083333333333,-58.54722222222222
1598,,CP-66  338,6.41,73.375,-66.67555555555556
1599,5    Aur,BD+39 1133,5.95,75.075,39.39472222222222
1600,,BD+14  796,6.09,74.74583333333334,14.542777777777777
1601,10Pi 6Ori,BD+01  872,4.47,74.63333333333333,1.7141666666666666
1603,10Bet Cam,BD+60  856,4.03,75.85416666666667,60.44222222222222
1604,,BD-16 1013,5.66,74.75416666666666,-16.375833333333333
1605,7Eps Aur,BD+43 1166,2.99,75.49166666666666,43.82333333333334
1606,,CP-72  332,6.28,73.27083333333333,-72.4075
1608,63    Eri,BD-10 1066,5.38,74.95833333333334,-10.263333333333334
1611,64    Eri,BD-12 1047,4.79,74.97916666666666,-12.5375
1612,8Zet Aur,BD+40 1142,3.75,75.61666666666667,41.075833333333335
1613,,BD-02 1095,6.32,75.1625,-2.0655555555555556
1614,,BD-05 1123,6.22,75.20416666666667,-5.753333333333333
1615,,BD+41 1044,6.14,75.82499999999999,41.44166666666666
1617,65Psi Eri,BD-07  948,4.81,75.35833333333333,-7.173888888888889
1618,,BD+00  923,5.92,75.45833333333334,0.7222222222222222
1619,,BD+01  886,6.24,75.5,1.608888888888889
1620,102Iot Tau,BD+21  751,4.64,75.77083333333333,21.59
1621,,BD-20  990,4.91,75.35416666666667,-20.051944444444445
1622,11    Cam,BD+58  804,5.08,76.53333333333333,58.972500000000004
1623,12    Cam,BD+58  805,6.08,76.54999999999998,59.02111111111111
1624,,BD+60  857,6.04,76.62083333333334,61.169999999999995
1625,,BD-04 1019,5.85,75.6875,-4.209722222222222
1626,,BD+30  772,6.14,76.05833333333332,30.494722222222222
1628,,CD-26 1975,5.02,75.53750000000001,-26.275
1629,Eta Men,CP-75  290,5.47,73.79583333333333,-74.93694444444445
1631,,CD-39 1744,6.03,75.39166666666667,-39.71805555555556
1633,,BD+21  755,6.19,76.08749999999999,21.278055555555554
1634,1    Lep,BD-22 1960,5.75,75.68333333333334,-22.795
1635,,CD-31 2163,5.94,75.59166666666667,-31.77138888888889
1636,,BD+69  302,6.41,77.4,69.63944444444445
1637,9    Aur,BD+51 1024,5.0,76.66666666666666,51.59777777777778
1638,11    Ori,BD+15  732,4.68,76.14166666666665,15.404166666666667
1640,,BD-14 1027,6.41,75.96666666666665,-14.369444444444445
1641,10Eta Aur,BD+41 1058,3.17,76.625,41.23444444444444
1642,,BD+19  847,6.44,76.38333333333333,19.80638888888889
1643,,BD+73  274,5.43,78.09166666666667,73.94666666666667
1644,,BD+42 1170,6.2,76.70416666666667,43.17472222222222
1645,,CD-24 2795,5.61,75.97083333333333,-24.387777777777778
1646,,BD-03  998,6.05,76.225,-3.039722222222222
1647,,BD+64  500,6.41,77.43333333333334,64.91944444444445
1648,,BD+00  939,6.17,76.34583333333333,1.1775
1649,Eta1Pic,CD-49 1541,5.38,75.7,-49.15138888888889
1650,,BD+76  190,6.37,78.64583333333333,76.47277777777778
1651,,CD-41 1690,6.31,75.975,-41.745
1652,Gam1Cae,CD-35 2089,4.55,76.1,-35.483333333333334
1653,Gam2Cae,CD-35 2090,6.34,76.10833333333333,-35.70527777777778
1654,2Eps Lep,BD-22 1000,3.19,76.3625,-22.371111111111112
1655,,CD-26 2005,5.73,76.31666666666666,-26.1525
1656,104    Tau,BD+18  779,5.0,76.8625,18.645
1657,66    Eri,BD-04 1044,5.12,76.6875,-4.655
1658,106    Tau,BD+20  885,5.3,76.95,20.418333333333333
1659,103    Tau,BD+24  755,5.5,77.025,24.26527777777778
1660,105    Tau,BD+21  766,5.89,76.97916666666666,21.704722222222223
1661,,BD-13 1063,6.05,76.64999999999999,-13.121944444444445
1662,13    Ori,BD+09  736,6.17,76.90833333333333,9.471944444444444
1663,Eta2Pic,CD-49 1562,5.03,76.24166666666666,-49.57777777777778
1664,14    Ori,BD+08  866,5.34,76.96666666666665,8.498333333333333
1665,,BD-12 1076,5.97,76.85416666666666,-12.490555555555554
1666,67Bet Eri,BD-05 1162,2.79,76.9625,-5.086388888888888
1667,,CP-54  768,6.27,76.25,-54.4075
1668,,BD+46  970,5.68,77.67500000000001,46.96222222222222
1669,,BD+37 1067,6.02,77.575,37.301944444444445
1670,,BD+27  732,6.01,77.43750000000001,28.030555555555555
1671,,BD-08 1037,5.78,77.08333333333334,-8.665000000000001
1672,16    Ori,BD+09  743,5.43,77.32916666666667,9.829444444444444
1673,68    Eri,BD-04 1056,5.12,77.17916666666667,-4.456111111111111
1674,Zet Dor,CP-57  735,4.72,76.375,-57.47277777777778
1675,,BD+61  766,6.17,78.2625,61.85
1676,15    Ori,BD+15  752,4.82,77.42500000000001,15.597222222222223
1677,Bet Men,CP-71  309,5.31,75.67916666666666,-71.31444444444445
1679,69Lam Eri,BD-08 1040,4.27,77.28333333333335,-8.754166666666666
1681,,BD-00  867,6.1,77.5125,-0.5652777777777778
1682,,CP-78  165,6.29,75.05416666666666,-78.30027777777778
1684,,BD+15  759,5.18,77.92083333333333,16.045555555555556
1685,,BD-02 1161,6.25,77.74166666666667,-2.253888888888889
1686,,BD+79  169,5.05,80.63749999999999,79.23111111111112
1687,,BD-02 1165,5.9,77.82916666666667,-2.4908333333333332
1688,,BD+59  857,6.15,78.79583333333332,59.40555555555555
1689,11Mu  Aur,BD+38 1063,4.86,78.35416666666667,38.48444444444444
1691,,BD+00  975,5.89,77.9375,1.0369444444444444
1692,,BD+53  872,6.2,78.68333333333334,53.21388888888889
1693,,BD-12 1092,5.68,77.84166666666667,-11.849166666666667
1694,,CD-26 2045,6.41,77.68333333333334,-25.909444444444443
1695,,CP-63  420,5.2,76.89166666666665,-63.39972222222222
1696,3Iot Lep,BD-12 1095,4.45,78.07083333333334,-11.869166666666667
1697,,BD-06 1109,5.91,78.2,-6.057222222222222
1698,17Rho Ori,BD+02  888,4.46,78.32083333333333,2.861111111111111
1700,,CP-73  286,6.27,76.5375,-73.03777777777778
1701,,BD+01  938,6.09,78.37916666666666,1.9680555555555557
1702,5Mu  Lep,BD-16 1072,3.31,78.22916666666667,-16.205555555555556
1703,,BD+00  988,6.32,78.44583333333334,0.5602777777777779
1704,,BD-08 1059,6.37,78.3875,-8.147777777777778
1705,4Kap Lep,BD-13 1092,4.36,78.30416666666666,-12.94138888888889
1706,14    Aur,BD+32  922,5.02,78.85000000000001,32.687777777777775
1708,13Alp Aur,BD+45 1077,0.08,79.17083333333333,45.99805555555556
1709,,BD+04  877,5.5,78.68333333333334,5.1561111111111115
1710,,BD-14 1074,6.21,78.49583333333334,-14.606666666666666
1711,108    Tau,BD+22  864,6.27,78.86250000000001,22.284722222222225
1712,,BD+34  980,5.96,79.075,34.31194444444444
1713,19Bet Ori,BD-08 1063,0.12,78.63333333333333,-8.201666666666666
1716,Xi  Men,CP-82  106,5.85,74.70833333333334,-82.47055555555556
1717,,BD-01  837,6.15,78.825,-1.4091666666666667
1718,18    Ori,BD+11  756,5.56,79.01666666666667,11.34138888888889
1719,15    Cam,BD+57  874,6.13,79.8625,58.117222222222225
1720,,BD+62  742,5.61,80.09166666666667,62.65361111111111
1721,,CD-36 2127,5.76,78.61666666666667,-35.977222222222224
1722,,BD+42 1239,5.48,79.5625,42.79222222222222
1723,,CD-27 2161,5.07,78.85000000000001,-26.943333333333335
1724,,BD+01  957,6.42,79.17083333333333,1.9472222222222222
1725,,BD+40 1240,6.18,79.66666666666666,40.465
1726,16    Aur,BD+33 1000,4.54,79.54166666666667,33.37166666666667
1727,,CP-52  677,6.05,78.47083333333333,-52.03111111111111
1728,17    Aur,BD+33 1002,6.14,79.57499999999999,33.76722222222222
1729,15Lam Aur,BD+39 1248,4.71,79.78333333333333,40.09916666666667
1732,,BD+33 1008,5.41,79.75,33.748333333333335
1734,18    Aur,BD+33 1010,6.49,79.84583333333333,33.98555555555556
1735,20Tau Ori,BD-07 1028,3.6,79.39999999999999,-6.844444444444444
1737,,BD-13 1116,5.5,79.41666666666666,-13.519722222222223
1738,,BD+40 1253,5.52,80.05833333333332,41.086111111111116
1739,109    Tau,BD+21  816,4.94,79.81666666666666,22.09638888888889
1740,19    Aur,BD+33 1013,5.03,80.0,33.95805555555556
1741,,BD+19  893,6.08,79.80833333333332,20.134722222222223
1742,,CP-52  683,6.49,78.90833333333333,-52.18194444444444
1743,Omi Col,CD-35 2214,4.83,79.37083333333334,-34.89527777777778
1744,The Dor,CP-67  401,4.83,78.4375,-67.18527777777778
1746,21    Ori,BD+02  916,5.34,79.79583333333332,2.5958333333333337
1747,,BD-18 1051,5.96,79.70833333333334,-18.13
1748,,BD-01  859,6.34,79.89583333333333,-1.412222222222222
1749,20Rho Aur,BD+41 1162,5.23,80.45,41.80444444444444
1750,,BD+27  758,6.33,80.24583333333332,27.95722222222222
1751,16    Cam,BD+57  879,5.28,80.86250000000001,57.544444444444444
1753,,BD-18 1055,6.36,79.82083333333333,-18.52
1755,,BD+19  902,6.18,80.23333333333332,19.81416666666667
1756,6Lam Lep,BD-13 1127,4.29,79.89166666666665,-13.176666666666666
1757,7Nu  Lep,BD-12 1132,5.3,79.99583333333332,-12.315555555555557
1758,,CD-27 2204,5.99,79.84583333333333,-27.36888888888889
1759,,BD-05 1225,6.39,80.10833333333333,-5.366666666666666
1760,,BD+40 1268,5.54,80.70833333333333,41.029444444444444
1762,,BD-21 1135,4.71,80.10833333333333,-21.239444444444445
1763,,BD+08  933,5.8,80.42916666666666,8.42861111111111
1764,,BD-00  929,5.68,80.37916666666665,-0.4163888888888889
1765,22    Ori,BD-00  930,4.73,80.4375,-0.38249999999999995
1766,,CD-34 2198,6.34,80.08333333333333,-34.69888888888889
1767,Zet Pic,CD-50 1723,5.45,79.84166666666667,-50.60611111111111
1768,22    Aur,BD+28  788,6.46,80.84166666666667,28.936666666666667
1770,23    Ori,BD+03  871,5.0,80.70833333333333,3.5444444444444443
1771,,CD-24 3023,5.06,80.44166666666666,-24.773055555555555
1772,,CD-34 2207,6.09,80.31666666666666,-34.34527777777778
1773,21Sig Aur,BD+37 1175,4.99,81.16250000000001,37.385555555555555
1774,110    Tau,BD+16  765,6.08,80.90416666666667,16.699444444444445
1775,,BD+31  954,6.28,81.15833333333333,31.223888888888887
1776,,BD+31  955,5.94,81.15833333333333,31.143055555555556
1777,,BD+05  905,6.35,80.87916666666666,5.3225
1778,,BD-08 1107,5.9,80.825,-8.415833333333333
1780,111    Tau,BD+17  920,4.99,81.10416666666667,17.383333333333333
1781,,BD-00  936,5.7,80.92500000000001,-0.1597222222222222
1782,,BD-01  882,6.11,80.9625,-0.8672222222222222
1783,8    Lep,BD-14 1119,5.25,80.87500000000001,-13.927222222222222
1784,29    Ori,BD-07 1064,4.14,80.98333333333333,-7.808055555555556
1785,,CD-26 2185,6.49,80.8,-26.70583333333333
1786,,BD+02  947,6.32,81.15,2.352777777777778
1787,27    Ori,BD-01  886,5.08,81.11666666666667,-0.8913888888888889
1788,28Eta Ori,BD-02 1235,3.36,81.11666666666667,-2.3969444444444443
1789,25Psi1Ori,BD+01 1005,4.95,81.18333333333334,1.846388888888889
1790,24Gam Ori,BD+06  919,1.64,81.27916666666667,6.349722222222222
1791,112Bet Tau,BD+28  795,1.65,81.57083333333334,28.6075
1792,,BD-17 1117,5.65,81.11666666666667,-16.97611111111111
1793,,CD-39 1940,5.71,80.85000000000001,-39.67861111111111
1794,,BD+35 1102,6.15,81.725,35.45722222222223
1795,,BD+34 1040,5.94,81.7,34.391666666666666
1796,,BD+33 1045,6.15,81.7125,33.26277777777778
1798,113    Tau,BD+16  775,6.25,81.52083333333334,16.700277777777778
1799,,BD-10 1178,5.61,81.25416666666668,-10.329166666666666
1801,Kap Pic,CP-56  840,6.11,80.59166666666667,-56.13444444444444
1802,17    Cam,BD+62  759,5.42,82.54166666666667,63.06722222222223
1803,,BD+00 1056,6.16,81.44583333333334,0.5208333333333334
1804,,BD+30  898,5.74,81.78333333333335,30.20861111111111
1805,24Phi Aur,BD+34 1048,5.07,81.90833333333333,34.475833333333334
1806,,BD-05 1247,6.23,81.50833333333334,-5.5183333333333335
1807,,BD+06  923,6.42,81.65833333333333,6.8691666666666675
1808,115    Tau,BD+17  928,5.42,81.79166666666667,17.96222222222222
1809,,BD+15  822,6.16,81.80416666666666,15.257777777777777
1810,114    Tau,BD+21  847,4.88,81.90833333333333,21.936944444444446
1811,30Psi2Ori,BD+02  962,4.59,81.70833333333334,3.095555555555556
1812,,BD-19 1173,5.89,81.49583333333334,-19.695555555555554
1813,,CD-44 2036,6.08,81.22916666666667,-44.225833333333334
1814,116    Tau,BD+15  826,5.5,81.9375,15.874166666666667
1816,117    Tau,BD+17  931,5.77,82.00416666666666,17.23888888888889
1817,,BD-12 1169,6.35,81.76666666666667,-11.900833333333333
1818,The Pic,CP-52  718,6.27,81.19166666666668,-52.31638888888889
1819,,BD+13  903,6.35,82.14166666666667,13.678888888888888
1820,,BD+01 1021,6.41,82.00416666666666,1.2983333333333331
1821,118    Tau,BD+25  839,5.47,82.31666666666666,25.150555555555552
1822,,BD+29  909,6.24,82.41666666666667,29.18638888888889
1823,,BD-21 1174,6.07,81.9,-21.375555555555557
1824,,BD+41 1206,6.0,82.7,41.46194444444445
1825,,BD+39 1322,6.37,82.6875,39.825833333333335
1826,,BD-03 1115,6.39,82.23333333333333,-3.3074999999999997
1827,,CD-41 1884,5.87,81.77083333333334,-40.94361111111111
1828,18    Cam,BD+57  889,6.48,83.13749999999999,57.221111111111114
1829,9Bet Lep,BD-20 1096,2.84,82.05833333333334,-20.759444444444444
1830,,BD-03 1116,5.79,82.34583333333333,-3.446388888888889
1831,,BD+22  925,6.29,82.67916666666667,22.4625
1832,,BD+15  837,5.94,82.60833333333333,15.360277777777778
1833,,BD+01 1032,5.78,82.475,1.7891666666666666
1834,31    Ori,BD-01  913,4.71,82.43333333333334,-1.0922222222222222
1835,,CD-37 2220,5.57,82.0625,-37.230555555555554
1836,Lam Dor,CP-59  472,5.14,81.57916666666667,-58.9125
1837,,BD+04  949,6.21,82.57916666666667,4.204166666666667
1839,32    Ori,BD+05  939,4.2,82.69583333333334,5.948055555555555
1840,,BD-07 1099,6.33,82.58333333333333,-7.434722222222223
1842,33    Ori,BD+03  948,5.46,82.80833333333332,3.292222222222222
1843,25Chi Aur,BD+32 1024,4.76,83.17916666666666,32.19194444444444
1844,,BD+74  252,6.17,84.92916666666667,75.04388888888889
1845,119    Tau,BD+18  875,4.38,83.05,18.594444444444445
1848,,BD-06 1207,6.22,82.83333333333333,-6.708333333333334
1849,10    Lep,BD-20 1105,5.55,82.77916666666667,-20.863611111111112
1850,,BD+32 1028,6.48,83.3625,32.801111111111105
1852,34Del Ori,BD-00  983,2.23,83.0,-0.29916666666666664
1853,,BD+66  401,6.26,84.31666666666668,66.69611111111111
1854,,BD+34 1083,6.27,83.40833333333333,34.725833333333334
1855,36Ups Ori,BD-07 1106,4.62,82.97916666666666,-7.301388888888889
1856,,CD-47 1884,5.46,82.53750000000001,-47.07777777777778
1857,19    Cam,BD+64  536,6.15,84.3125,64.15472222222223
1858,120    Tau,BD+18  877,5.69,83.37916666666666,18.540277777777778
1859,,CP-68  375,6.03,81.75,-68.62277777777777
1860,,BD+20  989,6.18,83.40833333333333,20.474166666666665
1861,,BD-01  935,5.35,83.17083333333333,-1.5919444444444446
1862,Eps Col,CD-35 2348,3.87,82.8,-35.470555555555556
1863,,BD-01  939,6.46,83.27916666666667,-1.7183333333333335
1864,35    Ori,BD+14  947,5.64,83.475,14.305555555555557
1865,11Alp Lep,BD-17 1166,2.58,83.17916666666666,-17.822222222222223
1866,,BD+54  914,5.73,84.14583333333333,54.428888888888885
1868,,BD-01  943,5.34,83.37916666666666,-1.156111111111111
1869,,BD+47 1178,6.11,84.06249999999999,47.71527777777778
1870,,CD-46 1892,5.86,82.89999999999999,-45.92527777777777
1872,38    Ori,BD+03  964,5.36,83.56666666666666,3.7669444444444444
1873,,BD-01  949,6.22,83.5125,-1.0355555555555556
1874,,BD-01  950,5.93,83.51666666666667,-1.4705555555555556
1875,121    Tau,BD+23  954,5.38,83.8625,24.039444444444445
1876,37Phi1Ori,BD+09  877,4.41,83.70416666666667,9.489444444444443
1877,,CD-38 2085,5.48,83.2125,-38.51305555555555
1878,,BD+27  806,6.27,83.97916666666666,27.66222222222222
1879,39Lam Ori,BD+09  879,3.54,83.78333333333333,9.934166666666666
1880,39Lam Ori,BD+09  879,5.61,83.78333333333333,9.935
1881,,CD-35 2367,5.78,83.27916666666667,-35.13972222222222
1882,,CP-64  452,6.19,82.5625,-63.92777777777778
1883,,BD+10  818,5.6,83.80416666666666,10.239999999999998
1884,,BD+40 1346,6.09,84.21666666666665,40.18222222222222
1885,,BD+85   80,6.11,90.33333333333333,85.18222222222222
1886,,BD-06 1233,5.67,83.75,-6.009166666666666
1887,,BD-06 1234,4.78,83.75833333333333,-6.001944444444445
1889,,BD+25  879,6.49,84.125,25.939444444444444
1891,,BD-04 1184,6.24,83.84166666666667,-4.425277777777778
1892,42    Ori,BD-04 1185,4.59,83.84583333333333,-4.838333333333333
1895,41The1Ori,BD-05 1315,5.13,83.81666666666666,-5.389722222222223
1897,43The2Ori,BD-05 1319,5.08,83.84166666666667,-5.416111111111111
1898,,BD-04 1186,6.38,83.87916666666666,-4.3647222222222215
1899,44Iot Ori,BD-06 1241,2.77,83.85833333333333,-5.91
1900,,BD-03 1146,6.4,83.89583333333333,-3.2527777777777778
1901,45    Ori,BD-04 1188,5.26,83.9125,-4.855833333333333
1902,,BD+26  870,5.83,84.28333333333335,26.924166666666668
1903,46Eps Ori,BD-01  969,1.7,84.04999999999998,-1.2019444444444445
1904,,BD+33 1102,6.33,84.43750000000001,33.55916666666666
1905,122    Tau,BD+16  822,5.54,84.2625,17.040277777777778
1907,40Phi2Ori,BD+09  898,4.09,84.225,9.290555555555555
1908,,BD+10  828,5.94,84.26666666666668,11.035
1909,,CD-33 2414,5.78,83.81249999999999,-33.080000000000005
1910,123Zet Tau,BD+21  908,3.0,84.40833333333333,21.1425
1911,,BD-06 1255,5.72,84.14583333333333,-6.0649999999999995
1912,,CP-54  854,6.43,83.43333333333334,-54.90222222222222
1913,,BD+08 1016,6.12,84.32916666666668,8.951944444444443
1914,26    Aur,BD+30  963,5.4,84.65833333333333,30.4925
1915,,CD-28 2298,6.26,84.04166666666667,-28.70777777777778
1916,,BD+65  485,5.6,85.60833333333333,65.69777777777779
1917,,CP-64  456,5.34,83.24583333333334,-64.2275
1918,,BD-06 1262,6.05,84.36250000000001,-5.9383333333333335
1919,,BD-11 1238,6.11,84.28333333333335,-11.775555555555556
1920,,BD+07  953,5.88,84.50416666666666,7.541388888888889
1922,Bet Dor,CP-62  487,3.76,83.40416666666667,-62.48972222222222
1923,,BD-04 1196,6.19,84.47083333333333,-4.813611111111111
1924,,BD+29  947,5.96,84.825,29.21527777777778
1925,,BD+53  934,6.23,85.33333333333334,53.48111111111111
1926,Nu 1Col,CD-27 2389,6.16,84.31666666666668,-27.87138888888889
1927,,CD-47 1940,6.11,84.00833333333333,-47.31388888888888
1928,125    Tau,BD+25  902,5.18,84.93333333333334,25.896944444444443
1931,48Sig Ori,BD-02 1326,3.81,84.68333333333332,-2.6
1933,,BD-06 1275,5.96,84.65416666666665,-6.573888888888889
1934,47Ome Ori,BD+04 1002,4.57,84.79583333333333,4.121388888888888
1935,Nu 2Col,CD-28 2321,5.31,84.43333333333334,-28.689444444444444
1936,,CP-61  488,6.32,83.7375,-61.17583333333333
1937,49    Ori,BD-07 1142,4.8,84.72083333333332,-7.213055555555556
1938,,BD+31 1048,6.04,85.14583333333333,31.358055555555556
1939,,BD+31 1049,6.11,85.17500000000001,31.920833333333334
1940,,BD-03 1166,6.0,84.87916666666666,-3.564722222222222
1941,24    Cam,BD+56 1050,6.05,85.75416666666666,56.58166666666667
1943,23    Cam,BD+61  816,6.15,86.03333333333335,61.47666666666667
1944,,BD-17 1199,6.38,84.81666666666666,-17.849444444444444
1945,,BD+29  953,6.43,85.3375,29.4875
1946,126    Tau,BD+16  841,4.86,85.32083333333334,16.53388888888889
1947,,CD-40 1999,5.82,84.67916666666666,-40.7075
1950,,BD-02 1337,6.22,85.15416666666667,-2.8249999999999997
1952,,BD-01 1004,4.95,85.20833333333334,-1.1288888888888888
1953,Gam Men,CP-76  333,5.19,82.96666666666665,-76.3411111111111
1955,,BD+00 1152,5.93,85.27083333333334,0.33777777777777773
1956,Alp Col,CD-34 2375,2.64,84.90833333333333,-34.07416666666667
1958,,CD-32 2479,5.45,84.95416666666668,-32.62916666666667
1959,,BD-02 1346,6.42,85.41666666666667,-2.8961111111111113
1960,,CP-66  439,6.31,84.225,-66.56027777777777
1961,,BD+23 1015,6.21,85.82916666666667,23.204166666666666
1962,,BD-16 1208,6.21,85.42083333333333,-16.725555555555555
1963,51    Ori,BD+01 1105,4.91,85.61666666666667,1.4747222222222223
1964,,CP-73  316,5.78,83.68333333333334,-73.74138888888889
1965,,BD-17 1214,6.15,85.55833333333334,-17.530277777777776
1966,,CD-33 2483,6.34,85.36250000000001,-33.400555555555556
1967,,BD-06 1293,6.02,85.72083333333333,-6.796111111111111
1968,12    Lep,BD-22 1194,5.87,85.55416666666666,-22.37361111111111
1969,26    Cam,BD+56 1058,5.94,86.625,56.11555555555556
1970,,BD-01 1012,6.31,85.78750000000001,-1.6130555555555557
1971,27Omi Aur,BD+49 1398,5.47,86.475,49.82638888888889
1972,,CD-30 2571,6.19,85.54583333333333,-30.535555555555558
1973,,CD-34 2401,5.29,85.5625,-34.66777777777777
1975,,BD-18 1172,5.73,85.8375,-18.5575
1978,,BD+03 1025,6.09,86.25416666666666,4.008055555555556
1979,,BD+42 1396,6.29,86.80833333333332,42.526666666666664
1980,,BD-20 1171,6.34,86.11666666666667,-20.12638888888889
1981,,CD-39 2140,6.25,85.87500000000001,-39.40694444444444
1982,,BD-22 1210,6.15,86.10833333333333,-22.421666666666667
1983,13Gam Lep,BD-22 1211,3.6,86.11250000000001,-22.448333333333334
1984,,CD-45 2131,6.39,85.92083333333333,-45.83305555555556
1985,129    Tau,BD+15  926,6.0,86.6875,15.8225
1986,,BD-04 1235,6.34,86.50833333333334,-4.2683333333333335
1987,,BD+09  954,5.79,86.71666666666665,9.522222222222224
1988,,BD+01 1126,5.95,86.64583333333333,1.1680555555555556
1989,131    Tau,BD+14 1025,5.72,86.80416666666666,14.488333333333333
1990,130    Tau,BD+17 1004,5.49,86.85833333333333,17.729166666666664
1991,Iot Men,CP-78  195,6.05,83.89999999999999,-78.82083333333333
1993,133    Tau,BD+13  979,5.29,86.925,13.899722222222222
1994,,BD+68  412,6.2,88.22916666666667,68.4713888888889
1995,29Tau Aur,BD+39 1418,4.52,87.29166666666667,39.18111111111111
1996,Mu  Col,CD-32 2538,5.17,86.49583333333334,-32.30638888888888
1997,,BD+20 1105,6.07,87.09166666666667,20.869444444444444
1998,14Zet Lep,BD-14 1232,3.55,86.7375,-14.821944444444444
1999,52    Ori,BD+06 1027,5.27,87.0,6.454166666666667
2000,,BD-16 1244,6.17,86.77916666666667,-16.23777777777778
2001,,BD-10 1281,6.03,86.85833333333333,-10.533055555555556
2002,132    Tau,BD+24  970,4.86,87.25416666666666,24.5675
2003,,BD+51 1117,6.29,87.73333333333332,51.514722222222225
2004,53Kap Ori,BD-09 1235,2.06,86.9375,-9.669722222222221
2005,,CD-28 2449,6.22,86.76666666666667,-28.639166666666664
2006,30    Cam,BD+58  863,6.14,88.07083333333334,58.96416666666667
2007,,BD-04 1244,5.97,87.14166666666667,-4.094722222222222
2008,,CD-46 1999,5.31,86.6125,-46.59722222222222
2009,,CD-35 2509,6.32,86.825,-35.67472222222222
2010,134    Tau,BD+12  912,4.91,87.38333333333333,12.651111111111112
2011,31Ups Aur,BD+37 1336,4.74,87.75833333333333,37.30555555555555
2012,32Nu  Aur,BD+39 1429,3.97,87.87083333333334,39.14861111111111
2013,,BD+27  888,5.56,87.74166666666666,27.967777777777776
2014,,BD+09  978,5.8,87.50833333333333,9.871111111111112
2015,Del Dor,CP-65  496,4.35,86.19166666666668,-65.73555555555555
2016,135    Tau,BD+14 1041,5.52,87.61666666666667,14.305555555555557
2018,,BD+32 1109,6.25,87.85416666666666,32.125
2019,,BD+04 1052,5.97,87.55416666666666,4.423333333333334
2020,Bet Pic,CD-51 1620,3.85,86.82083333333333,-51.06638888888889
2021,,BD-14 1251,5.49,87.39999999999999,-14.48361111111111
2022,Pi  Men,CP-80  161,5.65,84.28750000000001,-80.46916666666667
2023,,CP-54  892,6.18,86.80416666666666,-54.36083333333333
2024,,BD+01 1148,5.98,87.625,2.0244444444444443
2026,,CD-23 3135,5.87,87.47083333333333,-22.971666666666664
2027,31    Cam,BD+59  920,5.2,88.7375,59.888333333333335
2028,,BD+33 1179,5.98,88.16666666666667,33.9175
2029,30Xi  Aur,BD+55 1027,4.99,88.70833333333334,55.706944444444446
2030,,BD+19 1110,6.06,88.09583333333335,19.868055555555557
2031,55    Ori,BD-07 1187,5.35,87.84166666666667,-7.518055555555556
2032,,CD-44 2274,6.38,87.39166666666665,-44.875277777777775
2033,137    Tau,BD+14 1060,5.59,88.09166666666667,14.171666666666667
2034,136    Tau,BD+27  899,4.58,88.32916666666665,27.612222222222222
2035,15Del Lep,BD-20 1211,3.81,87.82916666666667,-20.879166666666666
2036,,BD-22 1246,6.17,87.86666666666666,-22.926111111111112
2037,56    Ori,BD+01 1151,4.78,88.10833333333335,1.855
2039,,BD-09 1255,5.97,88.02916666666668,-9.04138888888889
2040,Bet Col,CD-35 2546,3.12,87.7375,-35.76833333333333
2041,,BD+66  413,6.25,89.39583333333333,66.0961111111111
2042,Gam Pic,CP-56  946,4.51,87.45416666666667,-56.166666666666664
2043,,CD-29 2556,6.45,87.99583333333332,-29.448611111111113
2044,,CP-52  791,6.35,87.61666666666667,-52.76777777777777
2046,,BD+31 1139,5.9,88.74583333333334,31.701666666666664
2047,54Chi1Ori,BD+20 1162,4.41,88.59166666666667,20.27611111111111
2048,,BD+10  927,6.12,88.55416666666667,10.586944444444445
2049,,CP-52  794,5.17,87.72083333333332,-52.10888888888889
2051,,BD+03 1071,6.31,88.5625,3.225277777777778
2052,57    Ori,BD+19 1126,5.92,88.73333333333333,19.749722222222225
2053,,CD-37 2457,5.63,88.1375,-37.63111111111111
2054,,BD+49 1423,6.47,89.26666666666667,49.029444444444444
2056,Lam Col,CD-33 2599,4.87,88.27499999999999,-33.80138888888889
2057,,BD+00 1208,6.0,88.68333333333334,0.9683333333333334
2059,,CP-84   75,6.2,82.55416666666666,-84.785
2061,58Alp Ori,BD+07 1055,0.5,88.79166666666667,7.406944444444445
2063,,BD+20 1171a,5.4,88.95416666666668,20.175
2064,Eps Dor,CP-66  463,5.11,87.47083333333333,-66.90111111111112
2065,,BD-11 1321,5.66,88.67916666666667,-11.773888888888889
2066,,BD+28  952,6.32,89.1375,28.942222222222224
2068,,CD-29 2595,6.36,88.55833333333334,-29.147777777777776
2070,,BD-04 1289,5.87,88.87500000000001,-4.616388888888888
2071,,BD-04 1291,6.28,88.89583333333333,-4.788333333333333
2072,,CP-57  901,5.94,88.08333333333334,-57.15611111111111
2073,,CP-64  486,6.36,87.84583333333333,-64.03361111111111
2074,,BD+24 1033,6.02,89.23333333333333,24.249722222222225
2075,,BD+09 1016,5.99,89.11666666666667,9.509722222222223
2076,,BD+11  975,5.87,89.20416666666668,11.521111111111113
2077,33Del Aur,BD+54  970,3.72,89.87916666666666,54.28472222222222
2079,,BD+55 1036,6.44,89.9375,55.32083333333334
2080,,BD+54  971,6.14,89.95,54.54722222222222
2081,,BD+49 1428,5.89,89.8375,49.92444444444444
2082,,CD-39 2260,5.57,88.71666666666667,-39.95805555555556
2084,139    Tau,BD+25 1052,4.82,89.49583333333334,25.953888888888887
2085,16Eta Lep,BD-14 1286,3.71,89.10000000000001,-14.167777777777777
2086,,BD-22 1269,5.96,89.05833333333334,-22.840277777777775
2087,Xi  Col,CD-37 2487,4.97,88.87083333333334,-37.12083333333334
2088,34Bet Aur,BD+44 1328,1.9,89.87916666666666,44.9475
2089,,CD-49 1945,6.1,88.67083333333333,-49.62694444444445
2090,,CD-23 3263,6.36,89.14166666666667,-23.215555555555554
2091,35Pi  Aur,BD+45 1217,4.26,89.98333333333333,45.93694444444444
2092,Sig Col,CD-31 2848,5.5,89.08333333333334,-31.3825
2093,,BD+01 1168,6.22,89.475,1.2244444444444447
2094,,CP-52  805,5.29,88.70833333333334,-52.63527777777778
2095,37The Aur,BD+37 1380,2.62,89.92916666666667,37.212500000000006
2096,,BD+44 1332,6.22,90.07916666666667,44.591944444444444
2097,,BD-01 1078,6.22,89.54583333333333,-0.9941666666666666
2098,,CD-31 2854,6.44,89.20416666666668,-31.97611111111111
2099,,BD+12  968,5.7,89.72083333333333,12.808611111111112
2100,59    Ori,BD+01 1171,5.9,89.60000000000001,1.8369444444444445
2101,36    Aur,BD+47 1227,5.73,90.24166666666666,47.901944444444446
2102,,CP-63  498,4.65,88.525,-63.09
2103,60    Ori,BD+00 1239,5.22,89.70416666666668,0.5530555555555556
2105,,BD+48 1333,5.96,90.42916666666667,48.95944444444445
2106,Gam Col,CD-35 2612,4.36,89.38333333333333,-35.28333333333333
2107,1    Mon,BD-09 1284,6.12,89.75416666666666,-9.382222222222223
2108,2    Mon,BD-09 1285,5.03,89.76666666666667,-9.558333333333334
2111,,BD+27  945,6.05,90.25,27.572222222222223
2112,,BD+49 1441,6.05,90.7,49.90555555555555
2113,,BD-03 1256,4.53,90.0125,-3.0741666666666667
2114,,CP-53  978,6.45,89.30833333333334,-53.42611111111111
2116,,BD+22 1140,6.37,90.42083333333333,22.40083333333333
2117,,CD-44 2363,5.81,89.65416666666667,-44.03444444444444
2118,,BD-12 1337,6.22,90.07083333333333,-12.899722222222222
2119,38    Aur,BD+42 1473,6.1,90.82499999999999,42.91166666666666
2120,Eta Col,CD-42 2266,3.96,89.78333333333335,-42.81527777777777
2121,,BD+59  937,6.34,91.28333333333333,59.393055555555556
2122,,BD+32 1166,6.24,90.72916666666666,32.63583333333333
2123,,BD+51 1146,6.45,91.12083333333334,51.57333333333334
2124,61Mu  Ori,BD+09 1064,4.12,90.59583333333333,9.647499999999999
2125,Kap Men,CP-79  202,5.47,87.56666666666666,-79.36138888888888
2128,3    Mon,BD-10 1349,4.95,90.45833333333334,-10.598055555555556
2129,,CD-25 2865,6.05,90.30416666666666,-25.41777777777778
2130,64    Ori,BD+19 1186,5.14,90.8625,19.690555555555555
2131,,CD-33 2681,5.55,90.31666666666666,-33.91166666666666
2132,39    Aur,BD+42 1477,5.87,91.2625,42.98166666666667
2133,,BD+11 1009,6.08,90.85,11.680833333333332
2134,1    Gem,BD+23 1170,4.16,91.02916666666667,23.263333333333332
2135,62Chi2Ori,BD+20 1233,4.63,90.97916666666666,20.138333333333332
2136,,BD-14 1315,6.2,90.63749999999999,-14.497222222222222
2137,,BD+37 1405,6.34,91.25833333333333,37.96416666666667
2138,,CD-51 1713,5.67,90.20416666666667,-51.21638888888889
2139,,BD+33 1236,6.23,91.39166666666665,33.59916666666667
2140,,CD-26 2675,5.04,90.8125,-26.284444444444446
2141,,BD+35 1334,6.12,91.53333333333333,35.3875
2142,,BD-06 1391,5.21,91.05416666666666,-6.7091666666666665
2143,40    Aur,BD+38 1377,5.36,91.64583333333333,38.48277777777778
2144,63    Ori,BD+05 1085,5.67,91.24166666666666,5.42
2145,66    Ori,BD+04 1116,5.63,91.24166666666666,4.158611111111111
2146,,BD+29 1112,6.08,91.59166666666667,29.5125
2147,,BD+41 1357,6.12,91.85833333333333,41.85416666666667
2148,17    Lep,BD-16 1349,4.93,91.24583333333332,-16.484444444444446
2149,,CD-32 2743,5.65,91.08333333333333,-32.1725
2150,,BD-10 1368,5.87,91.3625,-10.242777777777777
2151,,CP-60  537,6.45,90.53750000000001,-60.096944444444446
2152,37    Cam,BD+58  897,5.36,92.49583333333334,58.93583333333333
2153,,BD+41 1365,6.36,92.09583333333335,41.05555555555555
2154,,BD-04 1362,5.38,91.65833333333333,-4.193888888888889
2155,18The Lep,BD-14 1331,4.67,91.5375,-14.935277777777777
2157,,CD-45 2300,6.35,91.11666666666667,-45.03666666666666
2158,,CD-45 2302,5.93,91.16666666666666,-45.07888888888889
2159,67Nu  Ori,BD+14 1152,4.42,91.89166666666665,14.768333333333334
2160,,CD-35 2684,5.8,91.3625,-35.51361111111111
2163,,CD-23 3431,5.47,91.63333333333333,-23.110555555555557
2164,,CD-29 2769,5.81,91.52083333333333,-29.75861111111111
2165,36    Cam,BD+65  517,5.32,93.2125,65.71833333333333
2166,,BD-21 1353,5.78,91.7375,-21.81277777777778
2168,19    Lep,BD-19 1361,5.31,91.92083333333332,-19.16583333333333
2169,,BD+22 1198,5.93,92.38333333333333,22.19
2170,,CD-34 2655,5.83,91.76249999999999,-34.31194444444444
2171,Pi 1Col,CD-42 2343,6.12,91.67083333333333,-42.29861111111111
2172,,BD+52 1041,6.3,92.94166666666668,52.64722222222222
2173,3    Gem,BD+23 1226,5.75,92.43333333333334,23.113333333333333
2174,,BD+02 1139,5.73,92.2375,2.4994444444444444
2177,The Col,CD-37 2609,5.02,91.87916666666665,-37.253055555555555
2179,,BD-05 1523,6.17,92.4,-5.711111111111111
2180,,BD-22 1327,5.5,92.2375,-22.427500000000002
2181,Pi 2Col,CD-42 2351,5.5,91.96666666666665,-42.153888888888886
2182,,BD-18 1316,6.35,92.33333333333334,-18.12611111111111
2183,,BD-14 1348,5.56,92.39166666666667,-14.584166666666667
2184,,BD+18 1112,6.33,92.75416666666668,18.129444444444445
2185,5    Gem,BD+24 1151,5.8,92.88333333333333,24.42027777777778
2186,,BD-22 1330,5.71,92.44583333333334,-22.774166666666666
2187,,CD-44 2452,6.27,92.14166666666667,-44.35611111111111
2188,,BD+51 1163,6.04,93.4375,51.1725
2189,,BD+32 1217,5.78,93.08333333333334,32.69333333333333
2191,,BD+13 1151,6.04,92.86250000000001,13.63861111111111
2192,,CD-26 2761,6.27,92.44583333333334,-26.700833333333332
2193,68    Ori,BD+19 1253,5.75,93.00416666666666,19.790555555555557
2194,Eta1Dor,CP-66  493,5.71,91.5375,-66.03972222222222
2195,,BD-06 1439,6.15,92.75416666666668,-6.754166666666666
2196,,CP-62  582,5.05,91.76249999999999,-62.15472222222222
2197,6    Gem,BD+22 1220,6.39,93.07916666666667,22.90833333333333
2198,69    Ori,BD+16 1035,4.95,93.0125,16.130555555555556
2199,70Xi  Ori,BD+14 1187,4.48,92.98333333333333,14.208888888888888
2200,,CD-27 2780,5.72,92.64166666666667,-27.154166666666665
2201,40    Cam,BD+60  938,5.35,93.91666666666667,59.99916666666667
2202,,BD-04 1393,6.18,92.92916666666667,-4.665555555555556
2203,,CD-40 2291,5.58,92.54166666666667,-40.353611111111114
2204,,CD-49 2084,6.49,92.34583333333335,-49.562777777777775
2205,,BD-06 1446,5.05,92.9625,-6.550277777777778
2206,,CD-26 2784,6.09,92.80416666666666,-26.48222222222222
2208,,BD+10 1050,6.45,93.3,10.627500000000001
2209,,BD+69  371,4.8,94.70833333333334,69.31972222222223
2211,,CD-45 2349,6.31,92.66250000000001,-45.28194444444444
2212,Del Pic,CP-54  980,4.81,92.57083333333334,-54.968611111111116
2214,,BD+17 1182,5.88,93.61666666666667,17.906388888888888
2215,1    Lyn,BD+61  869,4.98,94.475,61.515277777777776
2216,7Eta Gem,BD+22 1241,3.28,93.71666666666667,22.506666666666668
2218,,BD-03 1345,5.83,93.475,-3.741388888888889
2219,44Kap Aur,BD+29 1154,4.35,93.84166666666667,29.498055555555556
2220,71    Ori,BD+19 1270,5.2,93.70833333333334,19.156388888888888
2221,Nu  Dor,CP-68  474,5.06,92.18333333333334,-68.84333333333333
2222,,BD+13 1173,5.91,93.78333333333333,13.851111111111111
2223,72    Ori,BD+16 1060,5.3,93.85416666666667,16.143055555555556
2224,,BD-04 1421,5.83,93.64999999999999,-4.568333333333333
2225,,CD-23 3577,6.39,93.4375,-23.861944444444447
2227,5Gam Mon,BD-06 1469,3.98,93.7125,-6.2747222222222225
2229,73    Ori,BD+12 1081,5.33,93.9375,12.551111111111112
2230,8    Gem,BD+24 1182,6.08,94.07916666666667,23.97
2231,,BD+06 1172,6.07,93.91666666666667,6.066111111111111
2233,,BD-00 1234,5.65,93.89166666666667,-0.5122222222222222
2234,,BD-04 1431,5.99,93.87083333333334,-4.915277777777778
2235,,BD+17 1191,6.39,94.09583333333333,17.18138888888889
2236,,BD+01 1275,6.37,93.975,1.1691666666666667
2237,,BD-08 1368,6.1,93.85833333333333,-9.035277777777777
2238,2    Lyn,BD+59  959,4.48,94.90416666666665,59.01083333333333
2239,43    Aur,BD+46 1124,6.38,94.56666666666666,46.36055555555556
2240,9    Gem,BD+23 1275,6.25,94.24166666666666,23.740833333333335
2241,74    Ori,BD+12 1084,5.04,94.10833333333333,12.272222222222224
2242,,BD-20 1336,5.91,93.78333333333333,-20.272222222222222
2243,,BD-18 1352,5.99,93.82083333333333,-18.476666666666667
2244,,BD-13 1411,5.01,93.93333333333334,-13.718333333333334
2245,Eta2Dor,CP-65  561,5.01,92.8125,-65.58944444444444
2247,75    Ori,BD+09 1173,5.39,94.275,9.9425
2249,,BD-16 1415,5.92,94.02916666666667,-16.61777777777778
2251,,BD+05 1168,5.71,94.31666666666666,5.1002777777777775
2253,,BD+14 1235,6.16,94.52083333333333,14.382777777777779
2254,,BD-22 1364,6.07,94.2625,-22.715
2256,Kap Col,CD-35 2800,4.37,94.13749999999999,-35.14055555555556
2258,,BD+17 1203,6.32,94.75416666666666,17.325
2259,,BD+09 1184,6.24,94.66666666666666,9.047222222222222
2260,,BD-16 1426,5.14,94.42083333333333,-16.815833333333334
2261,Alp Men,CP-74  374,5.09,92.55833333333334,-74.75305555555556
2262,,CD-39 2491,6.0,94.14583333333333,-39.26444444444444
2263,,CD-37 2707,5.53,94.25416666666666,-37.737500000000004
2264,45    Aur,BD+53 1008,5.36,95.44166666666666,53.452222222222225
2265,,CD-37 2708,5.87,94.28750000000001,-37.253055555555555
2266,,BD-19 1407,5.52,94.55416666666666,-19.966944444444444
2267,,BD-09 1411,5.36,94.70833333333334,-9.390277777777778
2268,,BD-14 1400,6.06,94.7,-15.024722222222223
2269,,BD+14 1247,5.69,95.01666666666667,14.651111111111112
2270,,BD-08 1386,6.22,94.77916666666667,-8.586388888888889
2271,,BD-20 1355,5.81,94.74583333333332,-20.926111111111112
2272,,BD+29 1190,6.43,95.29999999999998,29.541111111111114
2273,7    Mon,BD-07 1373,5.27,94.925,-7.823055555555555
2274,,CP-59  619,6.43,94.075,-59.21361111111111
2275,,BD-02 1564,4.9,94.99583333333332,-2.9444444444444446
2278,,CP-52  902,6.41,94.4625,-52.73305555555556
2279,,CD-34 2795,5.78,94.92083333333333,-34.39666666666667
2280,,BD+02 1197,6.31,95.35416666666666,2.268611111111111
2282,1Zet CMa,CD-30 3038,3.02,95.07499999999999,-30.063333333333333
2284,,BD-11 1460,5.64,95.35,-11.773333333333333
2286,13Mu  Gem,BD+22 1304,2.88,95.7375,22.51361111111111
2287,,BD+12 1123,6.0,95.64999999999999,12.57
2288,,CD-34 2806,5.53,95.14999999999999,-34.14388888888889
2289,46Psi1Aur,BD+49 1488,4.91,96.22083333333333,49.28805555555555
2291,,BD+56 1125,5.64,96.60416666666667,56.285
2292,,BD+03 1221,6.4,95.825,3.7644444444444445
2293,5    Lyn,BD+58  927,5.21,96.7,58.41722222222222
2294,2Bet CMa,BD-17 1467,1.98,95.675,-17.95583333333333
2296,Del Col,CD-33 2927,3.85,95.52499999999999,-33.436388888888885
2298,8Eps Mon,BD+04 1236,4.44,95.94166666666668,4.592777777777777
2300,,BD+08 1316,6.26,96.00833333333334,8.884722222222221
2301,,BD-09 1444,6.19,95.9,-9.874444444444444
2302,,BD+16 1135,6.33,96.21666666666667,16.056944444444444
2303,,BD-14 1428,6.24,95.94166666666668,-15.071666666666667
2305,,BD-11 1478,5.22,96.04166666666669,-11.530277777777778
2307,,CD-31 3245,6.34,95.80833333333334,-31.790000000000003
2308,,BD+14 1283,6.24,96.36666666666667,14.721944444444444
2309,,BD-12 1470,6.12,96.08333333333334,-12.962499999999999
2310,,BD+07 1273,5.98,96.30416666666666,7.085833333333333
2311,,CD-25 3189,5.63,95.97916666666667,-25.57777777777778
2313,,BD-00 1287,5.87,96.31666666666666,-0.9461111111111111
2316,,CD-36 2873,5.62,96.00416666666668,-36.70777777777778
2317,,BD-03 1425,6.35,96.44583333333334,-3.8891666666666667
2318,,CD-28 2981,6.39,96.17916666666667,-28.779999999999998
2319,,BD+32 1300,6.43,96.89583333333333,32.56305555555555
2320,Nu  Pic,CP-56 1072,5.61,95.72916666666666,-56.37
2321,,BD-07 1422,6.4,96.49166666666667,-7.894166666666666
2322,,CP-52  913,5.98,95.90416666666667,-52.18111111111111
2323,,CD-40 2440,6.31,96.18333333333334,-40.284166666666664
2324,,BD-01 1242,5.87,96.66250000000001,-1.5072222222222222
2325,,BD-04 1510,6.15,96.64166666666667,-4.597222222222222
2326,Alp Car,CP-52  914,-0.72,95.9875,-52.69583333333333
2328,,BD-07 1429,6.27,96.68333333333334,-7.511388888888889
2329,,CD-34 2864,6.25,96.37083333333334,-35.06388888888888
2330,16    Gem,BD+20 1428,6.22,96.98333333333333,20.496111111111112
2331,6    Lyn,BD+58  932,5.88,97.69583333333334,58.16277777777778
2332,48    Aur,BD+30 1238,5.55,97.14166666666667,30.493055555555557
2333,,BD+02 1237,5.55,96.83333333333334,2.9080555555555554
2334,,BD+00 1426,5.2,96.80416666666666,0.29916666666666664
2335,,BD-00 1299,5.55,96.8125,-0.2761111111111111
2336,,CP-58  692,6.48,95.94166666666668,-58.54388888888889
2337,,CP-63  561,6.27,95.75416666666668,-63.683055555555555
2338,47    Aur,BD+46 1149,5.9,97.5125,46.68555555555555
2340,,BD+16 1159,6.23,97.11666666666667,16.238333333333333
2342,,BD+10 1149,6.15,97.075,10.30388888888889
2343,18Nu  Gem,BD+20 1441,4.15,97.2375,20.21222222222222
2344,10    Mon,BD-04 1526,5.06,96.9875,-4.762222222222222
2345,,CP-60  608,5.8,96.05416666666667,-60.28111111111111
2347,,BD+02 1244,6.48,97.06666666666666,1.912222222222222
2348,,CD-48 2308,5.76,96.42916666666667,-48.17722222222222
2349,,CD-25 3237,6.07,96.79583333333333,-25.85666666666667
2352,Pi 1Dor,CP-69  607,5.56,95.65833333333333,-69.98416666666667
2353,,CD-37 2837,6.48,96.77916666666667,-37.89555555555555
2354,,CP-63  568,6.46,96.10833333333335,-63.428888888888885
2355,,BD+02 1253,6.16,97.30833333333334,2.6461111111111113
2356,11Bet Mon,BD-06 1574,4.6,97.20416666666668,-7.032777777777778
2357,11Bet Mon,BD-06 1575,5.4,97.20416666666668,-7.0344444444444445
2359,,BD-17 1506,5.77,97.15416666666667,-17.46611111111111
2360,,CP-63  572,6.27,96.22916666666667,-63.82777777777778
2361,Lam CMa,CD-32 3066,4.48,97.04166666666667,-32.580000000000005
2363,,BD+78  227,5.73,100.11666666666667,77.99583333333334
2364,,CD-32 3072,5.74,97.1625,-32.37111111111111
2365,,BD+73  340,6.24,99.47500000000001,73.69555555555556
2366,,BD+17 1275,6.2,97.79166666666667,16.93861111111111
2367,,BD-09 1493,5.93,97.54583333333332,-10.081388888888888
2368,,CD-40 2482,6.32,97.175,-41.074444444444445
2369,,CP-57 1001,5.82,96.76666666666667,-58.00222222222222
2370,,BD+11 1204,6.14,97.78750000000001,11.250833333333333
2372,,BD+32 1324,5.87,98.1125,32.45472222222222
2373,,BD-13 1519,6.16,97.64166666666667,-13.148055555555555
2375,,BD+11 1209,5.23,97.95,11.544444444444444
2377,Pi 2Dor,CP-69  614,5.38,96.36666666666667,-69.69027777777778
2378,,BD+11 1213,6.03,98.09583333333333,11.67361111111111
2379,,BD-12 1518,5.15,97.84583333333333,-12.391666666666666
2380,,CD-27 3051,5.93,97.69166666666666,-27.769444444444442
2381,,BD-08 1462,5.43,97.95833333333334,-8.158055555555556
2382,12    Mon,BD+04 1304,5.84,98.07916666666667,4.855833333333333
2384,,CD-50 2241,5.27,97.45416666666668,-50.23916666666667
2385,13    Mon,BD+07 1337,4.5,98.225,7.333055555555555
2386,,BD-05 1678,5.6,98.09583333333333,-5.86888888888889
2387,4Xi 1CMa,CD-23 3991,4.33,97.9625,-23.418333333333333
2388,,CD-35 2947,5.84,97.80416666666666,-35.259166666666665
2389,,CP-56 1095,5.22,97.36666666666667,-56.85277777777778
2390,,CD-40 2512,6.2,97.74583333333334,-40.91638888888889
2391,,BD+14 1339,5.53,98.39999999999999,14.155277777777778
2392,,BD-11 1520,6.24,98.19166666666666,-11.16638888888889
2393,,CD-36 2962,6.34,97.89583333333333,-36.94
2394,8    Lyn,BD+61  893,5.94,99.42083333333333,61.48111111111111
2395,,BD-01 1274,5.1,98.40416666666667,-1.2202777777777778
2396,,BD+71  359,5.92,100.13333333333333,71.74888888888889
2397,,CD-31 3407,5.69,98.1625,-32.03055555555555
2398,49    Aur,BD+28 1168,5.27,98.79999999999998,28.022222222222222
2399,,CD-37 2889,5.24,98.0875,-37.696666666666665
2400,,CD-51 1946,5.6,97.825,-51.82611111111112
2401,,BD+79  212,5.45,101.55833333333332,79.56472222222222
2402,11    Lyn,BD+56 1136,5.85,99.40833333333333,56.8575
2403,,BD-20 1437,6.4,98.35833333333333,-20.92388888888889
2404,14    Mon,BD+07 1357,6.45,98.69166666666666,7.5725
2405,,BD+38 1539,5.29,99.13333333333333,38.445277777777775
2406,,BD+10 1186,5.88,98.82083333333333,9.988333333333333
2407,,CD-38 2730,6.44,98.29166666666667,-38.625277777777775
2408,,CP-65  610,6.29,97.5125,-65.56833333333333
2409,,BD+00 1491,5.8,98.81249999999999,0.89
2410,,CP-61  669,6.15,97.79166666666667,-61.87972222222222
2411,,CD-36 2990,5.42,98.45416666666667,-36.23222222222223
2412,Mu  Pic,CP-58  722,5.7,97.99166666666666,-58.75416666666667
2414,5Xi 2CMa,BD-22 1458,4.54,98.7625,-22.96472222222222
2415,,CD-32 3168,5.62,98.64583333333333,-32.71638888888889
2416,,CP-52  947,6.19,98.35833333333333,-52.32888888888889
2418,,BD-05 1710,5.52,99.14583333333333,-5.211111111111111
2419,51    Aur,BD+39 1690,5.69,99.6625,39.39083333333333
2420,52Psi3Aur,BD+40 1665,5.2,99.70416666666667,39.902499999999996
2421,24Gam Gem,BD+16 1223,1.93,99.42500000000001,16.399166666666666
2422,,BD+06 1309,6.06,99.35000000000001,6.1352777777777785
2423,6Nu 1CMa,BD-18 1480,5.7,99.09166666666667,-18.66
2424,,CD-36 3009,5.59,98.85,-36.78
2425,53    Aur,BD+29 1293,5.79,99.59583333333333,28.984166666666667
2426,,BD+10 1201,6.38,99.4,10.853055555555555
2427,50Psi2Aur,BD+42 1585,4.79,99.82916666666667,42.48888888888889
2428,,BD-13 1570,5.97,99.19166666666666,-13.320833333333333
2429,7Nu 2CMa,BD-19 1502,3.95,99.17083333333333,-19.25583333333333
2430,,BD+02 1315,6.17,99.41666666666667,2.704166666666667
2431,,CD-35 3005,6.35,98.975,-36.08888888888889
2432,,BD+05 1334,6.15,99.46666666666667,4.957222222222223
2433,,BD-22 1472,6.35,99.16666666666666,-22.615000000000002
2435,,CP-52  953,4.39,98.74166666666666,-52.97555555555556
2436,,BD+22 1416,6.04,99.77083333333334,22.030833333333334
2437,,BD-12 1566,6.12,99.41666666666667,-12.985
2438,54    Aur,BD+28 1196,6.03,99.8875,28.263055555555557
2439,,BD+24 1343,6.38,99.87916666666666,24.6
2440,,BD-02 1691,6.14,99.58333333333333,-2.543611111111111
2442,,BD+01 1443,6.21,99.65833333333333,1.613611111111111
2443,8Nu 3CMa,BD-18 1492,4.43,99.47083333333333,-18.2375
2444,,CD-38 2782,6.04,99.25416666666668,-38.14666666666667
2445,,CD-41 2488,6.34,99.2125,-41.55694444444444
2446,,CD-36 3031,5.71,99.30416666666667,-36.99055555555556
2447,,CD-32 3216,5.27,99.44583333333334,-32.33972222222222
2448,,BD-16 1554,6.03,99.64583333333333,-16.87361111111111
2449,,BD+13 1356,5.97,99.94583333333334,12.983055555555556
2450,,BD-14 1525,4.82,99.81666666666666,-14.145833333333332
2451,Nu  Pup,CD-43 2576,3.17,99.43750000000001,-43.19611111111111
2452,,BD+36 1482,6.46,100.40416666666667,35.93194444444444
2453,25    Gem,BD+28 1207,6.42,100.3375,28.19638888888889
2455,,CD-23 4172,6.05,99.9,-23.695555555555554
2456,15    Mon,BD+10 1220,4.66,100.24166666666667,9.895555555555555
2457,,BD+16 1242,6.28,100.3375,16.3975
2458,,BD+11 1273,6.11,100.32083333333334,11.003333333333334
2459,55Psi4Aur,BD+44 1518,5.02,100.77083333333334,44.52444444444444
2460,,CD-30 3386,5.71,99.92500000000001,-30.470277777777778
2461,,BD+00 1546,5.79,100.27083333333334,0.49527777777777776
2462,,CD-48 2417,4.93,99.65416666666665,-48.22027777777778
2463,,BD+53 1056,6.27,101.04583333333333,53.296388888888885
2464,,BD+37 1567,6.19,100.80416666666666,37.14694444444444
2466,26    Gem,BD+17 1357,5.21,100.60000000000001,17.64527777777778
2467,,BD+06 1351,6.37,100.49583333333334,6.345
2468,,CP-61  688,6.18,99.5,-61.533055555555556
2469,,BD-09 1601,5.19,100.48333333333333,-9.167222222222222
2470,12    Lyn,BD+59 1015,4.87,101.55833333333332,59.44166666666666
2473,27Eps Gem,BD+25 1406,2.98,100.97916666666666,25.13111111111111
2474,,BD+03 1371,6.19,100.775,3.033333333333333
2475,,CD-40 2625,6.12,100.30833333333334,-40.349722222222226
2477,13    Lyn,BD+57 1004,5.35,101.70416666666667,57.16916666666666
2478,30    Gem,BD+13 1390,4.49,100.99583333333334,13.227777777777778
2479,,BD+04 1414,5.9,100.90833333333333,3.9322222222222223
2480,28    Gem,BD+29 1327,5.44,101.1875,28.97083333333333
2481,,BD-22 1505,6.13,100.6875,-22.449166666666667
2482,,CD-38 2844,6.29,100.56666666666666,-38.39861111111111
2483,56Psi5Aur,BD+43 1595,5.25,101.68333333333334,43.5775
2484,31Xi  Gem,BD+13 1396,3.36,101.32083333333333,12.895555555555555
2487,57Psi6Aur,BD+48 1436,5.22,101.9125,48.78944444444444
2488,,CD-39 2798,6.3,100.84583333333333,-39.19333333333333
2489,32    Gem,BD+12 1275,6.46,101.475,12.693611111111112
2490,42    Cam,BD+67  454,5.14,102.7375,67.57194444444444
2491,9Alp CMa,BD-16 1591,-1.46,101.28333333333333,-16.71611111111111
2492,10    CMa,CD-30 3484,5.2,101.11666666666667,-31.070555555555554
2493,,CD-27 3248,6.45,101.2125,-27.341388888888886
2494,16    Mon,BD+08 1486,5.93,101.63333333333333,8.587222222222223
2495,,CD-23 4325,6.05,101.34583333333333,-23.461944444444445
2498,,BD-14 1573,5.32,101.49583333333334,-14.796111111111111
2500,,CD-31 3640,5.92,101.34166666666667,-31.79361111111111
2501,,CD-30 3505,5.8,101.37916666666666,-30.948888888888888
2502,,BD-09 1644,5.66,101.6625,-10.107222222222221
2503,17    Mon,BD+08 1496,4.77,101.82916666666667,8.037222222222223
2504,11    CMa,BD-14 1584,5.29,101.7125,-14.425833333333333
2506,18    Mon,BD+02 1397,4.47,101.9625,2.4122222222222223
2508,,BD-08 1558,5.07,101.90416666666667,-8.998333333333333
2509,12    CMa,BD-20 1576,6.08,101.75416666666666,-21.015555555555554
2510,,CD-37 3065,6.21,101.55,-37.775555555555556
2511,43    Cam,BD+69  394,5.12,103.425,68.88833333333334
2512,,BD+32 1414,5.71,102.42083333333333,32.60666666666667
2514,,BD-01 1386,5.75,102.07916666666667,-1.3191666666666666
2515,,CP-52  998,5.8,101.47083333333333,-52.41
2516,58Psi7Aur,BD+41 1536,5.02,102.6875,41.78138888888889
2517,,BD+01 1531,6.15,102.2625,1.0019444444444445
2518,,CD-37 3080,5.26,101.8375,-37.92972222222222
2519,33    Gem,BD+16 1298,5.85,102.45416666666667,16.202777777777776
2520,14    Lyn,BD+59 1028,5.33,103.27083333333333,59.448611111111106
2521,,BD-02 1776,5.74,102.31666666666666,-2.2719444444444443
2522,,BD-14 1599,5.39,102.2375,-15.14472222222222
2523,,CD-51 2078,5.4,101.71666666666665,-51.26583333333333
2524,,CP-54 1115,6.46,101.67083333333333,-54.69472222222222
2525,35    Gem,BD+13 1434,5.65,102.60416666666667,13.413333333333334
2526,,CP-55 1063,5.61,101.825,-55.54
2527,,BD+77  266,4.55,105.01666666666667,76.9775
2528,,CD-23 4438,6.33,102.43333333333334,-24.075833333333332
2529,36    Gem,BD+21 1405,5.27,102.88749999999999,21.761111111111113
2530,,BD-00 1462,5.77,102.70416666666667,-0.5408333333333333
2531,,CP-72  522,6.37,100.9,-73.11805555555554
2532,,BD+45 1359,6.26,103.27916666666667,44.839444444444446
2533,,BD+23 1518,5.65,103.0,23.601666666666667
2534,,BD-07 1592,6.29,102.675,-8.04111111111111
2535,,BD-16 1624,5.79,102.58749999999999,-17.083888888888886
2536,,CP-70  560,6.11,101.23333333333333,-70.43388888888889
2538,13Kap CMa,CD-32 3404,3.96,102.45833333333334,-32.50861111111111
2539,59    Aur,BD+39 1771,6.12,103.25416666666666,38.869166666666665
2540,34The Gem,BD+34 1481,3.6,103.19583333333334,33.961111111111116
2541,60    Aur,BD+38 1636,6.3,103.30416666666666,38.43805555555555
2542,,BD+35 1511,6.01,103.26249999999999,35.78861111111111
2543,,BD+03 1437,6.38,102.9125,3.0416666666666665
2544,,CD-25 3691,6.33,102.64999999999999,-25.778055555555554
2545,,CD-31 3717,5.7,102.59583333333333,-31.70611111111111
2547,61Psi8Aur,BD+38 1638,6.48,103.48749999999998,38.505
2548,,CD-46 2703,5.14,102.475,-46.61472222222223
2549,,CD-34 3140,4.99,102.71666666666665,-34.367222222222225
2550,Alp Pic,CP-61  720,3.27,102.04583333333332,-61.94138888888889
2551,,BD+08 1543,5.77,103.20416666666668,8.380277777777778
2552,,BD-05 1845,6.3,103.09166666666667,-5.316111111111111
2553,Tau Pup,CD-50 2415,2.93,102.48333333333332,-50.61472222222223
2554,,CP-53 1168,4.4,102.4625,-53.62222222222222
2555,,BD+11 1344,6.24,103.34166666666665,10.996388888888887
2556,,BD+46 1202,6.34,103.8125,45.82638888888889
2557,,BD+44 1551,6.13,103.80833333333334,43.91
2558,,CD-36 3189,5.96,102.925,-36.23027777777778
2559,Zet Men,CP-80  196,5.64,100.00833333333334,-80.81361111111111
2560,15    Lyn,BD+58  982,4.35,104.31666666666666,58.4225
2561,,BD+57 1017,6.05,104.30416666666666,57.56333333333333
2562,,CP-60  712,6.11,102.50416666666666,-60.24916666666667
2563,,CD-48 2556,6.42,102.88333333333333,-48.2925
2564,38    Gem,BD+13 1462,4.65,103.65833333333333,13.177777777777777
2565,,BD-18 1591,5.64,103.32499999999999,-19.032777777777778
2566,,BD-18 1594,6.14,103.33749999999999,-18.933333333333334
2567,,CD-26 3529,6.4,103.25,-26.9575
2568,Psi9Aur,BD+46 1203,5.87,104.13333333333333,46.274166666666666
2569,37    Gem,BD+25 1496,5.73,103.825,25.375555555555557
2570,,BD-05 1863,6.41,103.53333333333335,-5.8525
2571,15    CMa,BD-20 1616,4.83,103.38333333333333,-20.224166666666665
2572,,BD-00 1487,5.45,103.60000000000001,-1.1269444444444445
2573,,BD+46 1205,5.86,104.23333333333333,46.705000000000005
2574,14The CMa,BD-11 1681,4.07,103.54583333333333,-12.038611111111111
2576,,CD-28 3554,6.04,103.38749999999999,-28.539722222222224
2577,,BD-01 1446,6.21,103.67500000000001,-1.756388888888889
2578,,CD-24 4565,6.21,103.47916666666666,-24.539166666666667
2579,,CD-43 2756,6.46,103.19583333333334,-43.975833333333334
2580,16Omi1CMa,CD-24 4567,3.87,103.52916666666668,-24.183888888888887
2581,,BD+70  430,5.68,105.3375,70.80805555555555
2582,,BD-02 1827,6.04,103.74166666666667,-2.803611111111111
2584,,BD+08 1562,6.29,103.89166666666667,8.324722222222222
2585,16    Lyn,BD+45 1367,4.9,104.40416666666667,45.094166666666666
2586,,BD+33 1433,5.89,104.25,33.68111111111111
2588,17    CMa,BD-20 1624,5.74,103.75833333333334,-20.404722222222222
2589,,BD+10 1335,5.92,104.10416666666667,9.956388888888888
2590,19Pi  CMa,BD-19 1610,4.68,103.90416666666667,-20.136388888888888
2591,,CD-42 2818,6.32,103.60833333333335,-42.36555555555556
2592,,CP-59  716,6.41,103.18750000000001,-59.34111111111111
2593,18Mu  CMa,BD-13 1741,5.0,104.025,-14.043611111111112
2594,,CD-50 2458,6.26,103.50833333333334,-50.611666666666665
2595,,BD-22 1602,5.3,103.94166666666668,-22.941388888888888
2596,20Iot CMa,BD-16 1661,4.37,104.03333333333335,-17.054166666666667
2597,,BD+12 1361,6.27,104.35416666666667,11.9075
2598,,CD-31 3808,6.36,103.975,-31.790000000000003
2599,,BD-07 1642,6.34,104.25,-8.178888888888888
2600,62    Aur,BD+38 1656,6.0,104.75833333333334,38.05222222222222
2601,39    Gem,BD+26 1405,6.1,104.69583333333334,26.08111111111111
2602,Iot Vol,CP-70  572,5.4,102.8625,-70.96333333333334
2604,,CD-35 3225,6.29,104.1875,-35.34166666666667
2605,40    Gem,BD+26 1411,6.4,104.86250000000001,25.914166666666667
2606,,BD+07 1539,6.27,104.6625,7.621944444444445
2607,,CD-24 4648,5.46,104.3875,-24.630555555555556
2608,,CD-48 2601,4.95,104.06666666666666,-48.721111111111114
2609,,BD+87   51,5.07,115.12500000000001,87.02
2610,,BD+03 1488,5.97,104.7375,3.602222222222222
2611,,CD-27 3460,6.23,104.425,-27.5375
2612,,CD-35 3233,6.23,104.32083333333334,-35.5075
2613,,BD+07 1544,6.35,104.83333333333333,7.316944444444444
2614,,CD-26 3646,6.37,104.52916666666667,-27.16472222222222
2615,41    Gem,BD+16 1354,5.68,105.0625,16.078888888888887
2616,,CD-25 3864,5.59,104.64583333333333,-25.413888888888888
2618,21Eps CMa,CD-28 3666,1.5,104.65416666666667,-28.97222222222222
2619,,CD-33 3389,5.06,104.60416666666667,-34.111666666666665
2621,,CD-30 3757,6.42,104.67916666666667,-30.997777777777777
2622,,BD-05 1910,6.3,105.075,-5.366944444444444
2623,,BD-21 1689,6.26,104.9125,-21.603333333333335
2624,,BD-08 1662,5.96,105.09583333333333,-8.406944444444445
2625,,BD-19 1644,6.31,105.03333333333333,-20.15888888888889
2626,,CD-45 2850,6.22,104.67083333333333,-45.768055555555556
2627,,BD-08 1667,6.49,105.1625,-9.203055555555554
2630,42Ome Gem,BD+24 1502,5.18,105.6,24.21527777777778
2631,,BD+17 1479,5.94,105.60416666666667,17.755555555555556
2634,,CP-55 1116,6.27,104.6625,-55.72944444444445
2635,,BD+16 1363,5.82,105.63749999999999,16.674166666666668
2636,,BD-01 1509,6.17,105.46666666666665,-1.3455555555555554
2637,,CD-28 3711,6.27,105.175,-28.489444444444445
2638,,CP-56 1211,6.45,104.65,-56.39472222222222
2639,,BD-05 1926,5.2,105.48333333333333,-5.722222222222222
2640,,CD-25 3911,5.63,105.27083333333334,-25.21527777777778
2641,,CD-33 3415,6.4,105.20416666666667,-33.46527777777778
2643,,BD+29 1441,5.93,105.875,29.33722222222222
2644,,BD+52 1165,6.12,106.4125,52.75805555555556
2645,,BD+47 1391,6.38,106.2875,47.775
2646,22Sig CMa,CD-27 3544,3.47,105.42916666666667,-27.934722222222224
2647,,BD+09 1496,5.97,105.82083333333333,9.138333333333334
2648,19    Mon,BD-04 1788,4.99,105.725,-4.239166666666667
2649,,BD+11 1428,5.13,105.90833333333333,10.951666666666666
2650,43Zet Gem,BD+20 1687,3.79,106.025,20.57027777777778
2651,,BD+12 1406,5.98,105.9625,12.594444444444445
2652,,CD-51 2224,5.14,105.2125,-51.402499999999996
2653,24Omi2CMa,CD-23 4797,3.02,105.75416666666666,-23.833333333333332
2655,,BD-05 1943,5.62,106.02083333333333,-5.323611111111111
2656,,BD-09 1818,6.45,105.9875,-10.124166666666667
2657,23Gam CMa,BD-15 1625,4.12,105.9375,-15.633333333333333
2658,,CD-43 2882,6.43,105.5625,-43.40416666666667
2659,44    Gem,BD+22 1566,6.02,106.32499999999999,22.63722222222222
2660,,BD+34 1524,5.55,106.54583333333332,34.473888888888894
2661,,CP-58  820,6.02,105.27083333333334,-58.94
2662,,CP-67  686,5.17,104.95833333333334,-67.91611111111112
2663,,BD+09 1510,5.78,106.4125,9.185833333333333
2664,,BD-21 1732,6.09,106.19583333333334,-22.03222222222222
2665,,BD+34 1530,5.91,106.84166666666667,34.00944444444445
2666,,CD-42 2929,5.2,106.00833333333333,-42.33722222222222
2667,,CD-43 2906,5.54,105.9875,-43.60805555555556
2669,,BD+28 1314,6.48,106.85416666666666,28.177222222222223
2670,,BD-10 1862,6.49,106.45416666666667,-10.661111111111111
2672,,CD-49 2587,4.93,105.97083333333333,-49.58388888888889
2673,,BD+34 1533,6.28,107.05416666666667,33.83222222222223
2674,,CP-58  826,5.5,105.8125,-59.17805555555555
2675,,BD+37 1660,6.16,107.15,37.44499999999999
2676,,BD+05 1543,6.11,106.77499999999999,4.910277777777778
2677,,CD-34 3327,6.14,106.38333333333333,-34.77777777777778
2678,,BD-11 1790,5.39,106.66666666666666,-11.294166666666667
2679,,BD-12 1788,6.48,106.64583333333333,-12.393888888888888
2680,,CD-30 3907,6.34,106.5,-30.655555555555555
2681,,BD+72  352,6.35,108.49166666666666,71.81666666666666
2682,,BD+07 1607,5.75,106.95416666666667,7.471111111111111
2683,,CP-56 1232,5.17,106.07499999999999,-56.749722222222225
2684,45    Gem,BD+16 1397,5.44,107.09166666666667,15.930833333333332
2685,,CD-38 3163,6.11,106.50833333333333,-38.382777777777775
2686,,CD-24 4868,6.08,106.71666666666665,-24.960555555555555
2687,,CD-50 2561,6.46,106.31666666666666,-50.36027777777778
2689,The Men,CP-79  238,5.45,104.14166666666667,-79.42027777777778
2690,,CD-23 4908,5.71,106.84166666666667,-23.840277777777775
2691,,CD-40 2930,5.79,106.77916666666667,-40.89333333333333
2692,,BD+21 1528,6.43,107.525,21.246944444444445
2693,25Del CMa,CD-26 3916,1.84,107.09583333333335,-26.393333333333334
2694,,BD-10 1892,6.21,107.33333333333334,-10.347222222222223
2696,63    Aur,BD+39 1882,4.9,107.91250000000001,39.32055555555556
2697,46Tau Gem,BD+30 1439,4.41,107.78333333333335,30.24527777777778
2698,,CD-51 2306,5.96,106.80416666666666,-51.967777777777776
2699,,BD-16 1802,6.03,107.3875,-16.234722222222224
2700,47    Gem,BD+27 1327,5.78,107.84583333333333,26.85666666666667
2701,20    Mon,BD-04 1840,4.92,107.55416666666666,-4.237222222222222
2702,,CD-39 3105,4.83,107.2125,-39.655833333333334
2703,,BD+51 1295,5.47,108.34583333333333,51.428888888888885
2704,,CD-25 4120,5.69,107.42500000000001,-25.231111111111108
2705,,BD-18 1711,6.23,107.53750000000001,-18.685277777777777
2706,48    Gem,BD+24 1558,5.85,108.10833333333333,24.128333333333334
2707,21    Mon,BD-00 1634,5.45,107.84583333333333,-0.30194444444444446
2708,,CD-27 3710,5.46,107.57916666666667,-27.49138888888889
2709,,BD+81  242,6.31,111.3375,81.2575
2710,,BD+05 1577,6.09,107.9625,5.654722222222222
2711,,BD+27 1337,6.43,108.20416666666668,27.22472222222222
2712,,CP-68  591,6.47,106.55833333333332,-68.83722222222222
2713,,BD+05 1580,6.16,108.02916666666667,5.474722222222223
2714,22Del Mon,BD-00 1636,4.15,107.9625,-0.49277777777777776
2715,18    Lyn,BD+59 1065,5.2,108.975,59.6375
2716,,BD-20 1767,5.84,107.92083333333333,-20.883055555555558
2717,51    Gem,BD+16 1417,5.0,108.34166666666667,16.15888888888889
2718,26    CMa,CD-25 4191,5.92,108.05,-25.9425
2719,,CD-48 2765,5.14,107.69583333333334,-48.93222222222222
2720,,CD-30 4081,6.1,108.01666666666667,-30.821666666666665
2721,,BD+47 1419,5.58,108.95833333333334,47.24
2723,,BD-11 1849,5.78,108.27916666666667,-11.251388888888888
2725,52    Gem,BD+25 1618,5.82,108.67083333333333,24.884999999999998
2726,,CD-36 3421,5.96,108.10416666666667,-36.544444444444444
2727,,CD-40 2987,5.31,108.0625,-40.49888888888889
2728,,BD+12 1469,5.62,108.63333333333333,12.115833333333333
2729,,BD+03 1609,5.35,108.58333333333333,3.111388888888889
2730,,BD-22 1756,6.01,108.34583333333333,-22.673333333333336
2731,,BD-03 1804,5.75,108.54583333333333,-3.901388888888889
2732,,BD-09 1921,5.9,108.5625,-9.9475
2733,,BD-22 1761,6.36,108.45,-22.906388888888888
2734,,CD-27 3789,6.12,108.4,-27.35638888888889
2735,Gam1Vol,CP-70  600,5.69,107.17500000000001,-70.49722222222222
2736,Gam2Vol,CP-70  600,3.78,107.18333333333334,-70.49888888888889
2737,,BD+52 1188,5.92,109.38749999999999,52.130833333333335
2738,53    Gem,BD+28 1350,5.71,108.9875,27.8975
2739,,BD-10 1933,6.03,108.61666666666667,-10.316666666666666
2740,,CD-46 2977,4.49,108.1375,-46.75944444444445
2742,,BD+82  201,4.96,112.76666666666667,82.4113888888889
2743,,CD-30 4146,6.33,108.4875,-30.34
2744,24    Mon,BD+00 1871,6.41,108.82916666666667,-0.1613888888888889
2745,27    CMa,CD-26 4057,4.66,108.5625,-26.352500000000003
2746,,CD-44 3223,4.89,108.30416666666666,-45.183055555555555
2747,,BD+08 1712,5.82,108.9125,7.977777777777778
2748,,CD-44 3227,5.1,108.38333333333333,-44.63972222222222
2749,28Ome CMa,CD-26 4073,3.85,108.7,-26.772777777777776
2750,,CD-26 4074,5.58,108.7125,-27.03805555555556
2751,,BD+49 1612,5.05,109.62916666666666,49.465
2752,,BD-10 1945,5.95,108.92916666666667,-10.58388888888889
2753,64    Aur,BD+41 1630,5.78,109.50833333333333,40.88333333333333
2754,,CP-62  789,6.02,108.00833333333334,-63.19
2756,,CD-30 4184,5.36,108.8375,-30.68638888888889
2757,,BD+31 1529,6.24,109.51666666666667,30.95583333333333
2758,,BD-15 1734,5.46,109.05833333333332,-15.585833333333333
2759,,CD-41 2906,5.94,108.7375,-41.42583333333333
2761,,CD-46 3000,5.72,108.6875,-46.849722222222226
2762,,CD-48 2807,4.76,108.65833333333333,-48.27166666666667
2763,54Lam Gem,BD+16 1443,3.58,109.52083333333333,16.540277777777778
2764,,CD-23 5189,4.79,109.14999999999999,-23.315555555555555
2765,,BD-06 2032,6.29,109.37916666666666,-6.680000000000001
2766,,CD-27 3852,4.64,109.14583333333333,-27.88111111111111
2767,,CP-52 1123,5.97,108.8375,-52.499722222222225
2768,,CD-30 4234,6.32,109.2375,-30.896666666666665
2769,,CD-38 3288,5.8,109.12916666666666,-38.31888888888889
2770,,CD-36 3485,5.03,109.20416666666667,-36.59277777777778
2771,,CD-46 3023,5.66,109.0625,-46.77444444444444
2772,47    Cam,BD+60 1048,6.35,110.57083333333333,59.901944444444446
2773,Pi  Pup,CD-36 3489,2.7,109.28333333333333,-37.097500000000004
2774,,CD-26 4140,6.46,109.44583333333334,-26.797500000000003
2775,,BD+42 1699,6.35,110.2625,42.65555555555555
2776,,BD+45 1422,5.77,110.32083333333333,45.22805555555556
2777,55Del Gem,BD+22 1645,3.53,110.02916666666667,21.98222222222222
2778,,BD+02 1640,5.89,109.84166666666667,2.7405555555555554
2779,,BD+07 1684,5.91,109.94583333333334,7.142777777777778
2780,,BD+15 1541,6.45,110.025,15.142777777777777
2781,29    CMa,CD-24 5173,4.98,109.66666666666666,-24.55888888888889
2782,30Tau CMa,CD-24 5176,4.4,109.675,-24.954166666666666
2784,19    Lyn,BD+55 1192,5.45,110.71666666666665,55.28138888888889
2785,,BD-19 1813,6.09,109.75833333333333,-19.280277777777776
2786,,CD-26 4164,5.28,109.7125,-26.585833333333333
2787,,CD-36 3512,4.66,109.57499999999999,-36.73416666666667
2788,,BD-16 1898,5.7,109.86666666666667,-16.395
2789,,CD-43 3093,5.85,109.51666666666667,-43.986666666666665
2790,,CD-36 3519,5.11,109.65833333333333,-36.74277777777778
2791,,CD-38 3309,5.25,109.63749999999999,-39.21027777777778
2792,,BD+39 1927,6.4,110.55416666666666,38.99611111111111
2793,65    Aur,BD+37 1707,5.13,110.50833333333333,36.760555555555555
2794,,CD-33 3696,6.3,109.80416666666666,-33.727222222222224
2795,56    Gem,BD+20 1775,5.1,110.48333333333332,20.44361111111111
2796,,BD-14 1846,5.45,110.24166666666666,-14.36
2800,,CD-26 4223,6.01,110.22916666666666,-26.96361111111111
2801,,BD+00 1915,5.99,110.51249999999999,0.17722222222222223
2802,,CD-25 4400,5.87,110.26666666666667,-25.891388888888887
2803,Del Vol,CP-67  730,3.98,109.20416666666667,-67.95722222222223
2804,,BD+52 1205,5.8,111.2375,51.88722222222222
2805,66    Aur,BD+40 1852,5.19,111.03333333333335,40.67222222222222
2806,,BD-08 1872,6.43,110.50833333333333,-8.979166666666666
2807,,BD-02 2079,6.23,110.57499999999999,-2.978888888888889
2808,57    Gem,BD+25 1660,5.03,110.86666666666667,25.050555555555555
2809,,BD+66  502,6.47,111.85416666666667,66.33166666666666
2811,,BD-05 2089,5.82,110.60416666666666,-5.982777777777778
2812,,BD-18 1806,4.96,110.55416666666666,-19.016666666666666
2813,,CP-52 1153,6.05,110.08749999999999,-52.31166666666666
2815,,CD-51 2445,5.39,110.15833333333333,-52.086111111111116
2816,59    Gem,BD+27 1374,5.76,111.1375,27.638055555555557
2817,,BD+15 1564,6.41,111.11250000000001,15.517222222222223
2818,21    Lyn,BD+49 1623,4.64,111.67500000000001,49.21138888888889
2819,,CD-31 4437,5.43,110.75,-31.92388888888889
2820,1    CMi,BD+11 1578,5.3,111.24166666666667,11.669722222222221
2821,60Iot Gem,BD+28 1385,3.79,111.42916666666667,27.798055555555557
2822,,CD-27 4020,5.38,110.87083333333335,-27.834166666666665
2823,,CD-31 4454,5.39,110.87916666666666,-32.202222222222225
2825,,BD-15 1810,5.33,111.16666666666667,-16.20111111111111
2826,,BD-22 1855,6.19,111.07083333333334,-22.912777777777777
2827,31Eta CMa,CD-29 4328,2.45,111.02083333333334,-29.303055555555556
2828,2Eps CMi,BD+09 1643,4.99,111.40833333333333,9.276111111111112
2829,,CD-35 3569,6.31,110.99166666666667,-35.83777777777778
2830,,BD+68  480,5.64,112.71666666666665,68.46555555555555
2831,,BD-18 1825,6.24,111.20833333333334,-19.01222222222222
2832,,BD-13 2001,5.78,111.28333333333335,-13.751944444444444
2833,,BD-05 2112,5.97,111.4625,-5.775
2834,,CD-31 4482,5.35,111.17916666666667,-31.80888888888889
2836,,BD+10 1532,6.37,111.61250000000001,10.608333333333333
2837,61    Gem,BD+20 1805,5.93,111.73333333333333,20.25722222222222
2839,,BD-21 1925,6.05,111.32916666666667,-21.982777777777777
2840,,BD+11 1588,6.41,111.67083333333333,11.009166666666667
2841,,CD-24 5366,5.78,111.35416666666667,-25.217777777777776
2844,,BD+48 1538,5.72,112.2125,48.18388888888889
2845,3Bet CMi,BD+08 1774,2.9,111.78750000000001,8.289444444444444
2846,63    Gem,BD+21 1602,5.22,111.93333333333334,21.445
2847,,CD-31 4506,6.31,111.42916666666667,-31.738611111111112
2848,,CP-86  105,6.47,101.74166666666666,-87.025
2849,22    Lyn,BD+49 1630,5.36,112.48333333333333,49.6725
2851,5Eta CMi,BD+07 1729,5.25,112.00833333333334,6.941944444444444
2852,62Rho Gem,BD+32 1562,4.18,112.275,31.784444444444446
2853,,BD-17 1980,5.63,111.78333333333335,-17.864444444444445
2854,4Gam CMi,BD+09 1660,4.32,112.03750000000001,8.925555555555555
2855,,BD-22 1874,5.61,111.74583333333334,-23.08611111111111
2856,,CD-33 3813,5.9,111.67500000000001,-34.14083333333333
2857,64    Gem,BD+28 1396,5.05,112.33333333333333,28.118055555555557
2858,,BD+15 1579,6.22,112.19583333333334,15.109444444444444
2859,,BD-11 1951,5.79,111.9625,-11.556944444444445
2860,,BD-22 1878,5.95,111.925,-22.859722222222224
2861,65    Gem,BD+28 1400,5.01,112.45,27.91611111111111
2862,,CD-50 2761,5.1,111.5875,-51.01833333333333
2863,,CD-28 4383,5.54,111.99583333333334,-29.15583333333333
2864,6    CMi,BD+12 1567,4.54,112.44583333333334,12.006666666666666
2865,,BD-01 1738,5.59,112.325,-1.9052777777777776
2866,,BD-07 1996,5.86,112.35416666666667,-7.551111111111111
2867,,BD-10 2067,5.75,112.34166666666667,-10.326666666666666
2868,,BD-14 1925,6.05,112.3375,-14.999166666666666
2870,,CD-31 4590,6.38,112.2125,-31.848333333333333
2873,,CD-31 4593,5.77,112.26666666666667,-31.45638888888889
2874,,BD-22 1897,4.85,112.4625,-23.024444444444445
2875,,CD-38 3400,5.43,112.27083333333334,-38.81222222222222
2876,,BD-04 1979,6.24,112.7125,-5.226388888888889
2877,,BD+17 1596,5.42,112.95,17.08611111111111
2878,Sig Pup,CD-43 3260,3.25,112.30416666666666,-43.30138888888889
2880,7Del1CMi,BD+02 1691,5.25,113.02083333333333,1.9144444444444444
2881,,CD-30 4620,4.65,112.675,-30.96222222222222
2883,,BD-08 1964,5.9,113.02083333333333,-8.880833333333333
2884,,CP-52 1198,5.87,112.49583333333334,-52.651111111111106
2886,68    Gem,BD+16 1510,5.25,113.39999999999999,15.826666666666666
2887,8Del2CMi,BD+03 1715,5.59,113.29583333333332,3.290277777777778
2888,,CP-64  721,6.39,112.2125,-64.51
2890,66Alp Gem,BD+32 1581,2.88,113.64999999999999,31.88861111111111
2891,66Alp Gem,BD+32 1581,1.98,113.64999999999999,31.888333333333332
2892,,CP-54 1294,5.96,112.625,-54.39944444444444
2893,,BD+10 1563,6.28,113.52083333333333,10.568333333333333
2894,,BD+56 1227,5.92,114.19583333333333,55.75527777777778
2895,,CD-35 3659,6.3,113.09166666666667,-35.96138888888889
2896,,BD+31 1620,5.33,113.78333333333333,30.961111111111112
2897,,BD-14 1966,6.21,113.34166666666667,-14.338333333333335
2899,,BD-19 1944,5.66,113.32916666666667,-19.412499999999998
2900,,CD-24 5566,5.85,113.28750000000001,-24.710833333333333
2901,9Del3CMi,BD+03 1719,5.81,113.5625,3.3713888888888888
2902,,BD-14 1971,4.97,113.44583333333334,-14.523888888888889
2903,,BD+46 1286,5.65,114.12916666666665,46.180277777777775
2905,69Ups Gem,BD+27 1424,4.06,113.97916666666666,26.895833333333332
2906,,BD-21 2007,4.45,113.5125,-22.296111111111113
2907,,CD-39 3398,6.26,113.30416666666666,-40.05888888888889
2909,,CD-23 5709,5.83,113.57499999999999,-23.473611111111108
2910,,CD-23 5709,5.87,113.57916666666667,-23.47472222222222
2911,,CD-36 3715,5.54,113.4625,-36.33833333333334
2913,,CD-33 3926,6.11,113.55,-33.46333333333334
2914,,BD+49 1653,5.92,114.47083333333333,48.77361111111111
2916,,CD-26 4574,5.77,113.64166666666665,-27.011944444444445
2918,,BD+06 1729,5.91,114.14166666666665,5.861666666666666
2919,Eps Men,CP-78  265,5.53,111.40833333333333,-79.09416666666667
2920,,BD-07 2065,6.27,114.06666666666666,-8.311388888888889
2921,,BD-14 1999,5.7,114.0125,-14.492777777777777
2922,,CD-28 4566,4.64,113.84166666666667,-28.369444444444444
2923,,BD-21 2030,6.34,114.02916666666667,-22.160555555555554
2924,70    Gem,BD+35 1662,5.56,114.63333333333333,35.04861111111111
2925,,CD-51 2571,6.28,113.6625,-51.474722222222226
2927,25    Mon,BD-03 1979,5.13,114.31666666666668,-4.111111111111111
2928,,BD-19 1967,5.74,114.17083333333333,-19.702222222222222
2929,23    Lyn,BD+57 1093,6.06,115.20416666666668,57.08277777777778
2930,71Omi Gem,BD+34 1649,4.9,114.78750000000001,34.58416666666667
2931,,BD+24 1730,6.17,114.79583333333333,24.222499999999997
2933,,CD-23 5791,6.37,114.31666666666668,-23.775
2934,,CP-52 1231,4.94,113.9125,-52.53388888888889
2935,,BD+38 1803,5.73,115.05833333333334,38.34444444444445
2936,,BD+32 1599,6.17,114.975,32.00972222222222
2937,,CD-34 3755,4.53,114.34166666666667,-34.968611111111116
2938,74    Gem,BD+18 1701,5.05,114.86666666666667,17.674722222222222
2939,,BD+48 1561,5.56,115.3,48.13166666666667
2940,,CD-48 3069,5.72,114.17916666666666,-48.83027777777778
2941,,CP-55 1282,6.39,114.00416666666666,-55.8875
2943,10Alp CMi,BD+05 1739,0.38,114.825,5.2250000000000005
2944,,CD-25 4828,4.7,114.57499999999999,-25.364722222222223
2945,,CD-37 3736,6.38,114.43750000000001,-38.010555555555555
2946,24    Lyn,BD+59 1103,4.99,115.75,58.71027777777778
2950,,BD+05 1742,6.02,115.02916666666667,5.230833333333334
2951,,BD+23 1780,5.89,115.24166666666667,23.01861111111111
2953,,BD+14 1721,6.24,115.19583333333334,13.770833333333334
2954,,CD-36 3773,5.8,114.67916666666666,-36.496944444444445
2955,,CD-38 3521,6.19,114.63333333333333,-38.78111111111111
2957,,CD-48 3091,5.68,114.57499999999999,-48.60111111111111
2958,,BD-07 2118,6.01,115.14583333333333,-8.185833333333333
2959,,BD-14 2082,4.94,115.09583333333335,-15.26361111111111
2960,,BD-19 2003,5.93,115.05416666666666,-19.660833333333333
2961,,CD-38 3531,4.84,114.86250000000001,-38.30833333333333
2963,,CD-37 3767,5.73,114.92916666666667,-38.13944444444444
2964,,CD-37 3768,5.76,114.94583333333334,-38.26083333333333
2965,,BD+13 1737,5.77,115.4625,13.480555555555556
2966,,BD+03 1758,5.94,115.39583333333333,3.624722222222222
2967,,BD+14 1729,5.56,115.5125,14.208333333333332
2968,,CD-37 3770,6.0,114.99166666666667,-37.57944444444445
2969,,BD+50 1460,5.27,116.01666666666667,50.43388888888889
2970,26Alp Mon,BD-09 2172,3.93,115.30833333333334,-9.551111111111112
2971,,CP-52 1242,6.06,114.75,-53.27333333333333
2973,75Sig Gem,BD+29 1590,4.28,115.825,28.88361111111111
2975,51    Cam,BD+65  593,5.92,116.66666666666667,65.45583333333333
2976,,BD-21 2077,6.18,115.34583333333333,-22.33722222222222
2977,49    Cam,BD+63  733,6.49,116.6125,62.830555555555556
2978,,BD+22 1756,6.21,115.84166666666667,22.399444444444445
2981,,CD-38 3556,5.42,115.3125,-38.53361111111111
2982,,BD+00 2054,6.19,115.77083333333334,0.18944444444444444
2983,76    Gem,BD+26 1633,5.31,116.025,25.784166666666668
2984,,CD-44 3655,6.41,115.3375,-44.632222222222225
2985,77Kap Gem,BD+24 1759,3.57,116.10833333333333,24.398055555555555
2987,,BD+13 1750,6.43,116.05833333333334,12.859444444444444
2988,,CD-26 4824,5.64,115.7,-26.351111111111113
2989,,BD+02 1761,6.47,116.02916666666667,2.405
2990,78Bet Gem,BD+28 1463,1.14,116.325,28.02611111111111
2993,1    Pup,CD-28 4767,4.59,115.88333333333333,-28.41111111111111
2994,,CD-35 3809,5.6,115.8,-36.05027777777777
2996,3    Pup,CD-28 4774,3.96,115.95,-28.954722222222223
2998,,CD-44 3675,5.06,115.7375,-45.17333333333333
2999,,BD+37 1769,5.18,116.6625,37.5175
3000,,CP-77  321,6.18,114.01666666666667,-77.63416666666667
3001,,CD-37 3820,6.4,115.925,-38.20194444444445
3002,,CD-40 3377,5.17,115.92083333333333,-40.93388888888889
3003,81    Gem,BD+18 1733,4.88,116.52916666666667,18.51
3004,,CD-24 5885,5.62,116.14166666666667,-24.67388888888889
3006,,CP-58  967,6.43,115.54166666666667,-58.630833333333335
3007,,CD-35 3825,5.8,116.03750000000001,-36.062777777777775
3008,11    CMi,BD+11 1670,5.3,116.56666666666666,10.768333333333334
3010,2    Pup,BD-14 2194,6.07,116.37083333333334,-14.690833333333334
3011,,CD-37 3841,5.88,116.14166666666667,-37.94305555555555
3012,,CP-57 1305,6.21,115.72083333333333,-58.230000000000004
3013,80Pi  Gem,BD+33 1585,5.14,116.875,33.41555555555556
3014,,BD-06 2281,5.49,116.50833333333334,-6.7725
3015,4    Pup,BD-14 2199,5.04,116.48333333333333,-14.56388888888889
3017,,CD-37 3863,3.61,116.3125,-37.968611111111116
3018,,CD-33 4113,5.37,116.39583333333333,-34.17305555555555
3019,,BD-12 2135,6.39,116.68333333333334,-12.675277777777778
3020,,CD-43 3534,6.03,116.325,-43.75222222222222
3022,,CD-37 3886,5.88,116.54166666666667,-37.93388888888889
3023,,BD-22 2027,5.9,116.8,-22.51972222222222
3024,Zet Vol,CP-72  627,3.95,115.45416666666668,-72.6061111111111
3026,,BD-15 2049,6.34,116.90833333333333,-15.990833333333333
3027,,BD-15 2052,6.43,116.9375,-16.014444444444443
3028,,BD+54 1177,6.02,117.77083333333333,54.12916666666667
3029,5    Pup,BD-11 2106,5.48,116.98333333333333,-12.193055555555556
3030,,BD+13 1772,6.04,117.25833333333333,13.370833333333334
3031,,CP-56 1420,6.12,116.39583333333333,-56.722500000000004
3032,,CD-39 3595,6.31,116.77083333333333,-39.331388888888895
3034,Omi Pup,CD-25 5081,4.5,117.02083333333333,-25.93722222222222
3035,,CD-38 3650,5.08,116.85416666666667,-38.51111111111111
3036,,CP-65  806,6.38,116.17916666666667,-66.07194444444444
3037,,CD-46 3435,5.23,116.87916666666666,-46.60861111111111
3038,,CP-69  770,6.18,116.05416666666666,-69.82138888888889
3039,,BD+55 1228,6.38,118.15,55.20944444444445
3040,,BD+33 1601,6.03,117.75833333333333,33.23361111111111
3041,,CD-40 3490,6.14,117.03333333333333,-40.65222222222222
3042,,BD-12 2164,6.23,117.36666666666667,-13.353333333333333
3043,,CD-24 6022,5.33,117.25416666666666,-24.91222222222222
3044,6    Pup,BD-16 2146,5.18,117.42083333333333,-17.22833333333333
3045,7Xi  Pup,CD-24 6030,3.34,117.32083333333333,-24.859722222222224
3046,,CD-46 3451,4.71,117.08333333333333,-47.07777777777778
3047,,BD-08 2096,5.61,117.54166666666667,-9.183333333333334
3049,,CD-34 3970,5.93,117.30833333333332,-35.24333333333333
3050,,BD+03 1818,6.18,117.69583333333333,3.277222222222222
3051,,BD-19 2089,6.12,117.52083333333333,-19.52361111111111
3052,,CD-32 4451,5.6,117.39583333333333,-33.288888888888884
3053,,BD+19 1854,5.99,117.98333333333332,19.325277777777778
3054,,BD-10 2253,6.16,117.72916666666666,-11.12861111111111
3055,,CD-46 3458,4.11,117.30833333333332,-46.373333333333335
3056,,CP-56 1437,6.33,117.07916666666667,-56.471111111111114
3057,,CD-44 3762,6.32,117.36666666666667,-44.75194444444445
3058,,CD-46 3460,5.84,117.3,-46.85777777777778
3059,13Zet CMi,BD+02 1808,5.14,117.925,1.7669444444444444
3060,,CD-24 6060,6.45,117.75,-24.528333333333332
3061,,BD+03 1824,6.31,118.02916666666668,3.277222222222222
3062,,CP-56 1442,5.59,117.275,-56.410555555555554
3063,8    Pup,BD-12 2179,6.36,117.91666666666666,-12.819444444444445
3064,9    Pup,BD-13 2267,5.17,117.94166666666666,-13.898055555555555
3065,25    Lyn,BD+47 1498,6.25,118.62083333333334,47.38611111111111
3066,26    Lyn,BD+47 1499,5.45,118.67500000000001,47.56472222222222
3067,83Phi Gem,BD+27 1499,4.97,118.37083333333334,26.765833333333333
3068,,BD-20 2235,5.63,117.925,-21.17388888888889
3069,,CD-44 3780,6.45,117.675,-44.57972222222222
3070,,CP-59  908,5.78,117.3,-60.28361111111111
3071,,CD-50 3004,5.91,117.59583333333333,-50.50972222222222
3072,,BD-05 2280,5.76,118.19583333333334,-5.428055555555556
3073,10    Pup,BD-14 2250,5.69,118.075,-14.846388888888889
3074,,CD-42 3601,6.32,117.83333333333333,-43.095555555555556
3075,,BD+74  338,5.41,120.04583333333332,73.91805555555555
3078,,CD-42 3610,6.04,117.91666666666666,-42.888333333333335
3079,,CD-34 4036,5.01,118.0625,-34.70527777777778
3080,,CD-40 3579,3.73,118.05416666666667,-40.575833333333335
3081,,CP-65  827,5.79,117.42083333333333,-66.19583333333334
3082,,BD+79  265,5.42,121.19583333333333,79.47972222222222
3083,,BD+35 1705,6.23,118.91666666666667,35.41277777777778
3084,,CD-38 3769,4.49,118.15833333333333,-38.863055555555555
3085,,CD-36 3989,5.43,118.26249999999999,-36.36388888888889
3086,85    Gem,BD+20 1946,5.35,118.91250000000001,19.883888888888887
3087,,BD+09 1815,5.86,118.87916666666666,8.862777777777778
3088,,CP-54 1420,5.7,118.12083333333335,-54.367222222222225
3089,,CD-49 3137,4.63,118.26249999999999,-49.613055555555555
3090,,CD-47 3396,4.24,118.32499999999999,-48.10305555555556
3091,,CD-35 4002,5.49,118.54583333333333,-35.8775
3092,,CD-34 4091,6.15,118.66250000000001,-34.846944444444446
3093,,BD+04 1860,6.17,119.09583333333333,4.485833333333334
3094,,BD+44 1693,6.34,119.56666666666666,43.9775
3095,1    Cnc,BD+16 1590,5.78,119.24583333333334,15.790277777777778
3096,,CD-30 5275,6.44,118.80416666666666,-30.9175
3097,,BD+09 1824,6.05,119.3125,8.641388888888889
3098,,BD+01 1959,6.35,119.31666666666666,1.1269444444444445
3099,,CD-29 5189,6.33,119.09166666666667,-30.28527777777778
3100,,CP-52 1333,6.38,118.75,-52.58305555555556
3101,,CD-43 3737,6.02,118.94166666666668,-43.845
3102,11    Pup,BD-22 2087,4.2,119.2125,-22.88
3103,,BD+07 1879,6.41,119.52083333333334,7.213611111111112
3104,,BD+16 1598,5.99,119.62916666666666,16.51861111111111
3105,,CP-56 1468,5.63,118.72083333333333,-57.30305555555555
3106,,BD+59 1130,5.77,120.33333333333336,59.0475
3108,,BD+84  169,6.49,124.22083333333335,84.05777777777777
3109,53    Cam,BD+60 1105,6.01,120.42500000000001,60.324444444444445
3110,14    CMi,BD+02 1833,5.29,119.58333333333333,2.2247222222222223
3111,,CD-42 3717,6.09,119.2375,-42.40611111111111
3112,,BD+63  749,6.4,120.62499999999999,63.09027777777778
3113,,CD-29 5236,4.79,119.41666666666667,-30.334722222222222
3114,,CD-43 3758,5.35,119.2375,-43.500277777777775
3115,,BD+13 1811,6.02,119.89583333333333,13.242222222222221
3116,,CD-43 3766,5.09,119.325,-44.109722222222224
3117,Chi Car,CP-52 1343,3.47,119.19166666666668,-52.98222222222223
3118,,CD-47 3457,6.22,119.33333333333334,-47.890277777777776
3119,,BD+57 1118,6.49,120.64583333333334,57.27361111111111
3120,,CP-60  935,5.74,119.075,-60.52638888888889
3121,,CD-45 3611,5.17,119.4625,-45.57777777777778
3122,27    Mon,BD-03 2157,4.93,119.93333333333334,-3.679722222222222
3123,12    Pup,BD-22 2104,5.11,119.77083333333334,-23.310555555555556
3124,2Ome1Cnc,BD+25 1812,5.83,120.22916666666666,25.392777777777777
3125,,BD+20 1976,6.25,120.2,19.816111111111113
3126,,CP-58 1028,6.25,119.20833333333334,-59.12638888888889
3128,3    Cnc,BD+17 1731,5.55,120.19583333333333,17.308611111111112
3129,,CD-48 3349,4.41,119.55833333333334,-49.245
3130,,BD+35 1731,6.34,120.47916666666667,35.41305555555555
3131,,BD-18 2118,4.61,119.96666666666667,-18.399166666666666
3132,4Ome2Cnc,BD+25 1816,6.31,120.42916666666667,25.08972222222222
3133,,CD-51 2784,6.44,119.5875,-51.448611111111106
3134,5    Cnc,BD+16 1612,5.99,120.375,16.455277777777777
3136,,BD+05 1857,5.65,120.30416666666667,4.879722222222223
3137,,CD-44 3920,5.99,119.75416666666666,-45.21611111111111
3138,,CP-59  944,5.6,119.44166666666668,-60.30333333333333
3139,,CP-62  925,6.14,119.3,-63.29694444444444
3140,,CD-38 3908,5.24,119.86666666666667,-39.29722222222222
3141,28    Mon,BD-00 1882,4.68,120.30416666666667,-1.3925
3142,,CD-49 3243,6.32,119.8,-49.97666666666667
3143,,CD-49 3244,6.34,119.80416666666666,-49.97361111111111
3144,,BD+09 1843,6.22,120.45833333333336,8.91388888888889
3145,,BD+02 1854,4.39,120.5625,2.3344444444444448
3147,,CP-60 1006,5.81,119.70833333333334,-60.824444444444445
3148,,CD-48 3384,6.02,120.05833333333334,-48.981388888888894
3149,Chi Gem,BD+28 1532,4.94,120.87916666666669,27.79416666666667
3150,,BD-05 2339,6.33,120.60833333333332,-6.337222222222222
3151,,CD-48 3388,6.12,120.11666666666666,-48.87138888888889
3152,,CP-59  954,6.33,119.91666666666667,-60.2075
3153,,CP-60 1018,5.17,119.90416666666667,-60.58694444444445
3154,,CD-36 4116,5.95,120.4041666666667,-37.28361111111111
3155,,CD-36 4120,6.34,120.525,-37.050555555555555
3156,,CP-53 1505,5.87,120.20416666666665,-54.15138888888889
3157,,CP-54 1470,6.1,120.34166666666667,-54.515
3159,,CP-63  866,4.82,120.08333333333334,-63.5675
3160,,CD-32 4766,5.82,120.76666666666668,-32.46388888888889
3161,,CP-55 1419,6.28,120.37916666666669,-55.455000000000005
3162,,CD-40 3776,5.52,120.68333333333334,-41.309999999999995
3163,8    Cnc,BD+13 1831,5.12,121.26666666666668,13.118055555555555
3164,,BD+27 1536,6.21,121.40416666666668,27.529722222222222
3165,Zet Pup,CD-39 3939,2.25,120.89583333333336,-40.00333333333333
3166,,CD-42 3832,6.29,120.87083333333335,-42.948611111111106
3168,14    Pup,BD-19 2228,6.13,121.17083333333332,-19.728055555555553
3169,9Mu 1Cnc,BD+23 1887,5.99,121.575,22.635555555555555
3170,,CD-32 4796,5.31,121.06666666666668,-32.675
3171,,CP-72  654,6.34,119.81666666666666,-73.24472222222222
3172,,BD-00 1903,6.41,121.45416666666667,-0.5736111111111111
3173,27    Lyn,BD+51 1391,4.84,122.1125,51.50666666666667
3174,,BD-08 2222,6.23,121.6125,-9.245
3175,,BD+58 1102,5.93,122.51249999999997,58.24805555555556
3176,10Mu 2Cnc,BD+22 1862,5.3,121.9375,21.581666666666667
3177,,CD-33 4525,6.14,121.43333333333334,-33.56916666666667
3178,,CD-50 3138,5.95,121.175,-50.59055555555556
3179,,CD-46 3764,6.19,121.33333333333336,-46.97888888888889
3180,,CP-52 1376,5.53,121.26666666666668,-53.10805555555556
3181,,BD+42 1819,6.27,122.34583333333335,42.43055555555555
3182,,BD+68  524,5.32,123.19999999999999,68.47416666666666
3183,,BD-20 2395,5.38,121.82500000000002,-20.554722222222225
3184,12    Cnc,BD+14 1831,6.27,122.175,13.640833333333333
3185,15Rho Pup,CD-23 6828,2.81,121.88333333333334,-24.304166666666667
3186,,CP-62  953,6.3,121.175,-62.836111111111116
3187,,CD-44 4051,5.05,121.66666666666666,-45.26638888888889
3188,29Zet Mon,BD-02 2450,4.34,122.14583333333334,-2.983888888888889
3189,,BD-10 2400,6.32,122.23333333333333,-11.339722222222223
3190,,BD-19 2262,6.36,122.17916666666665,-20.363055555555558
3191,14Psi Cnc,BD+25 1865,5.73,122.6125,25.50722222222222
3192,16    Pup,BD-18 2190,4.4,122.25416666666666,-19.245
3194,,BD-15 2280,5.68,122.36666666666666,-16.24888888888889
3195,,CD-37 4288,6.37,122.15416666666667,-37.68138888888889
3197,,BD+82  235,6.32,126.13333333333333,82.43083333333334
3198,,BD+15 1775,6.23,122.74166666666667,14.629444444444445
3199,,CD-35 4256,6.2,122.29166666666669,-35.455000000000005
3200,,BD+56 1278,5.85,123.45833333333334,56.452222222222225
3201,,BD+10 1746,6.07,122.81666666666668,9.821111111111112
3202,18    Pup,BD-13 2420,5.54,122.66250000000001,-13.799166666666666
3203,,CD-48 3516,5.7,122.2875,-48.68444444444444
3204,,CD-43 3998,5.21,122.39583333333334,-44.12277777777778
3205,,CD-42 3944,6.26,122.44583333333333,-42.64055555555556
3206,Gam1Vel,CD-46 3846,4.27,122.37083333333334,-47.34583333333334
3207,Gam2Vel,CD-46 3847,1.78,122.38333333333333,-47.336666666666666
3208,16Zet1Cnc,BD+18 1867,5.63,123.05,17.647777777777776
3209,16Zet1Cnc,BD+18 1867,6.02,123.05,17.647777777777776
3210,16Zet2Cnc,BD+18 1867,6.2,123.05416666666665,17.647777777777776
3211,19    Pup,BD-12 2385,4.72,122.81666666666668,-12.926944444444445
3212,,BD-07 2378,5.36,122.88750000000002,-7.7725
3213,,CD-47 3653,5.23,122.42916666666666,-47.9375
3215,15    Cnc,BD+30 1664,5.64,123.28333333333335,29.656666666666666
3216,,BD+76  310,5.54,124.88333333333333,75.75694444444444
3217,,CP-63  896,6.28,122.09999999999998,-63.801111111111105
3218,,CP-55 1467,5.66,122.38750000000002,-56.08555555555556
3219,,CD-36 4291,6.44,122.75416666666666,-37.29222222222222
3220,,CP-60 1074,4.76,122.25,-61.302499999999995
3221,,BD+60 1119,6.45,123.95833333333334,60.38055555555555
3222,,BD+16 1662,6.01,123.24583333333332,16.514166666666668
3223,Eps Vol,CP-68  736,4.35,121.97916666666667,-68.61722222222221
3225,,CD-39 4084,4.45,122.8375,-39.618611111111115
3226,,CD-42 3979,4.75,122.85416666666667,-42.98722222222222
3227,,CD-48 3576,5.82,122.79583333333333,-48.46194444444445
3228,,BD+18 1882,6.47,123.54583333333332,17.675833333333333
3229,20    Pup,BD-15 2324,4.99,123.33333333333334,-15.788333333333334
3231,,BD+13 1868,6.38,123.58749999999999,13.048333333333334
3232,,CD-46 3902,5.76,122.99999999999999,-46.64416666666666
3233,,CD-37 4394,6.43,123.21249999999998,-37.92444444444444
3234,,CD-45 3892,6.03,123.12499999999999,-46.26416666666667
3235,29    Lyn,BD+60 1124,5.64,124.45833333333334,59.571111111111115
3236,,BD+72  409,5.98,125.16666666666667,72.40722222222223
3237,,CD-35 4349,4.78,123.37083333333334,-35.89972222222222
3238,,CD-33 4705,6.37,123.42083333333332,-33.56916666666667
3239,,CD-31 5742,6.06,123.54583333333332,-32.14083333333333
3240,,CD-35 4358,5.08,123.49166666666667,-36.322500000000005
3241,,CD-35 4360,6.11,123.49166666666667,-36.34111111111111
3242,,CD-35 4365,5.78,123.55416666666665,-35.49055555555556
3243,,CD-39 4128,4.44,123.50833333333333,-40.34805555555556
3244,,CD-46 3929,5.13,123.4,-46.99194444444444
3245,,BD+62  991,5.71,124.82083333333333,62.507222222222225
3246,,BD+54 1215,6.27,124.5625,54.14361111111111
3247,,CD-49 3430,5.51,123.39166666666667,-50.19611111111111
3249,17Bet Cnc,BD+09 1917,3.52,124.125,9.185555555555556
3250,,CD-45 3914,5.83,123.59583333333332,-45.83444444444444
3251,,CD-30 5946,6.21,123.96666666666667,-30.925833333333333
3252,,BD+09 1921,6.29,124.37916666666668,8.866111111111111
3253,,CD-35 4401,6.16,123.99166666666667,-35.90277777777778
3254,30    Lyn,BD+58 1112,5.89,125.10833333333333,57.74333333333333
3256,,CD-50 3227,6.44,123.84583333333333,-50.44944444444444
3257,21    Pup,BD-15 2362,6.16,124.34583333333333,-16.285
3258,,BD+54 1217,6.49,125.12083333333335,53.574444444444445
3259,,BD-12 2449,5.98,124.59583333333335,-12.631944444444445
3260,,CP-62  985,5.16,123.8125,-62.91583333333333
3261,,CD-29 5897,6.45,124.49166666666667,-30.003333333333334
3262,18Chi Cnc,BD+27 1589,5.14,125.0125,27.217777777777776
3264,,BD+21 1817,5.83,125.0875,20.747777777777777
3265,,BD-09 2471,6.32,124.8125,-10.165833333333333
3266,,CD-35 4452,5.58,124.57083333333334,-35.45166666666667
3269,,BD+04 1954,6.05,124.95416666666665,3.947777777777778
3270,,CD-36 4449,4.45,124.63750000000002,-36.659444444444446
3271,,BD-00 1966,6.18,125.05416666666667,-0.9094444444444445
3272,,BD-04 2303,6.13,125.07083333333334,-5.329166666666667
3273,,CD-34 4627,6.43,124.87083333333334,-34.59027777777778
3274,,CP-58 1095,6.42,124.47916666666666,-59.16694444444444
3275,31    Lyn,BD+43 1815,4.25,125.70833333333334,43.18805555555555
3276,,BD-22 2233,6.13,125.11250000000001,-22.924722222222222
3277,,BD+53 1246,5.51,125.95,53.219722222222224
3279,,BD-19 2369,5.58,125.33749999999999,-20.079166666666666
3280,,CP-65  907,5.07,124.57500000000002,-65.61333333333333
3281,,BD-17 2464,5.75,125.47500000000001,-17.586388888888887
3282,,CD-32 5185,4.83,125.34583333333333,-33.05444444444444
3283,,CD-36 4513,5.2,125.33749999999999,-36.48444444444444
3284,20    Cnc,BD+18 1930,5.95,125.83749999999999,18.33222222222222
3285,,BD-05 2512,6.15,125.625,-6.179166666666667
3286,,CD-39 4245,6.16,125.34999999999998,-39.62083333333334
3287,,BD+42 1859,6.02,126.17500000000001,42.005
3288,,BD-07 2452,5.96,125.72500000000002,-7.543333333333333
3289,22    Pup,BD-12 2490,6.11,125.69166666666668,-13.054722222222223
3290,21    Cnc,BD+11 1830,6.08,125.97916666666666,10.631944444444445
3291,,CD-25 5988,5.9,125.70416666666667,-26.348055555555554
3292,,BD+35 1819,6.06,126.26666666666667,35.01138888888889
3293,,CP-57 1490,5.97,125.3,-57.973055555555554
3294,,CD-48 3734,4.82,125.62916666666668,-48.49027777777778
3295,,BD-04 2328,6.01,126.15,-4.716944444444445
3296,,CD-37 4638,6.32,125.82083333333333,-38.28583333333333
3297,1    Hya,BD-03 2333,5.61,126.14583333333334,-3.7511111111111113
3298,,CP-63  940,6.12,125.27916666666665,-64.1061111111111
3299,25    Cnc,BD+17 1842,6.14,126.45416666666665,17.046111111111113
3300,,CD-51 2980,5.85,125.72916666666667,-52.12388888888889
3301,Kap1Vol,CP-71  677,5.37,124.95416666666665,-71.515
3302,Kap2Vol,CP-71  678,5.65,125.00000000000001,-71.50527777777778
3303,,BD+67  545,5.88,127.44166666666666,67.2975
3304,22Phi1Cnc,BD+28 1602,5.57,126.61250000000001,27.89361111111111
3305,,BD+02 1965,5.73,126.39583333333333,2.102222222222222
3306,,BD+08 2053,5.13,126.475,7.564444444444444
3307,Eps Car,CP-59 1032,1.86,125.625,-59.50972222222222
3308,,BD-22 2262,5.68,126.22916666666667,-23.15361111111111
3309,,BD+46 1398,6.32,126.89999999999999,45.653055555555554
3314,,BD-03 2339,3.9,126.41250000000001,-3.906388888888889
3315,,CD-23 7277,5.28,126.26249999999997,-24.046111111111113
3316,,BD-20 2522,6.01,126.32916666666665,-21.045833333333334
3317,,BD-16 2442,6.44,126.41250000000001,-17.439444444444444
3318,Alp Cha,CP-76  507,4.07,124.62916666666669,-76.91972222222223
3319,27    Cnc,BD+13 1912,5.5,126.67916666666666,12.654444444444445
3320,,BD-14 2517,5.98,126.47916666666666,-14.929722222222221
3321,2    Hya,BD-03 2345,5.59,126.61250000000001,-3.9875000000000003
3322,,CD-42 4219,5.98,126.2375,-42.769444444444446
3323,1Omi UMa,BD+61 1054,3.36,127.5625,60.71805555555556
3324,,BD-12 2524,5.54,126.67083333333332,-12.534444444444444
3326,,CD-41 4119,5.47,126.46249999999998,-42.15333333333333
3329,28    Cnc,BD+24 1931,6.1,127.15,24.14472222222222
3330,,CD-51 3004,5.17,126.37916666666666,-51.72805555555556
3332,,BD+69  472,6.31,128.22083333333333,69.32
3333,29    Cnc,BD+14 1899,5.95,127.15416666666668,14.210833333333333
3334,Eta Vol,CP-72  694,5.29,125.51666666666668,-73.4
3336,,CD-31 6079,6.33,126.81666666666666,-31.673055555555557
3337,,BD-02 2581,6.39,127.12083333333334,-2.5172222222222222
3338,,BD-08 2374,6.43,127.07916666666667,-8.816111111111113
3340,The Cha,CP-77  383,4.35,125.15833333333335,-77.48444444444445
3341,,CP-52 1474,6.05,126.60416666666667,-52.8075
3342,,BD-09 2532,6.0,127.20833333333334,-9.748333333333333
3343,,CD-34 4842,5.75,126.99583333333332,-35.11388888888889
3346,,CP-64  878,5.97,126.46249999999998,-64.60083333333333
3347,Bet Vol,CP-65  933,3.77,126.43333333333332,-66.13694444444445
3348,,BD+37 1870,6.18,127.82916666666668,37.26583333333333
3350,,CP-52 1484,5.09,126.89999999999999,-53.08861111111111
3351,,BD+53 1259,6.24,128.13750000000002,53.11472222222223
3352,,BD+75  342,6.31,129.2,74.72361111111111
3354,2    UMa,BD+65  638,5.47,128.65,65.14500000000001
3355,30Ups1Cnc,BD+24 1940,5.75,127.875,24.08111111111111
3356,,CD-43 4337,5.79,127.27916666666664,-44.160555555555554
3357,31The Cnc,BD+18 1963,5.35,127.89583333333336,18.094444444444445
3358,,CD-47 4004,5.33,127.26666666666665,-47.92916666666667
3359,,CD-44 4462,4.99,127.3625,-44.725
3360,,BD+38 1920,5.9,128.22916666666666,38.01638888888889
3362,,CD-31 6165,5.65,127.61666666666666,-32.159444444444446
3363,,CD-45 4183,5.99,127.43749999999997,-46.331944444444446
3365,32    Lyn,BD+36 1836,6.24,128.3375,36.436388888888885
3366,33Eta Cnc,BD+20 2109,5.33,128.175,20.441111111111113
3367,,BD-19 2438,5.42,127.875,-19.5775
3368,,CP-54 1667,6.36,127.39999999999998,-55.191111111111105
3369,32Ups2Cnc,BD+24 1946,6.36,128.25,24.084722222222222
3370,,CP-69  919,5.53,126.81666666666666,-70.09333333333333
3371,,CD-44 4477,6.3,127.66250000000001,-44.73722222222222
3372,34    Cnc,BD+10 1818,6.46,128.16250000000002,10.066111111111113
3373,,CD-38 4566,6.31,127.85,-39.064166666666665
3374,,BD-14 2564,6.38,128.13750000000002,-15.029444444444445
3375,,CD-47 4048,6.39,127.79166666666669,-47.86666666666667
3376,,BD+13 1940,6.28,128.4375,13.257222222222222
3377,33    Lyn,BD+36 1840,5.78,128.67916666666665,36.419444444444444
3378,,BD+05 1997,5.87,128.42916666666667,4.756666666666667
3379,,BD+74  370,6.15,129.925,73.62972222222221
3380,,BD+08 2077,6.03,128.55416666666665,8.451944444444443
3381,,CD-24 7089,6.19,128.26666666666668,-24.60638888888889
3382,,CP-53 1729,6.34,127.87083333333335,-54.39416666666666
3383,,BD-01 2074,5.81,128.50416666666666,-2.1516666666666664
3384,,CD-31 6229,6.38,128.21249999999998,-31.500833333333333
3385,,CD-34 4959,6.36,128.24166666666667,-34.63388888888889
3386,,CP-52 1517,5.69,128.01666666666668,-53.21222222222222
3388,,CD-37 4850,6.49,128.32916666666668,-38.37111111111111
3389,,CD-38 4610,5.96,128.40833333333333,-38.848888888888894
3390,,CD-46 4300,6.24,128.375,-46.971111111111114
3391,3Pi 1UMa,BD+65  643,5.64,129.79583333333332,65.02083333333333
3392,,BD+03 2014,6.33,128.85,2.743611111111111
3393,,CP-80  258,5.69,126.07916666666667,-80.91416666666667
3394,,BD+15 1851,6.32,129.02916666666664,15.313611111111111
3395,,BD+07 1997,5.99,128.9625,6.62
3397,,CD-32 5465,6.43,128.62916666666666,-32.59861111111111
3398,3    Hya,BD-07 2540,5.72,128.86666666666667,-7.982222222222222
3399,,CD-37 4873,6.3,128.62083333333334,-37.61138888888889
3400,,BD+53 1268,5.66,129.59166666666664,53.40138888888889
3401,,BD+60 1148,6.48,129.79166666666669,59.93944444444444
3402,,CD-26 6225,5.96,128.86666666666667,-26.84361111111111
3403,4Pi 2UMa,BD+64  698,4.6,130.05,64.32777777777777
3404,,CD-39 4519,6.47,128.8,-39.97
3406,36    Cnc,BD+10 1837,5.88,129.27083333333334,9.655555555555557
3407,,CD-49 3646,5.01,128.67916666666665,-49.94416666666666
3408,,BD+53 1272,5.91,129.82083333333333,52.711666666666666
3409,,BD+33 1728,5.94,129.57916666666665,32.801944444444445
3410,4Del Hya,BD+06 2001,4.16,129.41250000000002,5.703611111111111
3411,,BD-04 2401,6.19,129.3625,-4.933611111111111
3413,,CD-50 3417,5.8,128.9666666666667,-50.97
3414,,CP-57 1591,4.86,128.82916666666668,-58.009166666666665
3415,,CP-57 1590,5.26,128.8125,-58.225
3417,,CP-72  713,6.12,128.175,-73.35666666666665
3418,5Sig Hya,BD+03 2026,4.44,129.68749999999997,3.341388888888889
3419,,CD-33 5257,6.48,129.37083333333334,-33.74583333333334
3420,Eta Pyx,CD-25 6356,5.27,129.46666666666667,-26.255
3422,34    Lyn,BD+46 1422,5.37,130.25416666666666,45.83388888888889
3424,,BD+08 2099,6.45,129.85,8.017222222222223
3425,,BD-19 2489,6.33,129.66666666666666,-19.736944444444447
3426,,CD-42 4451,4.14,129.40833333333333,-42.98916666666667
3427,39    Cnc,BD+20 2158,6.39,130.025,20.00777777777778
3428,,BD+20 2166,6.44,130.09166666666664,19.67
3429,41Eps Cnc,BD+20 2171,6.3,130.11249999999998,19.545
3430,,BD-22 2345,5.05,129.78333333333333,-22.661944444444444
3431,6    Hya,BD-11 2420,4.98,130.00416666666663,-12.475277777777778
3432,,CP-62 1058,5.47,129.32500000000002,-62.853611111111114
3433,Zet Pyx,CD-29 6544,4.89,129.925,-29.561111111111114
3434,,CD-36 4872,6.13,129.84166666666667,-36.606944444444444
3435,,CP-52 1565,6.47,129.68333333333334,-53.09055555555556
3436,,BD+47 1606,6.22,130.75,46.901111111111106
3438,Bet Pyx,CD-34 5128,3.97,130.025,-35.30833333333333
3439,,CD-39 4653,5.2,130.07916666666665,-40.26416666666667
3440,,CP-53 1796,5.48,129.84583333333333,-53.439722222222215
3441,9    Hya,BD-15 2554,4.88,130.42916666666665,-15.943333333333333
3442,,CP-52 1579,5.19,129.9875,-53.055
3443,,CP-59 1075,6.36,129.80416666666667,-60.31722222222223
3444,,CD-44 4679,5.71,130.14583333333334,-45.19138888888889
3445,,CD-46 4438,3.84,130.15416666666667,-46.64888888888889
3446,,BD-11 2432,6.45,130.5375,-11.966111111111111
3447,,CP-52 1583,3.62,130.07083333333333,-52.92194444444444
3448,,CP-52 1584,5.61,130.07083333333333,-53.015277777777776
3449,43Gam Cnc,BD+21 1895,4.66,130.82083333333333,21.46861111111111
3450,45    Cnc,BD+13 1972,5.64,130.8,12.680833333333332
3452,,CD-46 4448,4.77,130.30416666666667,-47.316944444444445
3453,,CD-48 4020,5.9,130.27083333333331,-48.9225
3454,7Eta Hya,BD+03 2039,4.3,130.80416666666667,3.3986111111111112
3455,,CP-57 1644,6.34,130.17916666666665,-57.54527777777778
3456,,CD-44 4704,5.23,130.48333333333335,-45.41083333333333
3457,,CP-59 1080,4.33,130.15416666666667,-59.76111111111111
3458,,BD+04 2029,6.37,130.99583333333334,4.334722222222222
3459,,BD-06 2708,4.62,130.91666666666666,-7.233611111111111
3460,The Vol,CP-69  946,5.2,129.77083333333331,-70.38694444444445
3461,47Del Cnc,BD+18 2027,3.94,131.17083333333332,18.154166666666665
3462,,CD-47 4251,5.51,130.56666666666666,-48.09916666666667
3463,,CD-35 4976,6.42,130.73749999999998,-35.94333333333333
3464,46    Cnc,BD+31 1876,6.13,131.3375,30.697777777777777
3465,49    Cnc,BD+10 1864,5.66,131.18749999999997,10.081666666666667
3466,,CP-52 1605,5.52,130.575,-53.1
3467,,CP-52 1607,4.86,130.60416666666666,-53.11388888888889
3468,Alp Pyx,CD-32 5651,3.68,130.89583333333334,-33.186388888888885
3469,10    Hya,BD+06 2030,6.13,131.25416666666666,5.680555555555556
3470,,BD+67  560,6.2,132.20416666666668,66.70805555555556
3471,,CP-55 1688,6.29,130.58333333333334,-55.774166666666666
3472,,BD-02 2676,6.41,131.33333333333334,-2.6008333333333336
3473,,BD-20 2667,6.11,131.22916666666666,-21.16777777777778
3475,48Iot Cnc,BD+29 1824,4.02,131.67083333333332,28.76
3476,,CD-49 3761,5.16,130.91666666666666,-49.82277777777778
3477,,CD-42 4569,4.07,131.09999999999997,-42.649166666666666
3478,,BD-01 2125,5.7,131.50833333333335,-2.048888888888889
3479,,CD-36 4980,5.76,131.21249999999998,-37.14722222222222
3480,,BD-10 2634,6.25,131.525,-11.006388888888889
3481,50    Cnc,BD+12 1904,5.87,131.73333333333335,12.11
3482,11Eps Hya,BD+06 2036,3.38,131.6916666666667,6.4188888888888895
3483,,CD-24 7377,6.1,131.45416666666665,-25.3875
3484,12    Hya,BD-13 2673,4.32,131.59166666666667,-13.547777777777778
3485,Del Vel,CP-54 1788,1.96,131.17499999999998,-54.708333333333336
3486,,BD-01 2130,5.29,131.8125,-1.8972222222222221
3487,,CD-45 4517,3.91,131.50416666666666,-46.041666666666664
3488,,CD-40 4602,6.21,131.59583333333336,-41.12555555555556
3489,,CP-58 1202,6.21,131.27083333333331,-58.725
3490,,CD-34 5243,6.37,131.70416666666668,-34.62277777777778
3491,,CP-67  990,6.32,130.97500000000002,-68.21166666666667
3492,13Rho Hya,BD+06 2040,4.36,132.10833333333335,5.837777777777777
3493,,BD-06 2727,6.09,132.01666666666668,-6.5586111111111105
3494,,CD-45 4526,5.46,131.625,-45.91277777777778
3495,,CP-65 1013,6.05,131.12499999999997,-65.82555555555555
3496,,CD-45 4541,5.75,131.82500000000002,-46.15555555555555
3497,,CD-41 4507,6.36,131.91666666666666,-41.73722222222222
3498,,CP-56 1865,4.49,131.675,-56.76972222222222
3499,,BD+33 1765,6.25,132.63333333333333,33.28527777777778
3500,14    Hya,BD-02 2699,5.31,132.3375,-3.443055555555556
3501,,CD-41 4516,6.43,132.03333333333336,-42.46388888888889
3502,Eta Cha,CP-78  372,5.47,130.32916666666668,-78.96333333333334
3503,,CP-52 1675,6.3,132.0,-52.85055555555556
3505,5    UMa,BD+62 1027,5.73,133.34166666666664,61.96222222222222
3507,,BD-20 2693,6.47,132.43333333333334,-21.048611111111114
3508,35    Lyn,BD+44 1794,5.15,132.98333333333335,43.72666666666667
3509,,BD+45 1649,5.99,133.04583333333335,45.3125
3510,54    Cnc,BD+15 1917,6.38,132.75416666666666,15.350555555555555
3511,,BD+42 1935,5.99,133.04166666666669,42.0025
3512,,CD-32 5770,5.21,132.46249999999998,-32.78055555555555
3513,,CD-28 6600,5.87,132.50833333333335,-29.463055555555556
3514,,CD-39 4838,5.48,132.41250000000002,-40.32055555555556
3516,,CD-28 6610,6.17,132.5875,-28.618055555555557
3517,,CD-38 4925,6.39,132.46666666666667,-39.141666666666666
3518,Gam Pyx,CD-27 5986,4.01,132.6291666666667,-27.71
3519,51Sig1Cnc,BD+33 1770,5.66,133.14166666666668,32.47416666666667
3520,,CD-44 4861,4.93,132.44583333333333,-45.308055555555555
3521,53    Cnc,BD+28 1659,6.23,133.11666666666667,28.259166666666665
3522,55Rho1Cnc,BD+28 1660,5.95,133.14583333333334,28.330833333333334
3523,15    Hya,BD-06 2743,5.54,132.89166666666665,-7.177222222222222
3524,,CP-78  378,6.05,130.8,-79.06972222222223
3525,,CD-41 4560,6.0,132.5875,-42.09
3526,,BD+05 2074,6.33,133.1,5.34
3527,,CD-46 4661,5.1,132.63750000000002,-46.52916666666667
3528,,BD+36 1883,6.14,133.47916666666666,35.538333333333334
3529,,BD-12 2716,6.13,133.125,-13.23361111111111
3531,6    UMa,BD+65  673,5.58,134.15416666666667,64.60388888888889
3532,57    Cnc,BD+31 1907,5.39,133.55833333333334,30.579444444444444
3534,,CD-36 5125,6.42,133.15833333333333,-36.54555555555555
3535,,CD-38 4980,5.82,133.20000000000002,-38.72416666666667
3536,,CP-57 1759,5.59,132.89999999999998,-57.63361111111111
3537,,CP-66  927,5.35,132.64166666666668,-66.79305555555555
3538,,BD-04 2490,6.0,133.57083333333333,-5.434444444444445
3539,,CD-47 4460,5.91,133.15833333333333,-48.35916666666667
3540,58Rho2Cnc,BD+28 1666,5.22,133.9125,27.927500000000002
3542,,CD-51 3303,6.39,133.16666666666669,-52.12916666666667
3543,,CP-79  352,5.79,131.47916666666666,-79.50444444444445
3544,,CP-72  747,6.11,132.45833333333334,-72.55083333333333
3545,,BD+46 1459,5.74,134.20833333333334,45.63194444444444
3546,,BD+40 2125,5.89,134.125,40.20166666666667
3547,16Zet Hya,BD+06 2060,3.11,133.84583333333333,5.945555555555556
3548,,CD-39 4924,6.47,133.45833333333334,-40.4475
3549,,CP-56 1918,6.03,133.2625,-56.64944444444444
3550,60    Cnc,BD+12 1941,5.41,133.97916666666666,11.626111111111111
3551,,CD-47 4480,5.33,133.45833333333334,-47.520833333333336
3554,,BD-17 2691,5.75,133.8,-18.24138888888889
3555,59Sig2Cnc,BD+33 1785,5.45,134.23333333333335,32.91027777777778
3556,Del Pyx,CD-27 6072,4.89,133.87916666666666,-27.681944444444447
3557,,BD+04 2081,6.14,134.15,4.236666666666666
3558,,BD+17 1979,6.17,134.28333333333333,17.14388888888889
3559,,CD-23 7902,6.39,133.97916666666666,-23.81833333333333
3560,,CP-59 1174,5.78,133.45,-60.35416666666667
3561,62Omi1Cnc,BD+15 1945,5.2,134.30833333333334,15.322777777777777
3562,,CD-44 4951,6.26,133.82916666666665,-45.041666666666664
3563,61    Cnc,BD+30 1795,6.29,134.49166666666667,30.233611111111113
3564,,BD-16 2639,5.96,134.14166666666665,-16.709444444444443
3565,63Omi2Cnc,BD+16 1864,5.67,134.39583333333334,15.581388888888888
3567,,BD+09 2093,6.19,134.42499999999998,9.387777777777778
3568,,CP-57 1790,6.38,133.72500000000002,-58.24
3569,9Iot UMa,BD+48 1707,3.14,134.79999999999998,48.041666666666664
3570,,CP-54 1925,5.71,133.79583333333332,-54.96555555555556
3571,,CP-60 1243,3.84,133.75833333333333,-60.64472222222222
3572,65Alp Cnc,BD+12 1948,4.25,134.62083333333334,11.857777777777777
3574,,CP-52 1788,4.69,134.07916666666668,-52.72361111111111
3575,64Sig3Cnc,BD+32 1821,5.2,134.88333333333333,32.41861111111111
3576,8Rho UMa,BD+68  551,4.76,135.63333333333333,67.62972222222221
3577,,BD+18 2093,6.38,134.79166666666666,18.134722222222223
3578,,BD-15 2656,5.86,134.67916666666665,-16.13277777777778
3579,,BD+42 1956,3.97,135.15833333333333,41.782777777777774
3581,,BD+84  196,6.33,138.8375,84.18111111111112
3582,,CP-58 1301,4.92,134.24166666666667,-59.22944444444445
3583,,CD-48 4282,5.87,134.47916666666666,-48.57333333333334
3584,,BD-18 2536,6.18,134.9125,-19.208055555555553
3585,,CD-28 6793,6.25,134.81249999999997,-28.80611111111111
3586,,BD+40 2138,6.36,135.41666666666669,39.71333333333334
3588,,CD-46 4810,5.18,134.71666666666667,-47.234722222222224
3589,67    Cnc,BD+28 1674,6.07,135.45000000000002,27.902777777777775
3590,,BD+06 2087,6.07,135.3791666666667,5.640833333333333
3591,,CD-40 4810,4.45,135.02083333333331,-41.25388888888889
3592,,BD+54 1272,5.75,136.0,54.28388888888889
3593,,CD-42 4875,6.07,135.09166666666664,-43.17333333333333
3594,12Kap UMa,BD+47 1633,3.6,135.9041666666667,47.156666666666666
3595,69Nu  Cnc,BD+25 2029,5.45,135.68333333333334,24.452777777777776
3596,,BD+00 2449,5.67,135.4916666666667,-0.4827777777777778
3597,,CD-26 6647,6.2,135.29583333333335,-26.663888888888888
3598,,CP-58 1327,5.16,134.84999999999997,-59.08361111111111
3599,,BD+07 2066,5.85,135.68333333333334,7.298055555555555
3600,,CD-41 4720,5.55,135.33333333333337,-41.864444444444445
3602,,CD-38 5154,6.27,135.525,-39.402499999999996
3603,,BD+49 1801,5.95,136.35,48.530277777777776
3604,,CP-60 1283,5.79,135.1875,-60.96388888888889
3605,,CD-51 3430,5.23,135.43333333333334,-52.18833333333333
3606,,BD+32 1837,6.46,136.22916666666666,32.37694444444445
3608,,BD+59 1217,6.45,136.67916666666665,59.34444444444445
3609,11Sig1UMa,BD+67  573,5.14,137.09583333333333,66.87333333333332
3610,,CP-68  879,5.88,135.28333333333336,-68.68388888888889
3611,,CP-53 2072,6.4,135.77083333333334,-53.54972222222222
3612,,BD+39 2200,4.56,136.62916666666666,38.452222222222225
3613,18Ome Hya,BD+05 2116,4.97,136.49166666666667,5.0922222222222215
3614,,CD-46 4883,3.75,136.0375,-47.09777777777778
3615,Alp Vol,CP-65 1065,4.0,135.60833333333332,-66.39611111111111
3616,13Sig2UMa,BD+67  577,4.8,137.59583333333333,67.13472222222222
3617,,BD+23 2048,6.4,136.85833333333332,22.981111111111108
3618,,BD+02 2145,6.17,136.74583333333334,1.4627777777777777
3619,15    UMa,BD+52 1365,4.48,137.21666666666667,51.60472222222222
3621,72Tau Cnc,BD+30 1817,5.43,137.0,29.654166666666665
3622,,CP-57 1859,6.44,136.2,-57.8525
3623,76Kap Cnc,BD+11 1984,5.24,136.93333333333334,10.668055555555554
3624,14Tau UMa,BD+64  723,4.67,137.72916666666666,63.51361111111111
3625,,BD+34 1949,5.93,137.21249999999998,33.882222222222225
3626,75    Cnc,BD+27 1715,5.98,137.19583333333333,26.629166666666666
3627,77Xi  Cnc,BD+22 2061,5.14,137.3375,22.045555555555556
3628,Kap Pyx,CD-25 6895,4.58,137.00833333333333,-25.858333333333334
3629,,CP-55 1957,6.11,136.64166666666665,-55.80333333333333
3630,19    Hya,BD-08 2588,5.6,137.17499999999998,-8.589444444444444
3632,,CP-63 1093,6.37,136.52916666666664,-64.49972222222222
3634,Lam Vel,CD-42 4990,2.21,136.99583333333334,-43.4325
3635,,BD+12 1979,6.48,137.44166666666666,11.564444444444446
3636,,BD-11 2565,5.77,137.29583333333332,-12.357777777777777
3637,,CD-26 6766,6.15,137.17916666666665,-26.767777777777777
3638,,BD-17 2765,5.73,137.26666666666668,-18.328611111111112
3639,,BD+31 1946,5.95,137.65833333333333,30.963055555555556
3640,79    Cnc,BD+22 2063,6.01,137.58333333333334,21.99638888888889
3641,20    Hya,BD-08 2593,5.46,137.39583333333334,-8.787777777777778
3642,,CP-70  861,4.71,136.40833333333333,-70.53888888888889
3643,,CP-72  779,4.48,136.28333333333336,-72.60277777777777
3644,Eps Pyx,CD-29 7194,5.59,137.48333333333335,-30.36527777777778
3645,,BD+73  452,5.96,138.96666666666667,72.94611111111111
3647,,CD-48 4471,6.48,137.4375,-49.42472222222222
3648,16    UMa,BD+62 1058,5.13,138.58333333333334,61.42333333333333
3649,,BD+06 2120,6.35,137.97916666666666,5.468333333333334
3651,,BD+04 2139,6.14,138.05,3.8672222222222223
3652,36    Lyn,BD+43 1893,5.32,138.45000000000002,43.217777777777776
3653,,BD-19 2644,5.73,137.99166666666667,-19.747777777777777
3654,,CD-44 5206,5.0,137.76666666666668,-44.86805555555556
3655,21    Hya,BD-06 2845,6.11,138.10833333333332,-7.109722222222222
3656,,CD-38 5358,6.0,137.92083333333332,-39.25888888888889
3657,,BD+21 1991,6.48,138.40416666666667,21.283333333333335
3658,,CD-46 4987,5.79,137.88750000000002,-46.58388888888889
3659,,CP-58 1419,3.44,137.74166666666667,-58.966944444444444
3660,17    UMa,BD+57 1211,5.27,138.95416666666665,56.74138888888889
3661,,CD-43 5041,5.57,138.12499999999997,-43.61361111111111
3662,18    UMa,BD+54 1285,4.83,139.04583333333335,54.02194444444444
3663,,CP-61 1201,3.97,137.8166666666667,-62.31722222222223
3664,,BD+35 1966,5.97,138.80833333333334,34.63361111111111
3665,22The Hya,BD+02 2167,3.88,138.58749999999998,2.3141666666666665
3667,,CD-38 5376,6.31,138.35416666666669,-38.61638888888889
3668,,CD-41 4904,6.29,138.32500000000002,-42.27361111111111
3669,82Pi 2Cnc,BD+15 2009,5.34,138.80416666666667,14.94138888888889
3670,,CD-46 5010,5.92,138.39166666666665,-47.33861111111111
3672,,CD-43 5068,5.85,138.53333333333333,-44.145833333333336
3673,,CP-58 1432,5.54,138.22916666666666,-59.41444444444444
3674,,CD-42 5086,5.25,138.59999999999997,-43.2275
3675,,BD-14 2793,6.35,138.85,-15.024722222222223
3676,,BD+47 1658,5.97,139.37916666666666,46.81722222222223
3677,,CD-37 5578,5.86,138.73749999999998,-37.6025
3678,Zet Oct,CP-85  183,5.42,134.17083333333332,-85.66305555555556
3679,,CP-55 2035,5.27,138.575,-55.569722222222225
3680,,CD-45 4982,6.25,138.80833333333334,-45.55555555555555
3681,23    Hya,BD-05 2762,5.24,139.17083333333332,-6.353055555555555
3682,,CD-38 5408,4.94,138.9,-38.57
3683,24    Hya,BD-08 2623,5.47,139.17083333333332,-8.74472222222222
3684,,CD-36 5505,4.62,138.9375,-37.413333333333334
3685,Bet Car,CP-69 1023,1.68,138.3,-69.71722222222222
3687,,BD-13 2808,5.84,139.27916666666667,-14.573611111111111
3688,,CD-44 5305,6.04,139.01666666666668,-44.89861111111111
3689,,BD+12 2009,6.41,139.46249999999998,11.501111111111111
3690,38    Lyn,BD+37 1965,3.82,139.70833333333334,36.802499999999995
3691,,CP-57 1949,6.02,138.82083333333333,-58.38861111111111
3692,,CD-43 5103,5.12,139.09583333333336,-44.26583333333333
3693,,CP-57 1951,6.32,138.89583333333334,-57.57805555555556
3694,,CD-38 5430,5.33,139.2375,-39.40138888888889
3695,,CP-76  574,6.14,138.05,-76.66305555555556
3696,,CP-57 1961,4.34,139.05,-57.54138888888889
3697,,BD+51 1495,6.13,140.17916666666667,51.26611111111111
3698,,BD+57 1214,5.47,140.42916666666665,56.69916666666666
3699,Iot Car,CP-58 1465,2.25,139.27083333333331,-59.275277777777774
3700,,CP-53 2281,6.33,139.425,-54.49527777777778
3701,,BD+38 2025,6.12,140.24583333333334,38.18833333333333
3703,,CD-50 4001,5.26,139.52083333333334,-51.051111111111105
3704,,BD-15 2763,5.78,139.88750000000002,-15.834444444444445
3705,40Alp Lyn,BD+35 1979,3.13,140.2625,34.3925
3706,26    Hya,BD-11 2609,4.79,139.94166666666666,-11.975
3707,,BD+33 1848,6.16,140.3625,32.901944444444446
3708,,CD-51 3693,5.87,139.675,-51.56055555555555
3709,27    Hya,BD-08 2643,4.8,140.12083333333334,-9.555833333333334
3710,,CD-33 5973,6.39,139.94583333333333,-34.10333333333333
3712,,CP-68  918,5.39,139.32083333333333,-68.68944444444445
3713,,CP-66 1002,6.11,139.46249999999998,-67.05083333333333
3714,,BD-14 2828,6.33,140.22916666666669,-15.617777777777778
3716,,CD-37 5668,6.05,140.12083333333334,-37.581388888888895
3717,,CP-54 2186,6.28,139.88333333333333,-55.18666666666666
3718,The Pyx,CD-25 7114,4.72,140.37083333333334,-25.965555555555554
3719,,BD+75  377,6.29,141.96249999999998,75.09833333333333
3720,,CP-74  579,5.29,139.35416666666666,-74.89444444444445
3721,,CP-74  580,5.86,139.3625,-74.73472222222222
3722,,BD+64  733,6.28,141.43333333333334,63.94083333333333
3723,,BD+25 2088,6.41,140.87916666666666,25.18305555555556
3725,,BD+52 1389,6.31,141.22916666666666,51.573888888888895
3726,,CD-41 5023,5.58,140.45833333333334,-42.19499999999999
3728,,CP-61 1242,4.81,140.23333333333335,-62.40472222222222
3730,,CD-45 5099,5.75,140.6,-46.0475
3731,1Kap Leo,BD+26 1939,4.46,141.16250000000002,26.182222222222222
3732,,CP-54 2213,5.63,140.45833333333334,-55.515
3733,Lam Pyx,CD-28 7196,4.69,140.8,-28.833888888888886
3734,Kap Vel,CP-54 2219,2.5,140.525,-55.01083333333333
3735,,CD-37 5721,6.48,140.93333333333334,-37.757222222222225
3736,,BD+17 2078,6.29,141.38333333333333,16.585555555555555
3737,,CD-38 5541,6.06,141.0666666666667,-39.42583333333333
3738,28    Hya,BD-04 2616,5.59,141.34999999999997,-5.1175
3739,,CD-51 3767,6.08,140.99583333333334,-51.73722222222222
3740,,CP-59 1374,6.3,140.8625,-60.302499999999995
3741,,BD-00 2195,6.01,141.59166666666667,-1.4638888888888888
3742,,CP-61 1265,5.99,141.02083333333331,-61.64888888888889
3743,,BD+46 1509,5.41,142.16666666666666,45.60138888888889
3745,,CD-28 7271,6.1,141.68333333333334,-28.7875
3746,,CD-39 5507,6.2,141.61666666666667,-40.50194444444445
3748,30Alp Hya,BD-08 2680,1.98,141.89583333333334,-8.658611111111112
3749,,BD-21 2802,4.69,141.825,-22.343888888888888
3750,,BD-05 2802,5.38,141.94166666666666,-6.071111111111111
3751,,BD+81  302,4.29,144.27083333333334,81.32638888888889
3752,,CP-61 1271,5.77,141.36249999999998,-61.95027777777778
3753,,CP-52 2360,5.11,141.57500000000002,-53.37916666666667
3754,2Ome Leo,BD+09 2188,5.41,142.1125,9.056666666666667
3755,3    Leo,BD+08 2226,5.71,142.12083333333334,8.188333333333334
3757,23    UMa,BD+63  845,3.67,142.8791666666667,63.06194444444444
3758,,BD-00 2201,6.27,142.25833333333333,-1.2569444444444444
3759,31Tau1Hya,BD-02 2901,4.6,142.28333333333333,-2.7688888888888887
3760,,BD-01 2268,6.14,142.34999999999997,-2.205277777777778
3761,,CP-64 1037,6.05,141.68333333333334,-64.92972222222222
3762,,BD-03 2693,6.26,142.38333333333333,-4.247222222222223
3763,,BD-20 2915,5.66,142.29999999999998,-20.748611111111114
3764,7    LMi,BD+34 1999,5.85,142.67916666666665,33.65555555555555
3765,Eps Ant,CD-35 5724,4.51,142.30833333333334,-35.95138888888889
3766,,CD-37 5817,6.19,142.31666666666666,-38.403888888888886
3767,,BD-22 2623,6.24,142.45416666666665,-23.345277777777778
3768,22    UMa,BD+72  462,5.72,143.72083333333333,72.20555555555556
3769,8    LMi,BD+35 2015,5.37,142.88333333333333,35.10305555555556
3770,,CD-26 7117,5.48,142.475,-26.58972222222222
3771,24    UMa,BD+70  565,4.56,143.61666666666665,69.83027777777778
3772,,BD-14 2867,5.85,142.59166666666664,-15.577222222222222
3773,4Lam Leo,BD+23 2107,4.31,142.92916666666667,22.968055555555555
3774,,BD+74  402,6.46,144.025,74.31777777777778
3775,25The UMa,BD+52 1401,3.17,143.21249999999998,51.67722222222222
3776,,CP-61 1277,5.92,142.19583333333333,-62.27305555555555
3777,,CP-71  833,5.47,141.775,-71.60222222222221
3779,6    Leo,BD+10 2014,5.07,142.9875,9.715833333333332
3781,Zet1Ant,CD-31 7355,6.18,142.69166666666666,-31.889444444444443
3782,5Xi  Leo,BD+11 2053,4.97,142.98333333333335,11.299722222222222
3783,,CP-66 1018,5.91,142.125,-66.70194444444445
3784,,CD-50 4204,5.45,142.52083333333331,-51.51722222222222
3785,,BD-09 2856,6.14,142.90833333333333,-10.552222222222223
3786,Psi Vel,CD-39 5580,3.6,142.675,-40.46666666666667
3787,32Tau2Hya,BD-00 2211,4.57,142.9916666666667,-1.185
3788,,BD-09 2858,6.13,142.97916666666669,-10.370555555555557
3789,Zet2Ant,CD-31 7369,5.93,142.88333333333333,-31.871944444444445
3790,,CD-35 5751,5.87,142.88333333333333,-35.715
3791,9    LMi,BD+37 1998,6.18,143.375,36.48694444444445
3793,,CP-57 2090,5.88,142.59583333333333,-58.361666666666665
3794,,BD+02 2217,6.11,143.17083333333332,1.8641666666666667
3795,Iot Cha,CP-80  350,5.36,141.0375,-80.78694444444444
3796,,BD-18 2708,5.74,143.08333333333334,-19.400277777777777
3798,,CD-28 7373,6.46,143.07500000000002,-28.628055555555555
3799,26    UMa,BD+52 1402,4.5,143.70416666666665,52.05138888888889
3800,10    LMi,BD+37 2004,4.55,143.55416666666665,36.3975
3801,,BD-07 2836,6.12,143.25833333333335,-8.505277777777778
3802,,BD-12 2926,5.94,143.22916666666666,-13.516944444444444
3803,,CP-56 2270,3.13,142.80416666666667,-57.03444444444444
3804,,BD+24 2104,6.25,143.49583333333334,23.453888888888887
3805,,BD-06 2939,6.24,143.33333333333337,-7.19
3807,,CD-40 5284,5.35,143.07916666666665,-40.64944444444444
3808,,BD-20 2936,5.01,143.3,-21.115833333333335
3809,,BD+40 2224,4.81,143.7625,39.62138888888889
3810,,BD-22 2645,5.91,143.35833333333335,-22.86388888888889
3812,,CD-38 5676,6.43,143.27916666666667,-39.12888888888889
3813,,CP-66 1025,6.27,142.88333333333333,-66.71944444444445
3814,33    Hya,BD-05 2840,5.56,143.63333333333333,-5.915
3815,11    LMi,BD+36 1979,5.41,143.91250000000002,35.81027777777778
3816,,CP-62 1253,6.1,143.05833333333334,-62.788888888888884
3817,,CD-48 4802,5.12,143.43333333333334,-49.005
3818,7    Leo,BD+15 2077,6.36,143.9666666666667,14.379722222222222
3819,,CD-50 4270,5.01,143.53333333333333,-51.25527777777778
3820,,BD+31 2011,5.56,144.17499999999998,31.161666666666665
3821,,CP-72  835,5.47,142.9,-73.08083333333333
3822,,BD-18 2728,6.31,143.88750000000002,-19.58361111111111
3823,,CD-35 5803,6.49,143.79583333333335,-35.823888888888895
3824,,BD+67  602,5.94,144.8625,67.27222222222223
3825,,CP-58 1576,4.08,143.60833333333332,-59.22944444444445
3826,8    Leo,BD+17 2109,5.69,144.25833333333335,16.43777777777778
3827,10    Leo,BD+07 2160,5.0,144.3,6.835833333333333
3829,42    Lyn,BD+40 2232,5.25,144.5875,40.23972222222222
3830,,CD-24 8272,5.7,144.25,-25.296666666666667
3831,,CD-48 4831,6.17,144.10416666666666,-48.75138888888889
3832,34    Hya,BD-08 2725,6.4,144.4625,-9.424444444444443
3833,,CD-31 7458,5.63,144.2875,-32.17861111111111
3834,,BD+05 2207,4.68,144.6125,4.649166666666666
3835,,CD-35 5833,5.98,144.36666666666667,-36.09583333333334
3836,,CD-48 4836,4.35,144.20416666666665,-49.35527777777778
3837,,CP-52 2612,6.19,144.19166666666666,-52.94416666666666
3838,,BD+69  531,5.69,145.55833333333334,69.2375
3839,27    UMa,BD+72  466,5.17,145.73749999999998,72.2525
3840,,CP-53 2646,5.45,144.3,-53.66861111111111
3842,,CD-42 5462,5.5,144.50416666666663,-43.191111111111105
3843,,BD+78  317,6.23,146.375,78.13472222222222
3845,35Iot Hya,BD-00 2231,3.91,144.9625,-1.1427777777777777
3846,37    Hya,BD-09 2898,6.31,144.94583333333333,-10.570277777777777
3847,,BD+79  319,6.17,146.82500000000002,79.13666666666667
3848,,BD-10 2888,6.37,145.08333333333334,-10.769166666666667
3849,38Kap Hya,BD-13 2917,5.06,145.075,-14.332222222222223
3850,,BD+31 2026,5.89,145.39583333333334,31.278055555555554
3851,43    Lyn,BD+40 2241,5.62,145.5,39.757777777777775
3852,14Omi Leo,BD+10 2044,3.52,145.2875,9.892222222222221
3853,13    Leo,BD+26 1991,6.24,145.40833333333333,25.912777777777777
3854,,BD+49 1868,6.39,145.67916666666665,48.43111111111111
3855,,BD+55 1345,6.47,145.77916666666667,54.36361111111111
3856,,CP-60 1477,4.52,144.8375,-61.32805555555556
3857,13    LMi,BD+35 2042,6.14,145.67499999999998,35.093333333333334
3858,,BD-22 2684,4.77,145.32083333333333,-23.591666666666665
3860,Zet Cha,CP-80  365,5.11,143.47083333333333,-80.9413888888889
3861,15    Leo,BD+30 1901,5.64,145.88750000000002,29.974444444444444
3862,,CD-23 8646,4.94,145.55833333333334,-23.915555555555553
3863,,CP-57 2228,5.32,145.17499999999998,-57.98361111111111
3864,,CP-56 2435,5.8,145.25833333333333,-57.25972222222222
3865,28    UMa,BD+64  752,6.34,146.47916666666666,63.65333333333333
3866,16Psi Leo,BD+14 2136,5.35,145.92916666666665,14.021666666666668
3867,,CD-34 6097,6.41,145.67083333333332,-35.501666666666665
3868,,CP-54 2594,6.0,145.44583333333333,-55.21416666666667
3870,,BD+57 1231,5.2,146.6291666666667,57.128055555555555
3871,The Ant,CD-27 6881,4.79,146.04999999999998,-27.769444444444442
3872,,CD-50 4420,6.15,145.8625,-51.22833333333333
3873,17Eps Leo,BD+24 2129,2.98,146.4625,23.774166666666666
3875,,CP-53 2788,5.56,145.925,-53.891666666666666
3876,,BD+07 2181,5.79,146.54166666666669,6.708611111111111
3877,18    Leo,BD+12 2090,5.63,146.59583333333336,11.81
3878,,CD-29 7758,6.45,146.3375,-30.202777777777776
3879,,BD+02 2246,5.65,146.59583333333336,1.7855555555555553
3880,19    Leo,BD+12 2095,6.45,146.85416666666666,11.568333333333333
3881,,BD+46 1551,5.09,147.14583333333334,46.02111111111111
3882,,BD+12 2096,6.02,146.88750000000002,11.428888888888888
3883,,CP-56 2499,6.46,146.41666666666666,-57.18555555555555
3884,,CP-61 1333,3.69,146.30833333333334,-62.507777777777775
3885,,BD+66  637,6.31,147.59583333333333,65.59333333333333
3886,,CD-44 5846,5.55,146.625,-44.755
3887,,CP-58 1640,6.22,146.47916666666666,-58.79416666666666
3888,29Ups UMa,BD+59 1268,3.8,147.74583333333334,59.03861111111111
3889,20    Leo,BD+21 2113,6.09,147.45833333333334,21.179444444444446
3890,Ups Car,CP-64 1084,3.01,146.775,-65.07194444444444
3891,Ups Car,CP-64 1084,6.26,146.775,-65.07249999999999
3892,,CD-36 5955,5.97,147.36666666666665,-37.186388888888885
3893,4    Sex,BD+05 2240,6.24,147.625,4.343611111111111
3894,30Phi UMa,BD+54 1331,4.59,148.025,54.06444444444444
3895,,CP-55 2548,6.06,147.16666666666669,-56.411944444444444
3896,23    Leo,BD+13 2164,6.46,147.75833333333333,13.066111111111113
3897,,CD-35 5961,6.37,147.46249999999998,-36.26861111111111
3898,,CD-45 5470,5.08,147.48749999999998,-45.73277777777778
3899,6    Sex,BD-03 2794,6.01,147.80833333333334,-4.243333333333333
3900,22    Leo,BD+25 2169,5.32,147.97083333333333,24.39527777777778
3901,,BD-05 2923,6.42,147.8375,-6.181666666666667
3902,Nu  Cha,CP-76  598,5.45,146.58333333333337,-76.7761111111111
3903,39Ups1Hya,BD-14 2963,4.12,147.86666666666665,-14.846666666666668
3904,,CD-46 5558,5.73,147.675,-46.93444444444444
3905,24Mu  Leo,BD+26 2019,3.88,148.1875,26.006944444444443
3906,7    Sex,BD+03 2280,6.02,148.05,2.454166666666667
3907,,BD+00 2573,6.35,148.05,0.07555555555555556
3908,,BD-15 2920,6.08,147.99583333333334,-16.534722222222225
3909,8Gam Sex,BD-07 2909,5.05,148.125,-8.105
3910,,CD-45 5499,5.62,147.82916666666665,-46.193888888888885
3911,,BD+61 1151,6.27,148.7625,61.11611111111111
3912,,CD-45 5508,4.58,147.91666666666666,-46.547777777777775
3913,,CP-58 1673,5.79,147.8,-59.42583333333333
3914,,CP-62 1335,5.57,147.72916666666669,-62.74527777777778
3915,,BD+06 2224,5.95,148.42499999999998,5.958333333333334
3916,,CD-26 7505,6.3,148.24166666666667,-27.33222222222222
3917,31    UMa,BD+50 1698,5.27,148.92916666666665,49.82
3918,,BD+73  478,5.83,149.59166666666667,72.87944444444443
3919,,CD-25 7585,4.88,148.55,-25.9325
3920,,CP-54 2816,6.48,148.25,-55.373333333333335
3921,,BD-21 2935,6.24,148.6291666666667,-22.488333333333333
3922,,BD+58 1224,5.93,149.30416666666665,57.41833333333333
3923,,BD-18 2810,4.94,148.71666666666667,-19.009444444444444
3924,,CD-50 4622,5.93,148.45833333333334,-51.14694444444444
3925,,CD-44 5987,5.71,148.57083333333333,-45.28388888888889
3926,,BD+09 2262,5.85,149.10833333333332,8.933055555555555
3927,,CD-49 4801,5.72,148.7125,-50.24388888888889
3928,19    LMi,BD+41 2033,5.14,149.42083333333332,41.05555555555555
3929,,BD+46 1566,6.3,149.48333333333332,45.41444444444444
3930,,CD-40 5626,6.41,149.02083333333331,-40.82472222222223
3931,,CD-25 7622,6.28,149.19166666666666,-26.55027777777778
3932,,CD-32 6895,5.84,149.14583333333334,-33.41861111111111
3933,,CD-26 7551,6.32,149.22500000000002,-27.474999999999998
3934,,BD+84  225,6.37,152.14166666666665,83.91833333333334
3935,,CD-50 4662,6.37,149.0875,-51.336111111111116
3937,27Nu  Leo,BD+13 2183,5.26,149.55416666666667,12.444722222222222
3938,,BD+09 2269,6.04,149.52916666666667,8.314166666666667
3939,,BD+57 1242,5.48,149.96249999999998,56.81194444444444
3940,Phi Vel,CP-53 3075,3.54,149.2125,-54.56777777777778
3941,,CP-52 2980,6.12,149.29166666666666,-52.638888888888886
3942,,BD+30 1946,5.73,149.89999999999998,29.64527777777778
3943,,CD-47 5399,6.05,149.42499999999998,-48.41444444444444
3944,,CP-70  953,6.35,149.0375,-71.38944444444445
3946,,CD-23 8898,6.21,149.77499999999998,-23.950277777777778
3947,Eta Ant,CD-35 6050,5.23,149.71666666666667,-35.89111111111111
3949,,CP-68 1011,6.2,149.24583333333334,-69.10194444444444
3950,29Pi  Leo,BD+08 2301,4.7,150.05,8.044166666666667
3951,20    LMi,BD+32 1964,5.36,150.25,31.92361111111111
3952,,BD+22 2164,5.66,150.7,21.949166666666667
3954,,BD+54 1348,5.74,151.15,53.891666666666666
3955,,CP-52 3087,6.2,150.41666666666669,-53.364444444444445
3957,,CP-56 2770,6.2,150.4916666666667,-57.349722222222226
3959,,BD-08 2836,6.12,150.92083333333332,-9.573888888888888
3960,,CP-59 1695,5.94,150.5,-60.420833333333334
3961,13    Sex,BD+03 2311,6.45,151.03333333333333,3.2011111111111115
3963,,BD-17 3047,5.86,151.00833333333333,-18.101666666666667
3964,,CD-46 5759,6.12,150.83333333333337,-46.63611111111111
3965,,CD-23 8973,5.7,151.0875,-24.285555555555558
3966,,CP-59 1752,6.19,150.74583333333334,-60.17861111111111
3967,,CP-61 1431,6.42,150.70416666666665,-62.156388888888884
3968,,CD-39 6100,6.43,151.09583333333333,-39.975833333333334
3969,,BD+16 2077,6.37,151.41666666666669,15.7575
3970,40Ups2Hya,BD-12 3073,4.6,151.27916666666667,-13.064722222222223
3971,,CP-61 1441,6.14,150.89166666666668,-61.88388888888889
3972,,CD-35 6130,6.27,151.3125,-36.38388888888889
3973,14    Sex,BD+06 2259,6.21,151.69583333333333,5.6113888888888885
3974,21    LMi,BD+35 2110,4.48,151.85416666666669,35.24472222222222
3975,30Eta Leo,BD+17 2171,3.52,151.83333333333334,16.762777777777778
3976,,CD-46 5806,5.08,151.54583333333332,-47.37
3977,,BD-16 2974,5.6,151.7875,-17.141666666666666
3979,,BD+32 1982,6.24,152.0625,31.604166666666668
3980,31    Leo,BD+10 2112,4.37,151.97500000000002,9.997499999999999
3981,15Alp Sex,BD+00 2615,4.49,151.98333333333335,-0.37166666666666665
3982,32Alp Leo,BD+12 2149,1.35,152.09166666666664,11.967222222222222
3983,Mu 1Cha,CP-81  399,5.52,150.17916666666665,-82.21472222222222
3984,,CD-36 6156,6.36,152.00416666666663,-37.33361111111111
3986,,BD-14 3036,6.27,152.14583333333334,-15.611666666666666
3987,,BD+41 2063,6.32,152.74166666666667,40.66138888888889
3988,,BD-11 2818,6.24,152.48333333333335,-12.095833333333333
3989,17    Sex,BD-07 2972,5.91,152.52916666666664,-8.408333333333333
3990,,CD-51 4507,4.86,152.23333333333335,-51.81111111111111
3991,,BD-12 3101,5.31,152.52083333333331,-12.816111111111113
3992,,CD-35 6194,6.13,152.3791666666667,-35.85666666666667
3993,,BD+38 2110,5.85,152.8,37.401944444444446
3994,41Lam Hya,BD-11 2820,3.61,152.64583333333334,-12.354166666666666
3995,,CP-65 1248,5.28,152.17499999999998,-65.81527777777778
3996,18    Sex,BD-07 2977,5.65,152.72916666666666,-8.418333333333333
3998,34    Leo,BD+14 2217,6.44,152.90833333333333,13.355
3999,,CP-60 1701,5.6,152.3375,-61.549166666666665
4000,,BD-06 3096,6.25,152.82083333333333,-7.316666666666666
4001,,CD-41 5658,5.98,152.65416666666667,-41.715
4002,,CP-68 1034,5.81,152.375,-68.68333333333334
4003,,CD-27 7266,6.28,153.00833333333333,-28.60638888888889
4004,19    Sex,BD+05 2301,5.77,153.2,4.6147222222222215
4005,,BD-18 2870,6.44,153.15416666666667,-19.15361111111111
4006,,BD+27 1862,6.04,153.45416666666665,27.135833333333334
4007,,CP-58 1979,6.4,152.89583333333334,-58.82805555555556
4008,,BD+60 1246,6.25,153.77916666666667,59.98555555555556
4009,,CP-57 2781,5.72,152.94166666666666,-58.06055555555555
4010,,CD-51 4560,6.16,153.09583333333333,-52.163333333333334
4011,,CD-26 7752,6.25,153.32916666666668,-27.028888888888886
4012,,BD+21 2165,6.02,153.62083333333334,21.16777777777778
4013,,CD-32 7158,6.38,153.35,-33.03194444444444
4015,,CD-39 6222,5.9,153.4375,-40.34583333333334
4016,,BD+73  489,6.4,154.50416666666666,73.07333333333332
4017,,CD-50 4924,5.28,153.34166666666667,-51.233333333333334
4018,,CP-59 1974,6.1,153.25416666666666,-59.918055555555554
4019,,CD-39 6225,6.35,153.48333333333335,-40.31055555555555
4020,,CD-51 4578,5.78,153.36666666666667,-51.75611111111111
4022,,CP-61 1517,6.41,153.3375,-61.65888888888889
4023,,CD-41 5713,3.85,153.68333333333334,-42.121944444444445
4024,23    LMi,BD+30 1981,5.35,154.05833333333337,29.310555555555556
4025,,CP-65 1273,5.16,153.375,-66.37305555555555
4026,32    UMa,BD+65  767,5.82,154.50833333333335,65.10833333333333
4027,24    LMi,BD+29 2021,6.49,154.11666666666667,28.6825
4029,,CD-35 6260,6.19,153.83333333333334,-36.518055555555556
4030,35    Leo,BD+24 2207,5.97,154.13333333333333,23.503055555555555
4031,36Zet Leo,BD+24 2209,3.44,154.17083333333332,23.41722222222222
4032,,BD+26 2064,5.84,154.17083333333332,25.37138888888889
4033,33Lam UMa,BD+43 2005,3.45,154.27083333333331,42.91444444444444
4034,,BD-10 3029,6.08,154.0375,-11.203333333333333
4035,37    Leo,BD+14 2228,5.41,154.16666666666669,13.728333333333333
4036,,CD-42 6074,5.6,153.87916666666666,-43.112500000000004
4037,Ome Car,CP-69 1178,3.32,153.43333333333334,-70.03805555555556
4038,,CP-54 3356,6.16,153.81666666666666,-54.97416666666667
4039,39    Leo,BD+23 2207,5.82,154.30833333333334,23.10611111111111
4042,22Eps Sex,BD-07 3001,5.24,154.40416666666667,-8.068888888888889
4043,,CP-59 2008,6.22,154.0125,-59.90333333333333
4044,,BD+47 1761,6.43,154.74583333333334,46.76083333333333
4045,,CD-50 4990,6.3,154.16666666666669,-51.205000000000005
4046,,BD+49 1940,6.0,154.85833333333332,48.39694444444444
4047,,BD+69  568,5.96,155.2625,68.7475
4049,,CD-28 8070,5.34,154.52916666666667,-28.991944444444446
4050,,CP-60 1817,3.4,154.27083333333331,-61.33222222222223
4051,,BD+54 1366,6.45,155.05833333333334,53.77916666666667
4052,,BD+54 1367,6.0,155.1291666666667,54.216944444444444
4053,,CD-36 6281,6.3,154.6541666666667,-36.80472222222222
4054,40    Leo,BD+20 2466,4.79,154.93333333333334,19.47083333333333
4055,,BD-11 2851,6.0,154.81666666666666,-12.528055555555556
4056,,CD-41 5765,5.96,154.61666666666667,-41.66833333333333
4057,41Gam1Leo,BD+20 2467,2.61,154.99166666666667,19.841666666666665
4059,,BD-04 2840,6.37,154.88333333333333,-5.105833333333333
4060,,BD-08 2897,6.32,154.99583333333334,-9.05888888888889
4061,,CP-55 3220,5.81,154.6541666666667,-56.11
4062,,BD+84  234,5.5,157.42083333333332,84.25222222222222
4063,,CP-54 3474,4.57,154.9,-55.029444444444444
4065,,CP-64 1248,5.67,154.76666666666665,-64.6763888888889
4066,,CD-47 5790,5.65,155.0666666666667,-47.69916666666666
4067,,BD+41 2076,5.76,155.54166666666669,41.22944444444445
4069,34Mu  UMa,BD+42 2115,3.05,155.57916666666668,41.49944444444444
4070,42    Leo,BD+15 2192,6.12,155.45833333333334,14.975555555555555
4072,,BD+66  664,4.97,156.02916666666667,65.56638888888888
4074,,CP-55 3286,4.5,155.22500000000002,-56.043055555555554
4075,27    LMi,BD+34 2120,5.9,155.775,33.908055555555556
4076,,BD-19 2987,6.13,155.55,-19.866944444444446
4077,43    Leo,BD+07 2289,6.07,155.75,6.5424999999999995
4078,,BD+30 2005,6.39,155.92083333333332,29.615833333333335
4080,,CD-41 5809,4.83,155.57916666666668,-41.65
4081,28    LMi,BD+34 2123,5.5,156.03333333333333,33.718611111111116
4082,25    Sex,BD-03 2911,5.97,155.85833333333332,-4.074166666666667
4083,,CD-29 8306,6.27,155.80416666666665,-30.16222222222222
4084,,BD+83  297,5.26,157.76666666666668,82.5586111111111
4085,,BD+03 2358,6.32,156.05416666666667,2.368055555555556
4086,,CD-37 6509,5.33,155.87083333333334,-38.01
4087,,CD-41 5833,6.27,155.91666666666666,-41.95333333333333
4088,44    Leo,BD+09 2351,5.61,156.3125,8.784722222222221
4089,,CP-66 1243,4.99,155.74166666666667,-66.90166666666667
4090,30    LMi,BD+34 2128,4.74,156.475,33.79611111111111
4091,,CP-57 3127,6.35,155.95833333333334,-57.95388888888889
4092,,BD-06 3146,5.57,156.43333333333334,-7.059722222222222
4093,,CD-41 5850,6.18,156.32083333333333,-42.46805555555556
4094,42Mu  Hya,BD-16 3052,3.81,156.52083333333331,-16.836388888888887
4095,,CP-57 3164,5.95,156.24583333333334,-58.57638888888889
4096,,BD+42 2123,6.02,156.86666666666665,41.600833333333334
4097,,BD+20 2487,6.15,156.75,19.364444444444445
4098,,BD+49 1961,6.44,157.0125,48.78472222222222
4099,,CD-42 6222,6.13,156.5375,-42.73888888888889
4100,31Bet LMi,BD+37 2080,4.21,156.9708333333333,36.70722222222223
4101,45    Leo,BD+10 2152,6.04,156.9125,9.7625
4102,,CP-73  733,4.0,156.09583333333333,-74.03166666666667
4103,,BD+45 1832,6.35,157.15,45.21222222222222
4104,Alp Ant,CD-30 8465,4.25,156.7875,-31.067777777777778
4105,,CP-73  735,6.19,156.18333333333334,-73.97166666666666
4106,35    UMa,BD+66  671,6.32,157.475,65.6261111111111
4107,,CP-54 3651,5.58,156.70416666666665,-54.8775
4108,,BD+64  789,6.12,157.60833333333332,64.2575
4109,,BD-03 2929,6.05,157.18333333333334,-3.7425
4110,,CP-57 3256,4.66,156.84999999999997,-57.638888888888886
4111,,CD-48 5655,6.1,157.00416666666666,-49.40555555555555
4112,36    UMa,BD+56 1459,4.84,157.65416666666667,55.980555555555554
4113,32    LMi,BD+39 2357,5.77,157.525,38.92527777777777
4114,,CP-58 2227,3.82,156.96666666666667,-58.739444444444445
4115,,CP-65 1354,6.01,156.85416666666666,-65.70472222222223
4116,29Del Sex,BD-02 3155,5.21,157.36666666666665,-2.7391666666666667
4117,,CD-29 8381,5.58,157.37083333333334,-29.66361111111111
4118,Del Ant,CD-29 8383,5.56,157.39583333333334,-30.607222222222223
4119,30Bet Sex,BD+00 2663,5.09,157.57083333333333,-0.6369444444444444
4120,,CP-63 1440,5.29,157.21666666666667,-64.17222222222223
4122,,BD-06 3173,6.2,157.74166666666667,-7.637499999999999
4123,,BD-12 3181,5.58,157.74583333333334,-13.588333333333335
4124,33    LMi,BD+33 1999,5.9,157.9625,32.379444444444445
4126,,BD+76  393,4.84,158.77083333333334,75.71305555555556
4127,46    Leo,BD+14 2255,5.46,158.04583333333332,14.137222222222222
4128,,CP-60 1945,6.43,157.66250000000002,-61.35611111111111
4129,,CP-66 1291,6.19,157.53333333333333,-66.985
4130,,CD-27 7503,6.05,157.95000000000002,-28.2375
4132,,BD+41 2101,4.75,158.30416666666667,40.425555555555555
4133,47Rho Leo,BD+10 2166,3.85,158.2,9.306666666666667
4134,,CP-53 3909,4.89,157.8375,-53.71555555555556
4135,,CD-44 6583,5.74,157.9875,-45.06666666666667
4136,,CD-44 6582,6.09,157.98333333333335,-45.06944444444445
4138,,CP-71 1034,4.74,157.58333333333334,-71.99305555555556
4139,,CD-43 6347,5.91,158.13750000000002,-44.61888888888889
4140,,CP-61 1704,3.32,158.00416666666666,-61.68527777777778
4141,37    UMa,BD+57 1277,5.16,158.7875,57.08277777777778
4142,,CP-72  981,4.93,157.75833333333335,-73.22166666666666
4143,,CD-46 6205,5.02,158.23333333333335,-47.00333333333333
4144,,CP-58 2285,6.0,158.19583333333333,-58.66694444444444
4145,44    Hya,BD-22 2946,5.08,158.5,-23.74527777777778
4146,48    Leo,BD+07 2330,5.08,158.7,6.953611111111111
4147,,CP-57 3431,6.14,158.35416666666669,-58.19027777777777
4148,49    Leo,BD+09 2374,5.67,158.75833333333335,8.650277777777777
4149,,BD-22 2952,6.1,158.73749999999998,-23.176111111111112
4150,35    LMi,BD+37 2100,6.28,159.0875,36.32694444444445
4151,,CP-60 1983,6.23,158.55,-60.98777777777778
4152,,BD-17 3187,6.49,158.90833333333333,-18.569166666666668
4153,,CD-38 6579,5.38,158.8,-39.562777777777775
4154,,CD-43 6395,6.08,158.79166666666669,-43.664722222222224
4156,Phi2Hya,BD-15 3087,6.03,159.06666666666666,-16.344444444444445
4157,,CD-26 8022,6.29,159.01666666666665,-26.675
4158,,BD-11 2918,5.7,159.13333333333333,-12.230277777777777
4159,,CP-56 3544,4.45,158.89583333333334,-57.55777777777777
4162,,CD-26 8033,4.89,159.30416666666667,-27.412499999999998
4163,,BD-12 3218,4.82,159.38750000000002,-13.384444444444444
4164,,CP-58 2371,5.08,159.08333333333334,-59.56472222222222
4165,,BD+54 1387,5.52,159.77083333333331,53.66833333333333
4166,37    LMi,BD+32 2061,4.71,159.67916666666665,31.97611111111111
4167,,CD-47 6042,3.84,159.32500000000002,-48.225833333333334
4168,38    LMi,BD+38 2166,5.85,159.77916666666667,37.91
4169,,CP-58 2411,5.45,159.35833333333332,-58.733333333333334
4170,,CP-75  678,6.3,158.85,-76.30916666666667
4171,Phi3Hya,BD-16 3100,4.91,159.64583333333334,-16.87666666666667
4172,,BD-11 2925,6.04,159.70833333333334,-12.443611111111112
4173,,CP-56 3588,5.91,159.50833333333333,-57.256388888888885
4174,Gam Cha,CP-77  622,4.11,158.86666666666667,-78.60777777777777
4175,,CD-42 6390,6.11,159.70833333333334,-42.75361111111111
4176,,BD+69  583,5.75,160.45000000000002,68.44333333333334
4177,,CP-58 2460,4.66,159.68749999999997,-59.183055555555555
4178,38    UMa,BD+66  678,5.12,160.48333333333335,65.71638888888889
4179,,CP-58 2474,5.92,159.74583333333334,-58.816944444444445
4180,,CP-54 3915,4.28,159.82500000000002,-55.60333333333333
4181,,BD+69  586,5.0,160.76666666666668,69.0761111111111
4182,33    Sex,BD-00 2364,6.26,160.35,-1.7416666666666667
4183,,CD-35 6646,6.37,160.21249999999998,-35.74166666666667
4184,,BD+32 2066,6.02,160.54583333333332,31.696944444444444
4185,,CP-64 1403,5.52,160.04583333333332,-65.10055555555554
4186,,CP-73  758,6.07,159.8166666666667,-74.49361111111111
4187,39    UMa,BD+57 1286,5.8,160.92916666666665,57.19916666666666
4188,,CP-59 2450,6.42,160.32083333333333,-59.676944444444445
4189,40    LMi,BD+27 1927,5.51,160.75416666666666,26.325555555555557
4190,,BD-13 3197,6.24,160.62916666666666,-13.975
4191,,BD+46 1657,5.18,160.88333333333333,46.20388888888889
4192,41    LMi,BD+23 2253,5.08,160.85416666666669,23.188333333333333
4193,35    Sex,BD+05 2384,5.79,160.83333333333334,4.747777777777777
4194,,CD-32 7572,5.64,160.67916666666665,-32.715833333333336
4195,,BD+68  617,6.0,161.26666666666668,67.4113888888889
4196,,CP-63 1589,4.82,160.55833333333334,-64.46638888888889
4197,,BD+20 2514,6.27,161.05833333333334,19.75861111111111
4198,,CP-58 2581,5.38,160.66666666666666,-59.215833333333336
4199,The Car,CP-63 1599,2.76,160.73749999999998,-64.39444444444445
4200,,CP-59 2532,4.57,160.88333333333333,-60.56666666666667
4201,36    Sex,BD+03 2408,6.28,161.2875,2.4880555555555555
4202,41    UMa,BD+58 1281,6.34,161.59166666666667,57.365833333333335
4203,42    LMi,BD+31 2180,5.24,161.4625,30.682222222222222
4204,,CP-63 1619,5.77,160.9625,-64.24888888888889
4205,,CP-63 1623,4.82,161.02499999999998,-63.961111111111116
4206,,CP-79  548,5.97,160.4625,-79.78333333333333
4207,,BD+07 2356,6.37,161.52083333333334,6.373055555555555
4208,51    Leo,BD+19 2371,5.49,161.6,18.891388888888887
4209,52    Leo,BD+14 2294,5.48,161.60416666666669,14.194722222222222
4210,Eta Car,CP-59 2620,6.21,161.2625,-59.68416666666666
4211,,CP-70 1183,6.26,161.07916666666665,-70.86
4212,,CP-70 1185,6.46,161.13333333333333,-70.85499999999999
4213,,CP-71 1118,6.27,161.10833333333332,-72.44388888888889
4214,,BD-16 3124,5.42,161.7166666666667,-17.296666666666667
4215,,BD+65  803,6.39,162.20833333333334,65.13222222222221
4216,Mu  Vel,CD-48 5913,2.69,161.6916666666667,-49.419999999999995
4217,,CP-59 2671,6.25,161.5666666666667,-60.60333333333333
4219,,CP-63 1646,5.34,161.5666666666667,-64.515
4220,,CP-63 1649,5.23,161.62083333333334,-64.26333333333334
4221,,CP-56 3800,5.23,161.7375,-56.757222222222225
4222,,CP-63 1655,4.85,161.7125,-64.38333333333334
4223,43    LMi,BD+30 2072,6.15,162.2375,29.41583333333333
4224,,BD-01 2446,5.93,162.16666666666669,-1.958888888888889
4225,,CD-31 8536,5.88,162.05833333333337,-31.688333333333333
4226,,CP-56 3821,6.36,161.90833333333333,-57.467777777777776
4227,53    Leo,BD+11 2283,5.34,162.3125,10.545277777777777
4228,,CP-59 2720,6.0,162.02083333333334,-59.91916666666666
4230,44    LMi,BD+28 1931,6.04,162.47083333333333,27.973888888888887
4231,Del1Cha,CP-79  554,5.47,161.3125,-80.46972222222223
4232,Nu  Hya,BD-15 3138,3.11,162.40416666666667,-16.19361111111111
4233,,BD-09 3147,5.86,162.42916666666665,-9.852777777777778
4234,Del2Cha,CP-79  556,4.45,161.44166666666666,-80.54027777777777
4235,43    UMa,BD+57 1294,5.67,162.79583333333332,56.58222222222223
4236,42    UMa,BD+60 1296,5.58,162.84583333333333,59.32
4237,41    Sex,BD-08 3018,5.79,162.57500000000002,-8.897777777777778
4238,,CD-33 7288,5.61,162.48749999999998,-34.058055555555555
4239,,CP-58 2755,5.91,162.35,-59.32361111111111
4240,,BD-02 3236,5.95,162.77083333333331,-3.0925000000000002
4242,,BD+53 1440,6.44,163.1291666666667,52.50361111111111
4243,,BD+70  634,5.93,163.375,69.85388888888889
4244,,BD+01 2495,6.38,163.05416666666667,1.0252777777777777
4245,,BD+00 2710,6.31,163.15,-0.2013888888888889
4246,44    UMa,BD+55 1418,5.1,163.39166666666665,54.585
4247,46    LMi,BD+34 2172,3.83,163.32500000000002,34.215
4248,45Ome UMa,BD+43 2058,4.71,163.49166666666667,43.19
4249,,BD-01 2459,6.12,163.35,-2.2552777777777777
4250,,CP-56 3947,5.25,163.125,-57.24055555555556
4251,,BD-19 3125,5.24,163.37083333333334,-20.13888888888889
4252,,BD-14 3213,6.38,163.38333333333333,-15.445555555555556
4253,,BD-01 2460,5.45,163.42916666666665,-2.129166666666667
4254,48    LMi,BD+26 2147,6.2,163.675,25.490833333333335
4255,,BD-12 3293,5.66,163.57083333333333,-13.758055555555556
4256,,BD+34 2178,5.72,163.74166666666667,34.03472222222222
4257,,CP-58 2834,3.78,163.37083333333334,-58.85333333333333
4258,46    UMa,BD+34 2181,5.03,163.93333333333334,33.50694444444444
4259,54    Leo,BD+25 2314,4.5,163.89999999999998,24.749722222222225
4261,,BD-19 3134,6.44,163.79583333333332,-20.665
4262,,CP-70 1246,5.99,163.42499999999998,-70.72027777777778
4263,,CD-41 6220,6.11,163.75416666666663,-42.25111111111111
4264,,BD+42 2162,6.03,164.05833333333334,42.00833333333333
4265,55    Leo,BD+01 2501,5.91,163.92499999999998,0.7369444444444444
4266,,CP-61 1960,5.93,163.62083333333334,-61.82666666666667
4267,56    Leo,BD+06 2369,5.81,164.00416666666666,6.185277777777778
4268,,CP-78  589,6.33,163.1125,-79.55944444444444
4269,,BD+23 2279,6.14,164.0666666666667,22.351666666666667
4270,50    LMi,BD+26 2152,6.35,164.14166666666665,25.5
4271,,CP-59 2840,5.92,163.82083333333333,-60.51694444444444
4272,,BD+78  367,6.2,164.98333333333332,77.77
4273,Iot Ant,CD-36 6808,4.6,164.17916666666665,-37.13777777777778
4274,,CD-50 5534,5.91,164.27916666666664,-50.765
4275,,BD+52 1528,6.17,164.82083333333333,51.882222222222225
4276,,CP-59 2888,6.11,164.45,-59.731944444444444
4277,47    UMa,BD+41 2147,5.05,164.86666666666665,40.430277777777775
4278,,BD+36 2139,6.0,164.88333333333333,36.09305555555556
4279,,CP-74  755,6.13,164.3125,-75.09972222222221
4280,,BD+46 1680,5.47,165.05833333333334,45.52611111111111
4282,,CD-33 7401,5.71,164.80416666666665,-33.73722222222222
4283,,BD+52 1529,6.43,165.10416666666666,51.50194444444445
4284,,BD-15 3174,5.89,164.87499999999997,-16.35388888888889
4285,,BD+43 2068,6.02,165.08333333333334,42.91138888888889
4286,,BD+64  824,6.39,165.27083333333334,63.42111111111111
4287,7Alp Crt,BD-17 3273,4.08,164.94166666666666,-18.29888888888889
4288,49    UMa,BD+39 2400,5.08,165.20833333333334,39.21222222222222
4289,,BD-13 3271,5.88,165.04583333333332,-14.083333333333334
4290,,CP-60 2433,6.16,164.80833333333334,-61.32027777777778
4291,58    Leo,BD+04 2407,4.84,165.13750000000002,3.6175
4292,,CD-43 6692,5.81,164.9958333333333,-43.80722222222222
4293,,CD-41 6276,4.39,165.0375,-42.225833333333334
4294,59    Leo,BD+06 2384,4.99,165.18333333333334,6.101388888888889
4295,48Bet UMa,BD+57 1302,2.37,165.45833333333334,56.3825
4296,,CD-51 5220,6.15,165.03333333333333,-51.81777777777778
4297,,BD-15 3178,6.34,165.2375,-15.792777777777777
4298,,CD-31 8696,6.07,165.16666666666666,-31.839444444444442
4299,61    Leo,BD-01 2471,4.74,165.45416666666668,-2.4847222222222225
4300,60    Leo,BD+20 2547,4.42,165.57916666666665,20.179722222222225
4301,50Alp UMa,BD+62 1161,1.79,165.92916666666667,61.75083333333333
4302,,CD-26 8302,6.23,165.6,-26.83138888888889
4303,,BD+00 2728,6.14,165.80833333333337,-0.7525
4305,,BD-10 3184,5.5,165.80833333333337,-11.303611111111111
4306,62    Leo,BD+00 2729,5.95,165.9,-0.0008333333333333334
4307,,CD-31 8726,6.46,165.8166666666667,-31.960833333333333
4308,,BD-12 3333,6.34,165.9,-13.434444444444445
4309,51    UMa,BD+39 2414,6.0,166.12916666666666,38.24138888888889
4310,63Chi Leo,BD+08 2455,4.63,166.25416666666666,7.336111111111111
4311,,CD-47 6466,5.67,166.12916666666666,-47.67916666666667
4312,Eta Oct,CP-83  386,6.19,164.80416666666665,-84.59388888888888
4313,,CD-35 6954,5.43,166.225,-35.80472222222222
4314,Chi1Hya,CD-26 8338,4.94,166.32916666666668,-27.29361111111111
4315,,BD-10 3190,6.09,166.39166666666668,-11.08888888888889
4316,,CD-48 6157,6.13,166.26666666666668,-49.3925
4317,Chi2Hya,CD-26 8342,5.71,166.4875,-27.28777777777778
4318,,CD-50 5686,6.3,166.52083333333331,-51.212500000000006
4319,65    Leo,BD+02 2387,5.52,166.725,1.9555555555555555
4321,,CD-50 5693,6.32,166.6125,-50.95666666666667
4322,64    Leo,BD+24 2318,6.46,166.91250000000002,23.32361111111111
4323,,CP-58 3112,6.02,166.62083333333334,-58.67527777777777
4325,,CP-61 2067,4.61,166.63333333333333,-62.424166666666665
4326,,CP-64 1630,6.41,166.6,-64.83972222222222
4327,,CD-41 6343,5.15,166.8166666666667,-42.63861111111111
4329,,CP-70 1305,5.57,166.70416666666665,-70.87805555555555
4330,,BD+68  632,6.06,167.41250000000002,67.21027777777778
4331,,CD-29 8877,6.49,167.0625,-29.972777777777775
4332,67    Leo,BD+25 2344,5.68,167.20416666666665,24.65833333333333
4333,,BD+37 2162,5.74,167.32916666666668,36.309444444444445
4334,,CD-27 7886,5.44,167.17916666666665,-28.080555555555556
4335,52Psi UMa,BD+45 1897,3.01,167.41250000000002,44.49861111111111
4336,,BD+43 2083,5.89,167.40833333333333,43.2075
4337,,CP-58 3189,3.91,167.14583333333334,-58.975
4338,,CP-61 2075,5.13,167.14166666666665,-61.947222222222216
4339,,CD-31 8816,5.81,167.47083333333333,-32.3675
4340,,BD+69  602,6.4,168.04583333333332,68.27194444444444
4341,,BD+15 2301,6.3,167.92916666666665,14.400277777777777
4343,11Bet Crt,BD-22 3095,4.48,167.91250000000002,-22.825833333333332
4345,,BD+36 2162,6.41,168.13333333333333,35.81361111111111
4346,,CD-31 8847,6.38,168.05833333333334,-32.43388888888889
4347,Psi Crt,BD-17 3321,6.13,168.12499999999997,-18.5
4348,,BD-20 3374,6.4,168.14166666666665,-21.749166666666667
4349,,CP-70 1336,6.35,167.87083333333334,-71.4363888888889
4350,,CD-48 6263,5.36,168.1375,-49.10111111111111
4351,,BD+41 2170,6.33,168.41666666666666,41.08861111111111
4352,,CP-59 3190,4.6,168.14999999999998,-60.3175
4353,,CD-49 5937,6.11,168.23333333333332,-49.73638888888889
4354,,CD-43 6872,5.8,168.30833333333334,-44.37222222222222
4355,,CP-63 1860,5.23,168.18749999999997,-64.16972222222223
4356,69    Leo,BD+00 2761,5.42,168.4375,-0.06972222222222223
4357,68Del Leo,BD+21 2298,2.56,168.52499999999998,20.52361111111111
4358,,BD+08 2476,5.79,168.50416666666663,8.060555555555556
4359,70The Leo,BD+16 2234,3.34,168.55833333333334,15.429444444444444
4360,,CP-52 4350,5.76,168.41250000000002,-53.23166666666667
4361,,CP-58 3315,5.74,168.375,-59.61944444444445
4362,72    Leo,BD+23 2322,4.63,168.8,23.095555555555553
4364,,CD-43 6899,6.21,168.725,-43.73416666666667
4365,73    Leo,BD+14 2367,5.32,168.9625,13.307500000000001
4367,,BD+50 1807,5.88,169.17083333333332,49.47638888888889
4368,74Phi Leo,BD-02 3315,4.47,169.16250000000002,-3.6516666666666664
4369,,BD-06 3344,6.14,169.2416666666667,-7.134722222222223
4370,,CD-45 6837,6.31,169.1125,-45.88
4371,75    Leo,BD+02 2409,5.18,169.32083333333333,2.0105555555555554
4372,,CD-37 7146,6.27,169.29583333333332,-38.01444444444444
4373,,CD-34 7345,6.45,169.41250000000002,-34.73722222222222
4377,54Nu  UMa,BD+33 2098,3.48,169.61666666666667,33.094166666666666
4379,,CP-67 1703,6.06,169.32916666666665,-67.8236111111111
4380,55    UMa,BD+38 2225,4.78,169.77916666666664,38.18555555555555
4381,76    Leo,BD+02 2411,5.91,169.72916666666669,1.6505555555555556
4382,12Del Crt,BD-13 3345,3.56,169.83333333333334,-14.778611111111111
4383,,BD+67  692,6.21,170.22083333333333,67.10055555555554
4384,,CP-63 1881,5.99,169.81666666666666,-64.5825
4385,,CP-78  638,6.35,169.64166666666668,-79.66861111111112
4386,77Sig Leo,BD+06 2437,4.05,170.28333333333333,6.029444444444445
4387,,CP-74  801,6.27,169.9,-75.14250000000001
4388,,BD+57 1316,6.43,170.45416666666665,57.075
4389,,CP-71 1238,6.41,170.0125,-71.99444444444444
4390,Pi  Cen,CP-53 4498,3.89,170.25,-54.49111111111111
4391,,BD+65  828,6.02,170.7125,64.33055555555555
4392,56    UMa,BD+44 2083,4.99,170.70416666666665,43.48277777777778
4393,,CD-43 7006,6.12,170.59583333333333,-44.645833333333336
4394,,BD+00 2782,6.05,170.82500000000002,0.13166666666666665
4395,13Lam Crt,BD-17 3367,5.09,170.8375,-18.779999999999998
4396,,CD-35 7163,5.0,170.8,-36.164722222222224
4397,,CP-76  662,6.43,170.48749999999998,-77.60833333333333
4398,,CP-56 4449,5.79,170.78333333333333,-56.779444444444444
4399,78Iot Leo,BD+11 2348,3.94,170.97916666666666,10.529166666666667
4400,79    Leo,BD+02 2418,5.39,171.00833333333333,1.4077777777777778
4401,,CP-64 1657,5.11,170.8375,-64.955
4402,14Eps Crt,BD-10 3260,4.83,171.15,-10.859444444444444
4403,,CD-41 6529,6.12,171.09166666666667,-42.66916666666666
4404,,BD+12 2335,5.8,171.24166666666667,11.430277777777777
4405,15Gam Crt,BD-16 3244,4.08,171.21666666666667,-17.683888888888887
4406,,CP-71 1248,5.59,171.04583333333332,-72.25666666666666
4407,,BD+56 1518,5.75,171.48749999999998,55.85055555555556
4408,81    Leo,BD+17 2356,5.57,171.39999999999998,16.45638888888889
4409,,CD-35 7189,5.22,171.37083333333334,-36.06305555555555
4410,80    Leo,BD+04 2463,6.37,171.45833333333334,3.86
4411,,CD-37 7235,5.89,171.3875,-37.74777777777778
4412,,BD+34 2222,6.32,171.60416666666669,33.45055555555556
4413,,CP-63 1893,5.17,171.42916666666665,-63.97277777777778
4415,,CP-60 2941,5.3,171.64583333333334,-61.11527777777778
4416,16Kap Crt,BD-11 3098,5.94,171.7875,-12.356666666666666
4417,,CP-52 4567,5.81,171.69583333333333,-53.16
4418,84Tau Leo,BD+03 2504,4.95,171.98333333333332,2.8561111111111113
4419,,BD-00 2442,6.25,171.9708333333333,-1.7
4420,,CD-34 7471,6.45,171.99166666666667,-35.328611111111115
4421,,BD+62 1183,5.83,172.26666666666665,61.77833333333333
4422,57    UMa,BD+40 2433,5.31,172.26666666666665,39.33694444444445
4423,,CD-41 6565,5.08,172.14583333333334,-42.674166666666665
4424,,BD+57 1324,6.28,172.42916666666665,56.737500000000004
4425,,CP-71 1253,6.09,172.07500000000002,-72.47444444444444
4426,85    Leo,BD+16 2266,5.74,172.42083333333332,15.413333333333334
4428,,CD-2310009,5.76,172.40833333333333,-24.46333333333333
4429,,BD+81  373,6.15,172.95833333333334,81.12722222222222
4430,,BD+47 1880,6.35,172.60416666666666,46.6575
4431,58    UMa,BD+43 2122,5.94,172.62916666666666,43.17333333333333
4432,87    Leo,BD-02 3360,4.77,172.57500000000002,-3.0036111111111112
4433,86    Leo,BD+19 2459,5.52,172.62083333333334,18.40972222222222
4434,1Lam Dra,BD+70  665,3.84,172.85,69.33111111111111
4435,,BD+48 1952,6.42,172.71666666666667,47.92916666666667
4437,88    Leo,BD+15 2345,6.2,172.93333333333334,14.364444444444445
4438,,CP-60 3011,6.38,172.8125,-61.27833333333333
4439,,BD+61 1246,5.48,173.08333333333334,61.0825
4440,,BD-19 3285,6.24,172.94583333333333,-20.776666666666667
4441,Omi1Cen,CP-58 3692,5.13,172.9416666666667,-59.44222222222222
4442,Omi2Cen,CP-58 3693,5.15,172.95000000000002,-59.51583333333333
4443,,CD-28 8928,5.81,173.06666666666666,-29.263333333333332
4444,,CD-28 8928,5.64,173.06666666666666,-29.261111111111113
4445,,CD-26 8620,6.16,173.09583333333333,-26.746666666666666
4446,,BD-07 3250,5.95,173.19583333333333,-7.8275
4447,,CD-39 7168,5.64,173.2,-40.436388888888885
4448,,CP-66 1605,5.9,173.07916666666665,-66.96222222222222
4449,,CD-30 9303,5.04,173.225,-31.08722222222222
4450,Xi  Hya,CD-31 9083,3.54,173.25,-31.85777777777778
4451,,BD-15 3295,6.05,173.30833333333337,-16.280555555555555
4452,,BD+37 2195,6.4,173.48333333333335,36.815555555555555
4453,,CD-39 7175,5.39,173.4041666666667,-40.58694444444445
4455,89    Leo,BD+03 2521,5.77,173.59166666666664,3.0599999999999996
4456,90    Leo,BD+17 2374,5.95,173.675,16.796944444444446
4457,,BD+55 1473,5.63,173.76666666666668,54.78527777777778
4458,,CD-32 8179,5.98,173.62083333333334,-32.831388888888895
4459,,BD+21 2331,6.45,173.7625,20.441388888888888
4460,,CP-53 4637,4.62,173.6875,-54.26416666666667
4461,2    Dra,BD+70  670,5.2,174.00833333333333,69.32277777777777
4462,,CD-48 6630,5.5,173.73333333333335,-49.13666666666666
4463,,CD-46 7199,5.71,173.80416666666667,-47.3725
4465,,BD+28 2022,5.8,174.07083333333333,27.78111111111111
4466,,CD-46 7205,5.25,173.97916666666669,-47.641666666666666
4467,Lam Cen,CP-62 2127,3.13,173.9416666666667,-63.01972222222222
4468,21The Crt,BD-08 3202,4.7,174.16666666666666,-9.802222222222223
4469,,CD-32 8199,5.74,174.14583333333334,-33.57
4470,,CD-36 7291,6.31,174.16666666666666,-37.23777777777778
4471,91Ups Leo,BD-00 2458,4.3,174.23333333333335,-0.8238888888888889
4472,,CP-60 3140,5.83,174.09166666666664,-61.05222222222222
4473,,CD-32 8202,6.29,174.25416666666666,-32.988055555555555
4474,,BD+51 1679,6.14,174.47083333333333,50.61833333333333
4475,,CP-60 3182,5.15,174.25,-61.28333333333333
4476,,CD-47 6997,5.44,174.38750000000002,-47.74722222222222
4477,59    UMa,BD+44 2110,5.59,174.58333333333334,43.62555555555556
4478,,BD+09 2523,6.17,174.5375,8.884166666666665
4479,Pi  Cha,CP-75  744,5.65,174.3125,-75.89666666666668
4480,60    UMa,BD+47 1894,6.1,174.6375,46.83416666666667
4482,,BD+34 2242,6.27,174.63333333333333,33.62555555555556
4483,1Ome Vir,BD+08 2532,5.36,174.6125,8.134166666666665
4484,,BD-01 2546,6.22,174.6,-2.4361111111111113
4485,,CP-66 1629,5.96,174.45000000000002,-67.62027777777777
4486,,BD+45 1947,6.44,174.68333333333334,45.10861111111111
4487,,CP-61 2463,5.15,174.52916666666664,-61.82638888888889
4488,24Iot Crt,BD-12 3466,5.48,174.66666666666666,-13.201944444444443
4489,,CD-24 9867,6.42,174.75,-24.72111111111111
4490,,BD-13 3420,6.21,174.9625,-14.46861111111111
4491,,BD-15 3323,6.19,174.95833333333334,-16.62027777777778
4492,,CP-64 1685,5.17,174.87083333333334,-65.39777777777779
4493,,BD+58 1331,6.37,175.11249999999998,57.970555555555556
4494,Omi Hya,CD-34 7610,4.7,175.05,-34.74472222222222
4495,92    Leo,BD+22 2391,5.26,175.19583333333333,21.352777777777778
4496,61    UMa,BD+35 2270,5.33,175.2625,34.20166666666667
4497,,CP-53 4691,5.96,175.17499999999998,-53.968611111111116
4498,,CD-28 9027,6.44,175.28333333333333,-29.19638888888889
4499,,CP-61 2514,4.94,175.22083333333333,-62.09
4500,,BD+55 1481,6.27,175.42916666666665,55.1725
4501,62    UMa,BD+32 2179,5.73,175.39166666666665,31.746111111111112
4502,,CD-42 7155,5.55,175.32916666666668,-43.09583333333334
4503,,CD-31 9181,5.22,175.43333333333334,-32.499722222222225
4504,3    Dra,BD+67  714,5.3,175.61666666666665,66.745
4506,,BD-19 3326,6.22,175.5125,-20.29388888888889
4507,,CP-82  469,6.33,175.25416666666666,-83.1
4508,,CD-36 7371,5.98,175.8625,-37.19027777777777
4509,,CP-78  677,6.39,175.72916666666666,-79.30638888888889
4510,,BD-05 3340,6.07,175.97916666666666,-6.677222222222222
4511,,CP-61 2559,5.03,175.87916666666666,-62.489444444444445
4512,,BD+26 2250,6.02,176.05416666666665,25.21833333333333
4513,,CP-62 2250,6.1,175.96666666666667,-62.87833333333333
4514,27Zet Crt,BD-17 3460,4.73,176.18749999999997,-18.350833333333334
4515,2Xi  Vir,BD+09 2545,4.85,176.32083333333333,8.258333333333333
4516,,CD-48 6777,6.26,176.3,-49.069722222222225
4517,3Nu  Vir,BD+07 2479,4.03,176.4625,6.529444444444445
4518,63Chi UMa,BD+48 1966,3.71,176.5125,47.779444444444444
4519,,CD-44 7564,5.29,176.42916666666665,-45.69
4520,Lam Mus,CP-66 1640,3.64,176.4,-66.7286111111111
4521,,BD+56 1544,5.27,176.72916666666669,55.62833333333333
4522,,CP-60 3325,4.11,176.625,-61.17833333333333
4523,,CD-39 7301,4.91,176.6291666666667,-40.50055555555556
4524,,CD-35 7438,6.17,176.77916666666667,-35.90694444444444
4525,,CD-29 9337,6.48,176.8125,-30.286944444444448
4526,,CP-57 4989,5.41,176.82916666666665,-57.69638888888888
4527,93    Leo,BD+21 2358,4.53,176.99583333333334,20.218888888888888
4528,4    Vir,BD+09 2549,5.32,176.975,8.245833333333332
4529,,BD-09 3366,6.26,177.09583333333336,-10.313333333333334
4530,Mu  Mus,CP-66 1649,4.72,177.05833333333337,-66.81472222222222
4531,,BD+15 2381,5.88,177.15833333333333,14.284166666666666
4532,,CD-26 8789,5.11,177.1875,-26.749722222222225
4533,,BD+00 2843,6.15,177.25416666666666,-0.3186111111111111
4534,94Bet Leo,BD+15 2383,2.14,177.2625,14.571944444444444
4535,,BD+17 2402,6.04,177.30833333333334,16.24277777777778
4536,,BD+35 2284,5.7,177.42083333333332,34.931666666666665
4537,,CP-63 1988,4.32,177.42083333333332,-63.788333333333334
4538,,CP-69 1595,4.97,177.48333333333335,-70.22583333333334
4539,,BD-15 3363,6.13,177.57916666666668,-15.863888888888889
4540,5Bet Vir,BD+02 2489,3.61,177.67083333333332,1.7647222222222223
4541,,CP-61 2677,5.7,177.6125,-62.64944444444444
4542,,CD-26 8807,6.48,177.6541666666667,-27.27777777777778
4543,,BD+13 2465,6.35,177.72916666666669,12.27888888888889
4544,,BD-04 3152,5.64,177.75833333333333,-5.333333333333333
4545,,BD+34 2264,6.27,177.7875,33.375
4546,,CD-44 7614,4.46,177.78333333333333,-45.17361111111111
4547,,BD-11 3190,6.35,177.8375,-12.187777777777779
4548,,CD-30 9506,5.85,177.92083333333332,-30.834999999999997
4549,,CP-64 1724,4.9,177.96249999999998,-65.20611111111111
4550,,BD+38 2285,6.45,178.24166666666667,37.718611111111116
4551,,CP-56 4836,5.57,178.04166666666669,-56.98777777777778
4552,Bet Hya,CD-33 8018,4.28,178.22500000000002,-33.908055555555556
4553,,CD-34 7760,6.17,178.35833333333332,-35.06666666666667
4554,64Gam UMa,BD+54 1475,2.44,178.45416666666665,53.69472222222222
4555,,BD+01 2624,6.3,178.45833333333334,0.5519444444444445
4556,,CP-56 4861,6.06,178.54583333333332,-57.41
4557,,CD-37 7536,6.46,178.60416666666669,-37.74888888888889
4558,,CD-25 8930,5.3,178.675,-25.71388888888889
4559,6    Vir,BD+09 2560,5.58,178.7625,8.443888888888889
4562,,BD+37 2230,6.49,178.80833333333334,36.756388888888885
4563,,CP-62 2408,5.91,178.74583333333334,-63.278888888888886
4564,95    Leo,BD+16 2319,5.53,178.91666666666666,15.646666666666667
4565,,CD-27 8384,5.93,178.91666666666666,-28.47694444444444
4566,66    UMa,BD+57 1343,5.84,178.99166666666667,56.59861111111111
4567,30Eta Crt,BD-16 3358,5.18,179.0,-17.15083333333333
4568,,CD-38 7410,6.13,178.975,-39.689166666666665
4569,,BD+62 1204,6.22,179.22083333333333,61.549166666666665
4570,,CD-46 7521,6.26,179.17916666666665,-47.072500000000005
4571,,CD-32 8413,6.21,179.2625,-33.31527777777777
4573,,CP-61 2829,5.57,179.41666666666666,-62.44888888888889
4574,,BD+33 2174,6.42,179.52916666666667,32.27388888888889
4576,,CP-55 4751,5.44,179.5625,-56.31722222222223
4578,,CP-63 2073,5.61,179.69583333333333,-64.33916666666666
4579,,CD-25 8963,6.43,179.72500000000002,-25.90888888888889
4580,,BD+01 2636,6.17,179.7625,0.5305555555555556
4581,,BD+33 2176,5.96,179.82083333333333,33.1675
4582,,CD-51 6236,6.05,179.79166666666666,-51.696666666666665
4583,Eps Cha,CP-77  772,4.91,179.90416666666667,-78.22194444444445
4585,7    Vir,BD+04 2556,5.37,179.98333333333332,3.6552777777777776
4586,,BD+81  389,6.17,180.07500000000002,80.85305555555556
4587,,BD-09 3413,5.55,180.18333333333334,-10.446111111111112
4588,,BD-21 3443,6.28,180.175,-21.83722222222222
4589,8Pi  Vir,BD+07 2502,4.66,180.21666666666667,6.614166666666667
4590,,BD-18 3295,5.26,180.2125,-19.65888888888889
4591,,BD-00 2520,6.31,180.25416666666666,-1.7680555555555555
4592,,CP-56 4954,6.16,180.37083333333334,-57.50361111111111
4593,,BD+36 2230,5.59,180.41250000000002,36.04194444444444
4594,67    UMa,BD+43 2179,5.21,180.525,43.04555555555555
4595,,CP-84  371,6.05,180.58333333333334,-85.63166666666666
4596,,CP-70 1454,6.42,180.61666666666665,-71.4888888888889
4597,,CP-68 1604,5.89,180.65416666666667,-69.19222222222223
4598,,BD-06 3499,6.22,180.71249999999998,-7.683611111111111
4599,The1Cru,CP-62 2543,4.33,180.75416666666666,-63.312777777777775
4600,,CD-41 6938,5.15,180.91250000000002,-42.43416666666666
4601,,CP-73  924,6.44,180.93333333333334,-74.21388888888889
4602,2    Com,BD+22 2437,5.87,181.06666666666666,21.459166666666665
4603,The2Cru,CP-62 2561,4.72,181.07916666666665,-63.16555555555556
4604,,CP-67 1896,5.35,181.15833333333333,-68.32916666666667
4605,Kap Cha,CP-75  777,5.04,181.19166666666666,-76.51916666666666
4606,,BD+86  176,6.27,181.11666666666665,85.58722222222222
4607,,CP-60 3697,5.96,181.23749999999998,-60.969166666666666
4608,9Omi Vir,BD+09 2583,4.12,181.3,8.733055555555556
4609,,BD+77  461,5.8,181.3125,76.90583333333333
4610,,BD+63  999,6.13,181.41250000000002,62.933055555555555
4611,,CP-64 1791,6.33,181.47083333333333,-65.54722222222222
4612,,CD-35 7694,6.23,181.48333333333335,-35.693888888888885
4613,,BD-02 3460,6.37,181.49583333333334,-3.131666666666667
4614,,CP-67 1903,6.23,181.57916666666665,-68.65083333333334
4615,,CP-65 1788,6.06,181.59583333333333,-65.70916666666668
4616,Eta Cru,CP-63 2145,4.15,181.71666666666667,-64.61361111111111
4617,,CP-74  880,5.18,181.95416666666665,-75.36694444444444
4618,,CD-49 6813,4.47,182.02083333333331,-50.66138888888889
4619,,CD-50 6688,6.37,182.01666666666665,-50.763333333333335
4620,,CD-47 7396,5.34,182.05833333333334,-48.69277777777778
4621,Del Cen,CD-50 6697,2.6,182.0875,-50.722500000000004
4622,,CP-60 3777,6.22,182.1,-60.84722222222222
4623,1Alp Crv,CD-2410174,4.02,182.1,-24.728888888888886
4624,,CD-43 7502,5.75,182.22083333333333,-44.32611111111112
4625,,CD-40 7128,5.48,182.225,-41.231388888888894
4626,10    Vir,BD+02 2517,5.95,182.42083333333332,1.8977777777777778
4627,,BD+75  469,6.35,182.44583333333333,74.6613888888889
4628,,CD-34 7956,6.17,182.50833333333333,-34.705000000000005
4629,11    Vir,BD+06 2559,5.72,182.5125,5.8069444444444445
4630,2Eps Crv,BD-21 3487,3.0,182.52916666666664,-22.619722222222222
4631,,CD-37 7714,6.06,182.6375,-37.87027777777778
4632,3    Com,BD+17 2446,6.39,182.62916666666666,16.809166666666666
4633,,BD+28 2084,6.01,182.69166666666666,27.281388888888888
4634,,CP-60 3812,6.08,182.76666666666668,-61.277499999999996
4635,3    Crv,BD-22 3305,5.46,182.7625,-23.602500000000003
4637,,CD-50 6752,6.23,182.87916666666666,-51.35944444444445
4638,Rho Cen,CD-51 6455,3.96,182.91250000000002,-52.368611111111115
4639,,BD+82  356,6.0,182.75,81.71000000000001
4640,4    Com,BD+26 2316,5.66,182.9625,25.87027777777778
4642,,BD+29 2265,6.49,183.00416666666663,28.53611111111111
4643,5    Com,BD+21 2398,5.57,183.0375,20.541944444444447
4644,,CP-62 2624,5.92,183.09166666666664,-62.950833333333335
4645,,CP-69 1646,6.17,183.19166666666666,-70.15194444444445
4646,,BD+78  412,5.14,183.04583333333332,77.61638888888888
4648,,CD-38 7581,5.76,183.35416666666669,-38.92916666666667
4649,,CP-77  804,6.35,183.47916666666666,-78.5736111111111
4650,12    Vir,BD+11 2440,5.85,183.35416666666669,10.262222222222222
4651,,CD-33 8257,6.33,183.4,-33.79277777777778
4652,,CD-45 7630,5.31,183.50833333333333,-45.723888888888894
4653,,CP-63 2203,6.22,183.56666666666666,-64.40861111111111
4654,,BD+54 1504,6.16,183.67916666666665,53.43472222222222
4655,,BD-20 3606,5.83,183.7458333333333,-20.844166666666666
4656,Del Cru,CP-58 4189,2.8,183.78333333333333,-58.74888888888889
4657,,BD-09 3468,6.11,183.79166666666669,-10.3125
4658,,CD-41 7056,6.26,183.875,-41.91305555555555
4659,,BD+71  610,5.71,183.78333333333333,70.2
4660,69Del UMa,BD+57 1363,3.31,183.85416666666666,57.0325
4662,4Gam Crv,BD-16 3424,2.59,183.95000000000002,-17.541944444444447
4663,6    Com,BD+15 2436,5.1,184.0,14.898888888888889
4664,,CP-71 1323,6.22,184.09583333333336,-72.61472222222221
4665,,BD+73  549,6.29,183.92083333333332,72.55083333333333
4666,2    CVn,BD+41 2284,5.66,184.02916666666667,40.66027777777778
4667,7    Com,BD+24 2443,4.95,184.08333333333337,23.94527777777778
4668,,BD+33 2213,5.0,184.125,33.061388888888885
4669,,CP-64 1844,6.06,184.275,-65.69277777777778
4670,,BD-15 3442,6.05,184.2625,-16.69361111111111
4671,Eps Mus,CP-67 1931,4.11,184.39166666666665,-67.96083333333334
4672,,BD+54 1510,5.81,184.37083333333334,53.191111111111105
4673,,BD+29 2275,5.7,184.375,28.93722222222222
4674,Bet Cha,CP-78  741,4.26,184.58333333333337,-79.31222222222222
4675,,CD-35 7842,6.15,184.44583333333333,-36.09388888888889
4676,,BD+15 2442,6.34,184.43333333333334,15.144166666666667
4679,Zet Cru,CP-63 2235,4.04,184.60833333333335,-64.00305555555556
4680,,BD+31 2350,6.23,184.6291666666667,30.249166666666667
4681,13    Vir,BD+00 2920,5.9,184.66666666666669,-0.7872222222222223
4682,,CP-54 5113,5.0,184.74583333333334,-55.143055555555556
4683,,BD+87  107,6.33,184.2125,86.43611111111112
4684,,BD+26 2326,6.48,184.75833333333333,26.00777777777778
4685,8    Com,BD+23 2448,6.27,184.82916666666665,23.034722222222225
4686,,BD+88   71,6.28,183.83333333333334,87.7
4687,,BD+75  470,5.38,184.70416666666668,75.16055555555556
4688,9    Com,BD+28 2106,6.33,184.87083333333334,28.15694444444444
4689,15Eta Vir,BD+00 2926,3.89,184.975,-0.6669444444444445
4690,3    CVn,BD+49 2130,5.29,184.95,48.98416666666667
4691,,BD-21 3511,5.97,185.04166666666669,-22.175555555555558
4692,,CP-65 1842,6.21,185.11666666666667,-65.84277777777777
4693,,BD+27 2114,5.54,185.07916666666668,26.619444444444444
4694,,BD+26 2329,6.15,185.07083333333333,26.001944444444444
4695,16    Vir,BD+04 2604,4.96,185.0875,3.3125
4696,5Zet Crv,BD-21 3514,5.21,185.13750000000002,-22.215833333333332
4697,11    Com,BD+18 2592,4.74,185.17916666666667,17.79277777777778
4699,,BD-12 3614,5.14,185.22916666666669,-13.565555555555557
4700,Eps Cru,CP-59 4188,3.59,185.3375,-60.401111111111106
4701,70    UMa,BD+58 1371,5.55,185.20833333333334,57.86388888888889
4702,,CP-55 5019,5.92,185.48749999999998,-56.374722222222225
4703,Zet2Mus,CP-66 1747,5.15,185.52916666666667,-67.52194444444444
4704,Zet1Mus,CP-67 1939,5.74,185.54583333333335,-68.30749999999999
4705,,BD+25 2498,6.19,185.54166666666669,24.773888888888887
4706,,CP-56 5202,5.39,185.70416666666665,-57.67611111111111
4707,12    Com,BD+26 2337,4.81,185.625,25.84611111111111
4708,17    Vir,BD+06 2599,6.4,185.63333333333333,5.305555555555555
4709,,CP-85  343,6.33,186.40416666666667,-86.15055555555556
4710,,CP-66 1752,6.36,185.80416666666665,-67.63166666666666
4711,6    Crv,CD-2410314,5.68,185.8375,-24.840555555555554
4712,,CD-34 8117,5.32,185.89583333333334,-35.41277777777778
4713,,CD-38 7700,6.4,185.89999999999998,-39.30305555555555
4714,,CD-38 7701,5.79,185.93333333333334,-38.91111111111111
4715,4    CVn,BD+43 2218,6.06,185.94583333333333,42.54277777777778
4716,5    CVn,BD+52 1626,4.8,186.00416666666666,51.56222222222222
4717,13    Com,BD+26 2344,5.18,186.07500000000002,26.09861111111111
4718,,CD-40 7281,6.25,186.18333333333334,-41.384166666666665
4719,,BD+26 2345,6.42,186.10833333333332,25.58277777777778
4720,,CP-65 1862,6.3,186.32083333333333,-65.77055555555556
4721,,CD-41 7163,6.11,186.28333333333333,-42.51444444444444
4722,,BD-10 3467,5.95,186.29583333333332,-11.610277777777778
4723,,CD-27 8670,6.09,186.325,-27.749166666666667
4724,,CD-34 8146,5.73,186.33749999999998,-35.186388888888885
4725,,BD+24 2455,6.03,186.3125,23.926111111111112
4726,71    UMa,BD+57 1373,5.81,186.2625,56.777499999999996
4727,,BD+64  896,6.32,186.275,63.80277777777778
4728,6    CVn,BD+39 2521,5.02,186.45833333333334,39.01861111111111
4729,,CP-62 2742,4.86,186.625,-63.1225
4730,Alp1Cru,CP-62 2745,1.33,186.64583333333334,-63.09916666666667
4731,Alp2Cru,CP-62 2745,1.73,186.65,-63.099444444444444
4732,,CD-50 6975,4.82,186.62916666666666,-51.450833333333335
4733,14    Com,BD+28 2115,4.95,186.6,27.26833333333333
4734,,CD-48 7426,6.26,186.70000000000002,-48.913333333333334
4735,,CD-32 8713,5.55,186.7125,-32.830000000000005
4736,,CP-63 2283,6.0,186.84999999999997,-63.78916666666667
4737,15Gam Com,BD+29 2288,4.36,186.73333333333335,28.26833333333333
4738,16    Com,BD+27 2134,5.0,186.74583333333334,26.825555555555557
4739,,CP-58 4289,5.5,186.86666666666665,-58.99194444444444
4740,,BD+72  565,6.24,186.6,71.92972222222222
4741,,BD+09 2628,6.37,186.92499999999998,8.610277777777778
4742,,BD-15 3471,6.35,186.95416666666665,-16.631944444444446
4743,Sig Cen,CD-49 7115,3.91,187.00833333333333,-50.230555555555554
4744,,CP-63 2297,6.04,187.07500000000002,-64.34138888888889
4745,73    UMa,BD+56 1598,5.7,186.89583333333334,55.71277777777778
4746,,BD-03 3298,6.22,186.96249999999998,-4.615277777777777
4747,,CP-61 3209,6.22,187.10416666666669,-61.79527777777778
4748,,CD-38 7753,5.44,187.09166666666667,-39.04138888888889
4749,,CP-55 5084,6.15,187.13750000000002,-56.407777777777774
4752,17    Com,BD+26 2354,5.29,187.22500000000002,25.912777777777777
4753,18    Com,BD+24 2464,5.48,187.35833333333332,24.10888888888889
4754,,CP-55 5097,5.8,187.4708333333333,-56.52472222222222
4755,,CD-41 7219,6.02,187.48749999999998,-41.736111111111114
4756,20    Com,BD+21 2424,5.69,187.42916666666665,20.89611111111111
4757,7Del Crv,BD-15 3482,2.95,187.46249999999998,-16.515555555555554
4758,,BD-12 3647,6.35,187.51666666666668,-13.393055555555556
4759,,BD-22 3383,5.63,187.57083333333333,-23.696666666666665
4760,74    UMa,BD+59 1444,5.35,187.48749999999998,58.405833333333334
4761,7    CVn,BD+52 1631,6.21,187.50833333333333,51.535555555555554
4762,75    UMa,BD+59 1446,6.08,187.51666666666668,58.7675
4763,Gam Cru,CP-56 5272,1.63,187.7875,-57.11333333333334
4764,Gam Cru,CP-56 5274,6.42,187.8166666666667,-57.08111111111111
4765,4    Dra,BD+70  700,4.95,187.525,69.20111111111112
4766,21    Com,BD+25 2517,5.46,187.75,24.56722222222222
4767,,BD+53 1554,6.21,187.70833333333334,53.07666666666667
4768,,CP-58 4344,5.48,187.91666666666669,-59.42388888888889
4769,,CP-72 1261,5.88,188.04166666666669,-73.00166666666667
4770,,BD+08 2609,6.05,187.8375,7.604166666666666
4771,,CP-62 2805,5.95,187.97916666666669,-63.50611111111111
4772,,BD-04 3296,6.19,187.90833333333333,-5.0525
4773,Gam Mus,CP-71 1336,3.87,188.11666666666665,-72.13305555555554
4774,,CD-31 9746,6.46,188.01666666666668,-32.53361111111111
4775,8Eta Crv,BD-15 3489,4.31,188.01666666666668,-16.19611111111111
4776,,BD-13 3552,5.74,188.15,-13.859166666666667
4777,20    Vir,BD+11 2473,6.26,188.25833333333335,10.295555555555556
4778,,BD-18 3416,6.26,188.34166666666667,-19.791944444444447
4779,,BD-12 3659,5.58,188.39166666666668,-12.830277777777777
4780,22    Com,BD+25 2523,6.29,188.39166666666668,24.283055555555556
4781,21    Vir,BD-08 3372,5.48,188.4416666666667,-9.451944444444443
4782,,CD-49 7195,6.38,188.49583333333334,-49.909444444444446
4783,,BD+34 2332,5.42,188.40833333333333,33.2475
4784,,BD+34 2333,6.24,188.44583333333333,33.38472222222222
4785,8Bet CVn,BD+42 2321,4.26,188.43333333333334,41.3575
4786,9Bet Crv,BD-22 3401,2.65,188.59583333333333,-23.396666666666665
4787,5Kap Dra,BD+70  703,3.87,188.37083333333334,69.78833333333333
4788,,CD-43 7755,5.77,188.675,-44.67333333333333
4789,23    Com,BD+23 2475,4.81,188.71249999999998,22.629166666666666
4790,,CP-61 3298,6.22,188.87083333333334,-61.841944444444444
4792,24    Com,BD+19 2584,5.02,188.77916666666667,18.376944444444444
4793,,BD+22 2490,5.85,188.78333333333336,21.88138888888889
4794,,CD-40 7376,5.13,188.9375,-41.02194444444444
4795,6    Dra,BD+70  705,4.94,188.68333333333334,70.02194444444444
4796,,CD-39 7717,5.8,189.00416666666666,-39.87
4797,,BD-19 3521,6.2,188.99166666666667,-20.52722222222222
4798,Alp Mus,CP-68 1702,2.69,189.29583333333335,-69.13555555555556
4799,25    Vir,BD-05 3535,5.87,189.19583333333333,-5.831944444444444
4801,25    Com,BD+17 2504,5.68,189.24166666666667,17.089444444444442
4802,Tau Cen,CD-47 7745,3.86,189.425,-48.54111111111111
4803,,CD-26 9233,5.45,189.425,-27.13888888888889
4804,,CP-74  955,6.49,189.80833333333334,-75.36944444444444
4805,,BD+04 2631,6.33,189.51666666666665,3.2824999999999998
4806,,CP-66 1861,6.25,189.71666666666667,-67.19305555555556
4807,,BD+02 2560,5.71,189.59166666666664,1.8547222222222224
4809,,BD-17 3668,6.0,189.68333333333334,-18.25027777777778
4810,,CD-29 9845,5.89,189.7625,-30.422222222222224
4811,9    CVn,BD+41 2312,6.37,189.69166666666666,40.87444444444444
4812,,BD+23 2479,6.38,189.75833333333333,22.659444444444443
4813,26Chi Vir,BD-07 3452,4.66,189.80833333333334,-7.995555555555556
4814,,CP-65 1941,6.26,189.97916666666666,-66.51166666666667
4815,26    Com,BD+21 2439,5.46,189.77916666666667,21.0625
4816,,BD+36 2295,6.45,189.8166666666667,35.95194444444445
4817,,CD-39 7748,4.64,189.96666666666667,-39.987500000000004
4818,,CD-45 7944,5.84,190.34583333333333,-46.14555555555555
4819,Gam Cen,CD-48 7597,2.17,190.37916666666666,-48.959722222222226
4820,,CP-68 1731,6.33,190.52083333333331,-69.4075
4823,,CP-59 4393,4.93,190.48333333333335,-59.68583333333333
4824,27    Vir,BD+11 2484,6.19,190.39166666666665,10.426388888888889
4827,,BD-18 3442,6.03,190.45416666666665,-19.75861111111111
4828,30Rho Vir,BD+11 2485,4.88,190.47083333333333,10.235555555555555
4829,31    Vir,BD+07 2568,5.59,190.4875,6.806666666666667
4830,,CP-62 2898,5.31,190.70833333333331,-63.058611111111105
4831,,CD-48 7608,4.66,190.64583333333334,-48.81305555555555
4832,,CP-55 5194,6.08,190.70416666666665,-55.947222222222216
4833,76    UMa,BD+63 1026,6.07,190.38750000000002,62.713055555555556
4834,,CP-55 5197,6.0,190.7875,-56.17611111111111
4835,,CP-58 4453,6.4,190.86666666666667,-58.903055555555554
4836,,CD-39 7785,6.44,190.85833333333332,-40.17777777777778
4837,,BD-00 2603,5.93,190.90833333333333,-1.5769444444444445
4838,,CD-35 8155,6.39,190.99166666666667,-36.34916666666667
4839,,CD-27 8832,5.48,191.0,-28.323888888888888
4840,,BD+61 1312,6.38,190.76666666666668,61.15555555555555
4841,,CP-68 1745,6.16,191.25416666666666,-68.83111111111111
4842,Iot Cru,CP-60 4273,4.69,191.40416666666667,-60.98111111111111
4843,,BD+44 2221,6.33,191.11249999999998,44.10305555555556
4844,Bet Mus,CP-67 2064,3.05,191.5666666666667,-68.10805555555555
4845,10    CVn,BD+40 2570,5.95,191.2458333333333,39.278888888888886
4846,,BD+46 1817,4.99,191.27916666666667,45.44027777777777
4847,32    Vir,BD+08 2639,5.22,191.40416666666667,7.673333333333334
4848,,CP-55 5215,4.65,191.59166666666667,-56.48888888888889
4849,33    Vir,BD+10 2468,5.67,191.59166666666667,9.54
4850,,CD-32 8912,5.86,191.6916666666667,-33.315555555555555
4851,27    Com,BD+17 2533,5.12,191.65833333333333,16.5775
4852,,BD+81  402,6.4,191.10833333333332,80.6211111111111
4853,Bet Cru,CP-59 4451,1.25,191.92916666666665,-59.68861111111111
4854,,BD+06 2660,6.34,191.75833333333333,5.950833333333334
4855,34    Vir,BD+12 2512,6.07,191.80416666666667,11.958055555555555
4856,,BD-05 3569,6.26,191.88750000000002,-6.301944444444445
4857,,CD-2410540,6.44,191.97083333333333,-24.851666666666667
4858,35    Vir,BD+04 2653,6.41,191.96249999999998,3.5727777777777776
4860,,CD-26 9340,5.66,192.10833333333335,-27.5975
4862,,CP-71 1391,5.55,192.43333333333334,-71.9863888888889
4863,7    Dra,BD+67  764,5.43,191.89166666666665,66.79027777777777
4864,,BD+25 2568,6.31,192.19583333333333,24.840277777777775
4865,29    Com,BD+14 2549,5.7,192.22500000000002,14.1225
4866,11    CVn,BD+49 2163,6.27,192.17083333333332,48.466944444444444
4867,,BD+61 1320,5.85,192.16250000000002,60.32
4869,30    Com,BD+28 2153,5.78,192.32083333333333,27.552222222222223
4870,Iot Oct,CP-84  407,5.46,193.74166666666667,-85.12333333333332
4871,,CD-47 7893,6.24,192.57916666666668,-48.459722222222226
4872,,CP-52 5947,5.73,192.7375,-52.7875
4873,,BD+23 2502,6.43,192.57083333333333,22.863333333333333
4874,,CD-33 8653,4.91,192.67083333333332,-33.99944444444444
4875,,BD+38 2373,5.89,192.54166666666669,37.51694444444444
4876,,CP-59 4494,5.72,192.82083333333333,-60.32972222222222
4877,,BD-09 3569,6.41,192.84166666666664,-10.338333333333335
4878,37    Vir,BD+03 2703,6.02,192.89999999999998,3.0566666666666666
4879,,CD-39 7879,5.98,192.98333333333335,-39.68083333333333
4880,,CD-47 7917,6.33,193.02083333333334,-48.094166666666666
4881,,CD-26 9369,6.15,192.98749999999998,-26.738055555555558
4882,,CP-53 5359,6.24,193.1,-53.82944444444445
4883,31    Com,BD+28 2156,4.94,192.92083333333332,27.540555555555557
4884,32    Com,BD+17 2551,6.32,193.05,17.073888888888888
4885,,CP-54 5360,5.93,193.2625,-54.9525
4886,,BD+16 2430,6.3,193.1125,16.1225
4887,,CP-59 4529,5.76,193.3375,-60.328611111111115
4888,,CD-48 7753,4.33,193.275,-48.94333333333333
4889,,CD-39 7893,4.27,193.35833333333332,-40.178888888888885
4890,Kap Cru,CP-59 4555,5.9,193.45416666666665,-60.37694444444445
4891,38    Vir,BD-02 3593,6.11,193.29583333333332,-3.5530555555555554
4892,,BD+84  289,5.85,192.275,83.41805555555555
4893,,BD+84  290,5.28,192.30416666666665,83.41277777777778
4894,35    Com,BD+22 2519,4.9,193.32083333333333,21.245
4896,,BD-03 3373,6.44,193.40833333333333,-4.223888888888889
4897,Lam Cru,CP-58 4584,4.62,193.66250000000002,-59.14666666666667
4898,Mu 1Cru,CP-56 5487,4.03,193.64583333333334,-57.17777777777778
4899,Mu 2Cru,CP-56 5487,5.17,193.65,-57.16833333333333
4900,41    Vir,BD+13 2602,6.25,193.45416666666665,12.41861111111111
4901,,BD-10 3570,6.0,193.57500000000002,-11.64861111111111
4902,40Psi Vir,BD-08 3449,4.79,193.5875,-9.53888888888889
4903,,CD-43 7953,5.89,193.74166666666667,-44.151944444444446
4904,,BD+34 2369,6.26,193.55416666666667,33.53444444444444
4905,77Eps UMa,BD+56 1627,1.77,193.50416666666666,55.959722222222226
4906,,CD-42 7975,5.47,193.82916666666665,-42.91583333333333
4907,,CP-71 1404,5.93,194.12916666666666,-72.18527777777778
4908,,CP-56 5498,5.32,193.98749999999998,-56.836111111111116
4909,,BD+47 2003,5.84,193.73333333333335,47.196666666666665
4910,43Del Vir,BD+04 2669,3.38,193.89999999999998,3.3975
4911,,BD-14 3605,6.17,193.97083333333333,-15.326944444444445
4913,,CD-50 7394,5.16,194.26666666666665,-51.198611111111106
4914,12Alp1CVn,BD+39 2580,5.6,194.0,38.31472222222222
4915,12Alp2CVn,BD+39 2580,2.9,194.00416666666666,38.318333333333335
4916,8    Dra,BD+66  778,5.24,193.86666666666665,65.43861111111111
4917,,BD+54 1556,5.82,194.07083333333333,54.099444444444444
4918,,BD-21 3635,6.31,194.3875,-22.753888888888888
4919,,BD+46 1833,6.12,194.27916666666664,46.176944444444445
4920,36    Com,BD+18 2682,4.78,194.72916666666666,17.409444444444443
4921,44    Vir,BD-03 3384,5.79,194.9125,-3.8119444444444444
4922,,CD-32 9083,6.02,195.13333333333333,-33.50527777777778
4923,Del Mus,CP-70 1548,3.62,195.56666666666666,-71.54888888888888
4924,37    Com,BD+31 2434,4.9,195.06666666666666,30.785
4925,46    Vir,BD-02 3609,5.99,195.14583333333334,-3.368611111111111
4926,,BD+19 2622,6.2,195.15833333333333,18.373055555555556
4927,,BD+76  473,6.01,194.69583333333333,75.4725
4928,9    Dra,BD+67  773,5.32,194.97916666666666,66.59722222222221
4929,38    Com,BD+17 2573,5.96,195.2875,17.123055555555556
4930,,CP-70 1553,6.03,195.77083333333334,-71.47611111111111
4931,78    UMa,BD+57 1408,4.93,195.17916666666665,56.36638888888889
4932,47Eps Vir,BD+11 2529,2.83,195.54166666666669,10.959166666666667
4933,Xi 1Cen,CD-48 7887,4.85,195.88750000000002,-49.52722222222222
4934,,BD+64  927,6.0,195.4416666666667,63.61027777777778
4935,,BD-19 3629,5.58,195.9416666666667,-20.583055555555557
4938,,CD-40 7662,6.26,196.2,-41.196666666666665
4939,,CD-51 7248,6.43,196.375,-52.115
4940,,CD-47 8088,4.71,196.56666666666666,-48.46361111111111
4941,,CD-40 7682,5.59,196.64583333333334,-41.58861111111111
4942,Xi 2Cen,CD-49 7644,4.27,196.725,-49.90611111111111
4943,14    CVn,BD+36 2337,5.25,196.43333333333334,35.79888888888889
4944,,CP-59 4740,5.99,196.85,-59.86055555555556
4945,,BD+46 1847,5.63,196.4666666666667,45.26861111111111
4946,39    Com,BD+21 2487,5.99,196.5875,21.153333333333332
4949,40    Com,BD+23 2538,5.6,196.59166666666664,22.616111111111113
4951,,CP-52 6194,5.71,196.90833333333333,-53.459722222222226
4952,The Mus,CP-64 2183,5.51,197.02916666666664,-65.30638888888889
4953,,BD+62 1275,6.14,196.59166666666664,62.04194444444444
4954,41    Com,BD+28 2185,4.8,196.79166666666669,27.62472222222222
4955,49    Vir,BD-09 3628,5.19,196.97083333333333,-10.740277777777777
4956,,BD+28 2187,6.19,196.97083333333333,27.555833333333332
4957,,BD-08 3491,5.55,197.13333333333333,-8.984444444444444
4958,45Psi Hya,BD-22 3515,4.95,197.2625,-23.118055555555557
4959,,BD-08 3495,6.32,197.30833333333334,-9.538333333333334
4960,,BD+10 2516,5.78,197.3,10.022222222222224
4961,50    Vir,BD-09 3636,5.94,197.4375,-10.329444444444444
4962,,BD+17 2595,5.91,197.44583333333333,16.84861111111111
4963,51The Vir,BD-04 3430,4.38,197.4875,-5.538888888888889
4964,,BD+38 2407,6.02,197.40833333333333,37.42305555555555
4965,,CD-51 7329,6.06,197.74166666666667,-52.566944444444445
4966,,CP-69 1772,5.91,197.9625,-69.94194444444445
4967,15    CVn,BD+39 2611,6.28,197.425,38.53388888888889
4970,,CD-41 7648,5.79,197.78333333333333,-42.23305555555556
4971,17    CVn,BD+39 2614,5.91,197.5125,38.49888888888889
4972,,CP-62 3046,6.33,197.97083333333333,-63.30277777777778
4973,,CD-42 8175,5.25,197.84583333333333,-43.36888888888889
4975,,CP-59 4815,4.6,198.07083333333333,-59.920833333333334
4976,,CP-77  890,5.85,198.57083333333333,-78.44722222222222
4977,,CP-65 2201,5.9,198.2,-66.22694444444444
4979,,CD-37 8437,4.85,198.0125,-37.80305555555555
4980,,CP-59 4827,6.16,198.23333333333332,-59.81666666666667
4981,53    Vir,BD-15 3613,5.04,198.0125,-16.198611111111113
4982,,CD-42 8196,6.22,198.20833333333331,-42.69972222222222
4983,43Bet Com,BD+28 2193,4.26,197.96666666666667,27.878055555555555
4984,,BD+25 2610,6.33,198.03333333333333,24.258055555555554
4985,,CD-50 7589,5.89,198.34583333333333,-50.7
4986,,BD+12 2565,5.77,198.13333333333333,11.556111111111111
4988,,CP-58 4738,5.89,198.54999999999998,-58.68388888888889
4989,,CP-58 4740,4.92,198.55833333333334,-59.10333333333333
4990,54    Vir,BD-18 3562,6.28,198.35833333333332,-18.826666666666668
4991,,CD-42 8213,6.16,198.4875,-43.138888888888886
4992,,BD+19 2649,6.11,198.3,18.72694444444444
4993,Eta Mus,CP-67 2224,4.8,198.80833333333334,-67.89444444444445
4994,,CP-69 1784,6.37,198.85416666666666,-69.67972222222222
4995,55    Vir,BD-19 3651,5.33,198.54166666666666,-19.930833333333336
4996,,CD-48 8050,5.89,198.67916666666665,-48.95666666666667
4997,,BD+40 2633,4.92,198.42916666666665,40.15277777777778
4998,,BD+12 2572,5.67,198.62916666666666,11.331666666666667
4999,,CD-35 8547,6.19,198.7875,-36.37111111111111
5000,,CP-64 2316,6.07,199.18333333333334,-65.13833333333334
5001,57    Vir,BD-19 3653,5.22,198.99166666666667,-19.943055555555556
5002,,CP-66 2142,4.87,199.30416666666667,-66.78361111111111
5004,19    CVn,BD+41 2374,5.79,198.88333333333333,40.85527777777778
5006,,CD-3010457,5.1,199.22083333333333,-31.50611111111111
5007,,BD+19 2655,6.45,199.05833333333337,19.051666666666666
5008,,CD-43 8165,5.84,199.30416666666667,-43.97944444444445
5009,,BD+81  416,6.25,198.10416666666666,80.4713888888889
5010,,BD+20 2814,6.45,199.13333333333333,19.78527777777778
5011,59    Vir,BD+10 2531,5.22,199.1916666666667,9.424166666666666
5012,,CP-71 1458,6.04,199.82500000000002,-72.03555555555555
5013,,BD+14 2591,5.33,199.3125,13.675555555555555
5014,,BD+00 3040,6.37,199.37083333333334,-0.6766666666666666
5015,60Sig Vir,BD+06 2722,4.8,199.4,5.469722222222222
5016,,CD-50 7660,6.19,199.64166666666668,-51.28611111111111
5017,20    CVn,BD+41 2380,4.73,199.38333333333333,40.572500000000005
5018,,BD+69  694,6.2,199.11666666666667,68.40805555555556
5019,61    Vir,BD-17 3813,4.74,199.6,-18.31138888888889
5020,46Gam Hya,BD-22 3554,3.0,199.72916666666669,-23.171666666666667
5022,,BD+34 2410,5.82,199.6125,34.09805555555556
5023,21    CVn,BD+50 1994,5.15,199.55833333333337,49.68194444444444
5024,,CP-59 4912,6.18,200.14166666666668,-59.77333333333333
5025,,BD+35 2435,6.02,199.76666666666665,35.128055555555555
5026,,CP-52 6405,5.48,200.1541666666667,-52.74805555555556
5027,,CP-55 5504,6.02,200.20000000000002,-55.800555555555555
5028,Iot Cen,CD-36 8497,2.75,200.14583333333334,-36.71222222222222
5029,,CD-46 8580,5.77,200.2375,-46.88055555555555
5030,,CP-71 1467,6.05,200.71666666666667,-72.14666666666668
5031,,BD+03 2758,6.26,200.17083333333332,2.941666666666667
5032,23    CVn,BD+40 2647,5.6,200.07916666666668,40.150555555555556
5033,,BD-18 3587,6.21,200.37083333333334,-19.48888888888889
5034,,CP-60 4627,6.18,200.64583333333334,-60.97222222222222
5035,,CP-60 4627,4.53,200.6541666666667,-60.98833333333334
5036,,CD-51 7465,5.83,200.5666666666667,-52.183055555555555
5037,,BD+02 2664,5.69,200.42083333333332,2.0872222222222225
5038,,CD-47 8260,6.16,200.71666666666667,-47.94305555555555
5039,,CD-47 8261,6.38,200.75833333333333,-48.562777777777775
5040,64    Vir,BD+05 2737,5.87,200.5375,5.154722222222222
5041,,CP-63 2732,4.53,201.0,-64.53583333333333
5042,Iot1Mus,CP-74 1057,5.05,201.27916666666664,-74.88777777777779
5043,,CD-32 9322,6.22,200.78333333333333,-33.19
5044,63    Vir,BD-16 3650,5.37,200.75416666666663,-17.735277777777778
5045,,BD+44 2269,6.35,200.5125,43.903055555555554
5046,,CD-49 7884,6.48,200.96666666666667,-49.823055555555555
5047,65    Vir,BD-04 3469,5.89,200.82500000000002,-4.924444444444445
5048,,CP-63 2743,5.31,201.30416666666665,-64.48527777777778
5049,,CP-69 1838,5.67,201.45833333333334,-70.6275
5050,66    Vir,BD-04 3472,5.75,201.13750000000002,-5.16388888888889
5052,,BD+37 2404,6.07,200.975,37.03388888888889
5053,,BD+13 2663,6.44,201.125,12.431944444444444
5054,79Zet UMa,BD+55 1598,2.27,200.97916666666666,54.92527777777777
5055,79Zet UMa,BD+55 1598,3.95,200.98333333333335,54.92166666666667
5056,67Alp Vir,BD-10 3672,0.98,201.29583333333332,-11.161388888888888
5057,,BD+24 2578,5.78,201.275,23.854444444444447
5058,,CD-39 8246,5.09,201.52916666666667,-39.75527777777778
5059,,BD-00 2686,5.97,201.54583333333332,-1.1925000000000001
5060,,CD-40 7894,5.69,201.73333333333335,-41.49805555555556
5061,,CD-48 8202,6.31,201.775,-49.14388888888889
5062,80    UMa,BD+55 1603,4.01,201.30416666666665,54.988055555555555
5063,,CD-48 8206,6.28,201.83333333333334,-49.380833333333335
5064,68    Vir,BD-11 3516,5.25,201.67916666666665,-12.707777777777777
5065,,CD-39 8260,6.4,201.80833333333334,-40.16305555555555
5066,,CP-68 1929,6.2,202.19166666666666,-69.62805555555555
5067,,BD+46 1868,5.88,201.5666666666667,46.028055555555554
5068,69    Vir,BD-15 3668,4.76,201.86249999999998,-15.973611111111111
5069,,CP-64 2418,6.11,202.27916666666664,-64.67583333333334
5071,,CD-50 7812,5.06,202.35416666666666,-51.165277777777774
5072,70    Vir,BD+14 2621,4.98,202.10416666666669,13.77888888888889
5073,,BD+73  592,5.79,201.53333333333333,72.3913888888889
5076,,BD+53 1622,6.34,201.9958333333333,52.74583333333334
5077,,BD+41 2400,6.47,202.10833333333332,40.72972222222222
5078,,BD-00 2694,6.43,202.30833333333334,-1.3644444444444446
5080,,BD-22 3601,4.97,202.42499999999998,-23.281388888888888
5081,71    Vir,BD+11 2575,5.65,202.30416666666665,10.818333333333333
5082,,CP-76  767,6.48,203.30833333333337,-77.56833333333333
5083,,BD+51 1847,6.43,202.1875,50.718333333333334
5084,Kap Oct,CP-85  384,5.58,205.22916666666666,-85.78611111111111
5085,,BD+60 1461,5.4,202.1125,59.94583333333333
5086,,BD+07 2655,6.17,202.5,7.178888888888889
5088,72    Vir,BD-05 3706,6.09,202.60416666666666,-6.470277777777778
5089,,CD-38 8592,3.88,202.75833333333335,-39.4075
5090,,CD-27 9278,6.47,202.88750000000002,-28.11277777777778
5091,,BD+79  422,5.77,201.73333333333335,78.6438888888889
5092,,CD-37 8695,6.16,203.02083333333331,-38.399166666666666
5093,,CP-64 2465,6.37,203.39583333333334,-65.6325
5094,73    Vir,BD-17 3877,6.01,203.00833333333333,-18.728888888888886
5095,74    Vir,BD-05 3714,4.69,202.9875,-6.255833333333333
5096,,BD+42 2405,6.08,202.8125,42.10611111111111
5097,,CD-2810128,5.69,203.14583333333334,-28.692777777777778
5098,,CD-2810127,6.45,203.14166666666665,-29.56527777777778
5099,75    Vir,BD-14 3739,5.55,203.21249999999998,-15.363055555555555
5100,76    Vir,BD-09 3711,5.21,203.24166666666667,-10.165000000000001
5102,,BD+25 2643,6.11,203.2,24.34638888888889
5103,,CD-47 8417,6.33,203.61666666666665,-48.27222222222222
5104,,CD-32 9459,6.44,203.67916666666665,-33.31083333333333
5105,78    Vir,BD+04 2764,4.94,203.52916666666664,3.658888888888889
5106,,BD-12 3843,5.91,203.66666666666666,-13.214444444444444
5107,79Zet Vir,BD+00 3076,3.37,203.67083333333332,-0.5958333333333333
5108,,BD+39 2658,6.37,203.5875,38.78916666666667
5109,81    UMa,BD+56 1667,5.6,203.52916666666664,55.34861111111111
5110,,BD+37 2426,4.98,203.69583333333333,37.1825
5111,80    Vir,BD-04 3515,5.73,203.8791666666667,-5.396111111111112
5112,24    CVn,BD+49 2227,4.7,203.6125,49.01611111111111
5113,,CP-61 3841,5.63,204.3,-61.69194444444444
5114,,BD+10 2565,6.49,203.88750000000002,10.204722222222221
5115,,CP-75  882,6.34,204.79583333333332,-75.68388888888889
5118,,CD-43 8418,5.98,204.275,-44.14333333333333
5119,,CP-69 1898,6.1,204.68749999999997,-70.44500000000001
5120,,CD-25 9900,5.78,204.2,-26.495
5121,,CD-45 8578,5.9,204.34583333333333,-46.42833333333333
5122,,CP-57 6169,6.42,204.52916666666664,-58.415
5123,,BD+25 2652,5.74,204.24583333333334,24.613333333333333
5124,,CP-56 5856,6.01,204.70416666666665,-57.62305555555555
5127,25    CVn,BD+37 2433,4.82,204.3625,36.294999999999995
5128,,CD-2810181,5.83,204.67499999999998,-29.560833333333335
5130,,CP-63 2896,5.79,205.04166666666666,-64.57694444444444
5132,Eps Cen,CP-52 6655,2.3,204.97083333333333,-53.46638888888889
5133,,BD+51 1856,6.48,204.42916666666667,50.71472222222223
5134,,CD-49 8095,6.0,204.99583333333334,-49.95027777777778
5135,,CD-39 8390,6.27,204.91666666666669,-39.74805555555556
5136,,CD-39 8392,5.6,204.95000000000002,-40.051944444444445
5137,,BD+19 2697,6.48,204.75833333333333,18.26527777777778
5138,,BD+11 2589,5.57,204.89166666666668,10.74611111111111
5139,,BD+71  659,5.5,204.29583333333335,71.24222222222222
5140,,CP-58 5059,5.38,205.50416666666663,-58.78722222222222
5141,,CP-53 5725,5.01,205.43333333333334,-54.559999999999995
5142,82    UMa,BD+53 1640,5.46,204.875,52.921388888888885
5143,,BD+31 2526,6.21,205.0625,31.011944444444445
5144,1    Boo,BD+20 2858,5.75,205.16666666666666,19.955555555555556
5145,,BD+28 2248,6.23,205.1625,28.06527777777778
5147,,CD-32 9549,6.05,205.4375,-33.596944444444446
5148,,BD+51 1859,6.32,205.09583333333333,50.519444444444446
5149,2    Boo,BD+23 2600,5.62,205.25833333333333,22.495833333333334
5150,82    Vir,BD-07 3674,5.01,205.4,-8.703055555555554
5151,,CP-56 5891,6.0,205.73333333333332,-56.768055555555556
5152,,CD-50 7983,6.41,205.725,-50.79055555555556
5153,,BD+57 1456,6.29,205.08749999999998,57.2075
5154,83    UMa,BD+55 1625,4.66,205.18333333333334,54.681666666666665
5155,,CD-40 8096,5.98,205.72916666666666,-41.401111111111106
5156,,BD+09 2798,6.16,205.55,8.388333333333334
5157,,CD-41 8089,5.98,205.91666666666666,-42.0675
5158,,CD-50 7998,6.47,206.06249999999997,-51.01305555555555
5159,84    Vir,BD+04 2775,5.36,205.7625,3.5380555555555553
5160,,BD+42 2431,6.3,205.61666666666665,41.674166666666665
5161,,BD+35 2474,5.98,205.67916666666665,34.98888888888889
5162,,BD+65  953,5.85,205.37083333333334,64.82249999999999
5164,,BD+23 2606,6.13,205.9375,22.700277777777778
5165,83    Vir,BD-15 3731,5.6,206.12083333333334,-16.179166666666667
5166,,CD-2411057,6.21,206.18749999999997,-25.500833333333333
5167,,CD-25 9972,5.81,206.4,-26.116111111111113
5168,1    Cen,CD-32 9603,4.23,206.42083333333332,-33.04388888888889
5169,,BD+52 1733,6.02,205.97500000000002,52.06444444444444
5170,85    Vir,BD-15 3735,6.19,206.39583333333334,-15.7675
5172,,CD-50 8017,4.65,206.66250000000002,-51.43277777777777
5173,86    Vir,BD-11 3591,5.51,206.48333333333335,-12.426666666666666
5174,,CD-35 8995,5.15,206.73333333333335,-36.25194444444445
5175,,CD-49 8194,5.91,206.8625,-50.24944444444444
5176,,CD-49 8198,5.45,206.90833333333333,-50.321111111111115
5178,,BD-08 3639,6.05,206.80416666666667,-9.709166666666667
5179,,BD+41 2424,5.87,206.55416666666667,41.08861111111111
5180,,BD+39 2678,5.94,206.57916666666668,38.50388888888889
5181,87    Vir,BD-17 3932,5.43,206.85416666666666,-17.860000000000003
5182,3    Boo,BD+26 2494,5.95,206.67916666666667,25.702222222222222
5183,,BD+07 2690,6.33,206.7375,6.350555555555555
5184,,BD+78  466,5.91,205.6625,78.06444444444445
5185,4Tau Boo,BD+18 2782,4.5,206.8125,17.456666666666667
5186,,BD+39 2680,5.5,206.74583333333334,38.54277777777778
5187,84    UMa,BD+55 1634,5.7,206.64583333333334,54.43277777777777
5188,,CP-82  585,5.95,208.90833333333333,-82.66611111111112
5190,Nu  Cen,CD-41 8171,3.41,207.375,-41.687777777777775
5191,85Eta UMa,BD+50 2027,1.86,206.88333333333333,49.31333333333333
5192,2    Cen,CD-33 9358,4.19,207.35833333333332,-34.450833333333335
5193,Mu  Cen,CD-41 8172,3.04,207.40416666666667,-42.473888888888894
5194,,CP-68 2014,5.75,207.94583333333333,-69.40138888888889
5195,,BD+31 2547,5.62,207.15833333333333,31.190277777777776
5196,89    Vir,BD-17 3937,4.97,207.46666666666667,-18.134166666666665
5197,,CD-2810277,6.18,207.525,-29.08138888888889
5198,,CD-39 8501,6.44,207.57916666666668,-39.901111111111106
5200,5Ups Boo,BD+16 2564,4.07,207.36666666666665,15.797777777777778
5201,6    Boo,BD+21 2578,4.91,207.425,21.264166666666668
5203,,BD+83  397,5.98,205.59583333333333,82.7525
5205,,BD+06 2800,6.01,207.6,5.497222222222223
5206,,CD-46 8909,5.77,207.94583333333333,-46.899166666666666
5207,,CP-52 6787,5.25,208.01666666666668,-52.81166666666666
5208,,CD-35 9054,6.35,207.89999999999998,-36.43333333333333
5209,,CD-2311329,6.45,207.83333333333334,-24.390833333333333
5210,3    Cen,CD-32 9676,4.56,207.95416666666665,-32.99444444444445
5211,3    Cen,CD-32 9676,6.06,207.95833333333334,-32.99472222222222
5212,,CD-3110706,6.12,208.0,-31.619444444444444
5213,,BD+62 1318,5.96,207.4375,61.48916666666667
5215,,BD+35 2493,5.87,207.7875,34.66444444444444
5216,,BD+59 1533,6.46,207.6125,58.53944444444444
5217,,CP-52 6805,5.89,208.42916666666665,-53.37361111111111
5218,,CP-67 2426,5.71,208.70000000000002,-67.6525
5219,,BD+35 2496,4.74,207.94583333333333,34.44416666666666
5220,,BD+12 2635,6.04,208.07500000000002,12.165277777777778
5221,4    Cen,CD-3110729,4.73,208.3,-31.92777777777778
5222,,CD-35 9090,5.54,208.38333333333333,-35.66416666666667
5223,,CD-46 8931,6.1,208.48333333333335,-47.128055555555555
5224,,CD-34 9223,6.19,208.46666666666667,-35.31444444444444
5225,7    Boo,BD+18 2795,5.7,208.3,17.93277777777778
5226,10    Dra,BD+65  963,4.65,207.85416666666666,64.72333333333333
5227,,BD+69  724,6.4,207.74583333333334,68.31527777777778
5228,,CD-27 9478,6.04,208.5666666666667,-28.56972222222222
5229,,BD+29 2464,5.9,208.29166666666666,28.648055555555555
5230,,CD-51 7832,5.71,208.8,-52.16111111111111
5231,Zet Cen,CD-46 8949,2.55,208.88333333333333,-47.288333333333334
5232,90    Vir,BD-00 2758,5.15,208.675,-1.5030555555555556
5233,,BD-07 3728,6.19,208.74166666666667,-8.05888888888889
5234,,CP-53 5805,6.14,209.07916666666668,-54.13194444444444
5235,8Eta Boo,BD+19 2725,2.68,208.67083333333332,18.397777777777776
5236,,CP-54 5806,6.0,209.13750000000002,-54.70444444444445
5238,86    UMa,BD+54 1630,5.7,208.46249999999998,53.728611111111114
5239,,CD-45 8815,5.83,209.07916666666668,-46.5925
5240,,CP-77  922,6.09,210.13333333333333,-78.58999999999999
5241,,CP-63 3070,4.71,209.40833333333333,-63.68666666666666
5242,,CP-65 2553,6.2,209.62916666666666,-65.80055555555555
5243,,BD+14 2680,6.16,208.95833333333334,14.05638888888889
5244,92    Vir,BD+01 2865,5.91,209.1125,1.0505555555555557
5245,,BD+32 2411,6.32,209.04166666666669,32.0325
5246,,BD-22 3687,6.14,209.36249999999998,-23.022777777777776
5247,9    Boo,BD+28 2278,5.01,209.14166666666665,27.491944444444446
5248,Phi Cen,CD-41 8329,3.83,209.5666666666667,-42.100833333333334
5249,Ups1Cen,CD-44 9010,3.87,209.66666666666666,-44.80361111111111
5250,47    Hya,CD-2411202,5.15,209.62916666666666,-24.97222222222222
5251,,CD-49 8356,5.91,209.82083333333333,-50.37
5252,,CP-60 5135,6.49,210.07083333333333,-61.481388888888894
5253,,CP-65 2573,5.97,210.21666666666667,-66.26861111111111
5254,,BD+15 2651,6.0,209.66250000000002,14.649444444444445
5255,10    Boo,BD+22 2650,5.76,209.65833333333333,21.69611111111111
5257,48    Hya,CD-2411215,5.77,210.0,-25.010277777777777
5258,,BD-02 3768,6.4,209.95416666666665,-3.549722222222222
5259,,CD-39 8628,6.13,210.32916666666668,-40.22222222222222
5260,Ups2Cen,CD-44 9040,4.34,210.42916666666667,-45.603611111111114
5261,The Aps,CP-76  799,5.5,211.32916666666668,-76.79666666666667
5262,,BD+09 2835,5.99,210.33333333333337,8.89472222222222
5263,11    Boo,BD+28 2287,6.23,210.29166666666669,27.386666666666667
5264,93Tau Vir,BD+02 2761,4.26,210.40833333333333,1.5444444444444443
5265,,CD-2610060,5.48,210.59166666666664,-27.43
5266,,CP-55 5846,5.92,210.85833333333335,-56.21361111111111
5267,Bet Cen,CP-59 5365,0.61,210.95416666666668,-60.37305555555555
5268,,CD-3110859,6.18,210.75416666666666,-31.683888888888887
5269,,CD-40 8373,6.11,210.8625,-41.42333333333333
5270,,BD+10 2617,6.2,210.62916666666666,9.686388888888889
5271,,BD+46 1922,6.27,210.55,45.75361111111111
5272,,BD-21 3824,6.3,210.97083333333333,-22.421666666666667
5273,,BD+11 2625,6.3,210.88333333333333,10.786666666666667
5274,,BD+08 2810,6.26,210.9,7.546388888888889
5275,,BD+05 2836,6.24,210.97916666666669,4.900833333333334
5276,,BD-04 3614,6.39,211.05833333333334,-5.381388888888888
5277,,BD-14 3863,6.28,211.1125,-14.971666666666668
5278,,CP-54 5887,6.17,211.4416666666667,-54.669444444444444
5279,,CP-74 1142,6.02,212.1125,-74.85027777777778
5280,,BD+51 1889,6.15,210.74583333333334,50.971944444444446
5281,,CP-59 5395,6.42,211.60416666666666,-59.71555555555556
5282,,BD+69  733,6.34,210.45833333333334,68.67861111111111
5283,,BD+02 2768,6.28,211.15416666666667,2.2975
5285,Chi Cen,CD-40 8405,4.36,211.50833333333333,-41.17972222222222
5286,,CD-42 9027,6.2,211.54166666666666,-43.091944444444444
5287,49Pi  Hya,CD-2610095,3.27,211.59166666666664,-26.6825
5288,5The Cen,CD-35 9260,2.06,211.67083333333332,-36.37
5289,,CP-62 3941,6.4,212.05833333333334,-63.20805555555556
5290,95    Vir,BD-08 3697,5.46,211.67499999999998,-9.313333333333334
5291,11Alp Dra,BD+65  978,3.65,211.09583333333333,64.37583333333333
5292,,CP-58 5383,6.34,212.23333333333335,-59.276666666666664
5293,,CP-69 2012,6.05,212.62499999999997,-70.30555555555556
5294,,CD-42 9065,6.17,212.21249999999998,-43.471111111111114
5295,,CP-69 2014,6.06,212.75416666666666,-69.71972222222223
5296,,CD-50 8294,6.0,212.39583333333334,-51.50472222222222
5297,,CP-52 7028,4.75,212.47500000000002,-53.439166666666665
5298,96    Vir,BD-09 3865,6.47,212.25,-10.334444444444445
5299,,BD+44 2325,5.27,211.97916666666666,43.85444444444445
5300,13    Boo,BD+50 2047,5.25,212.07083333333333,49.45805555555556
5301,,BD-15 3817,4.91,212.70833333333334,-16.301944444444445
5302,,BD+60 1516,6.46,212.19166666666666,59.33777777777778
5303,Eta Aps,CP-80  706,4.91,214.55416666666667,-81.00777777777778
5304,12    Boo,BD+25 2737,4.83,212.59583333333333,25.091666666666665
5305,3    UMi,BD+75  529,6.45,211.73333333333335,74.5936111111111
5306,,CP-77  940,6.47,214.22500000000002,-77.66388888888889
5307,,BD+02 2783,6.43,212.87916666666666,1.3622222222222222
5308,,CP-53 5912,5.56,213.3166666666667,-53.66583333333333
5309,,CD-2311551,6.34,213.09999999999997,-24.36416666666667
5310,,BD+32 2443,6.11,212.8125,32.29555555555555
5311,,CP-54 5933,6.11,213.41250000000002,-54.62583333333333
5312,50    Hya,CD-2610158,5.08,213.19166666666666,-27.261111111111113
5313,,BD+03 2867,5.01,213.0625,2.4094444444444445
5314,,CD-2610163,6.24,213.30416666666667,-26.612222222222222
5315,98Kap Vir,BD-09 3878,4.19,213.2208333333333,-10.273611111111112
5316,,CP-56 6206,5.07,213.73749999999998,-57.08583333333333
5317,,BD-00 2796,5.91,213.41666666666666,-0.8455555555555556
5318,,CD-41 8589,5.61,213.67499999999998,-41.837500000000006
5319,,CP-52 7087,6.39,213.8375,-53.50972222222222
5320,,CP-66 2490,5.75,214.15833333333333,-66.58777777777777
5321,4    UMi,BD+78  478,4.82,212.20833333333334,77.5475
5322,,BD-05 3837,6.36,213.58749999999998,-5.947500000000001
5323,14    Boo,BD+13 2764,5.54,213.52083333333331,12.959444444444443
5324,,CD-2810528,6.08,213.75416666666666,-29.281944444444445
5325,,CD-44 9181,6.31,213.90833333333333,-45.00083333333333
5326,,CP-59 5476,6.39,214.14166666666668,-59.913888888888884
5327,,CP-82  601,6.42,216.09583333333333,-82.84861111111111
5329,17Kap2Boo,BD+52 1782,4.54,213.37083333333334,51.790277777777774
5330,15    Boo,BD+10 2654,5.29,213.70833333333331,10.100555555555555
5331,,BD+04 2841,6.45,213.7208333333333,3.3361111111111112
5332,,BD-17 4046,5.43,213.85,-18.200833333333332
5333,,BD+22 2678,6.39,213.67083333333332,21.873333333333335
5334,,BD+70  778,5.24,213.01666666666665,69.4325
5335,,BD+42 2472,6.24,213.59583333333333,41.51888888888889
5336,Eps Aps,CP-79  755,5.06,215.59166666666667,-80.10888888888888
5338,99Iot Vir,BD-05 3843,4.08,214.0,-6.000555555555556
5339,Del Oct,CP-83  557,4.32,216.72500000000002,-83.66777777777779
5340,16Alp Boo,BD+19 2777,-0.04,213.91250000000002,19.1825
5341,,BD-05 3845,6.44,214.0875,-6.621944444444445
5342,,BD-02 3812,6.15,214.125,-3.1963888888888885
5343,,BD+19 2779,5.98,214.01666666666668,18.911944444444444
5344,,BD-17 4053,6.22,214.2625,-18.585277777777776
5346,,BD+20 2954,6.25,214.13333333333333,20.12138888888889
5347,,BD+40 2760,6.38,214.1,39.74472222222222
5349,,CP-60 5294,5.23,214.96249999999998,-61.27305555555555
5350,21Iot Boo,BD+52 1784,4.75,214.0375,51.367222222222225
5351,19Lam Boo,BD+46 1949,4.18,214.09583333333336,46.08833333333334
5352,,BD+15 2690,5.8,214.36666666666665,15.263333333333334
5353,,BD-06 3964,6.47,214.5,-7.5424999999999995
5354,Iot Lup,CD-45 9084,3.55,214.85,-46.05777777777777
5355,,BD-18 3789,5.9,214.65833333333333,-18.71611111111111
5356,,CD-2510271,5.87,214.75,-25.815555555555555
5357,,CD-36 9268,5.94,214.84583333333333,-37.00361111111111
5358,,CP-55 5984,4.33,215.07916666666668,-56.38666666666666
5359,100Lam Vir,BD-12 4018,4.52,214.775,-13.371111111111112
5360,,BD+51 1908,6.2,214.3375,51.30722222222222
5361,,BD+36 2468,4.81,214.49583333333334,35.50944444444445
5362,,CD-42 9235,5.56,215.0375,-43.05888888888889
5363,,BD+48 2188,6.32,214.45416666666665,48.001666666666665
5364,,CD-44 9236,4.77,215.175,-45.18722222222222
5365,18    Boo,BD+13 2782,5.41,214.81666666666666,13.004166666666666
5366,102Ups Vir,BD-01 2938,5.14,214.88333333333333,-2.2655555555555558
5367,Psi Cen,CD-37 9336,4.05,215.13750000000002,-37.88527777777778
5368,,BD+01 2913,6.19,214.91666666666666,0.3841666666666667
5370,20    Boo,BD+16 2637,4.86,214.9375,16.306944444444444
5371,,CP-57 6619,4.92,215.6541666666667,-58.45944444444445
5373,,BD+39 2750,6.33,214.94583333333333,38.79388888888889
5374,,BD+31 2605,6.44,215.03333333333336,30.429166666666667
5375,,CD-47 9082,6.09,215.65833333333333,-48.32027777777778
5376,,CD-34 9570,5.56,215.57916666666668,-34.786944444444444
5377,,CD-50 8501,6.02,215.83333333333334,-50.77222222222222
5378,,CD-38 9329,4.42,215.75833333333333,-39.51222222222222
5379,,CP-67 2574,5.61,216.275,-68.19527777777778
5380,,CP-52 7195,6.0,215.95,-53.17666666666666
5381,51    Hya,CD-27 9803,4.77,215.77083333333331,-27.753888888888888
5382,,CP-65 2718,6.36,216.4125,-66.17333333333333
5383,2    Lib,BD-11 3729,6.21,215.85416666666666,-11.714166666666666
5384,,BD+01 2920,6.27,215.8125,1.2416666666666667
5386,,BD+09 2882,5.12,215.84166666666664,8.446666666666667
5387,,BD+25 2770,6.22,215.775,25.338055555555556
5388,,BD+08 2857,5.95,216.0,8.243611111111111
5389,,CP-76  826,6.07,217.39999999999998,-76.72916666666667
5390,,CD-2411469,5.32,216.20000000000002,-24.80638888888889
5391,,CP-65 2732,5.85,216.77916666666664,-65.82166666666666
5392,,BD+06 2875,5.1,216.04583333333332,5.819999999999999
5393,,BD-11 3736,6.49,216.16666666666669,-11.669722222222221
5394,,BD+08 2858,6.19,216.07500000000002,8.085
5395,Tau1Lup,CD-44 9322,4.56,216.53333333333333,-45.22138888888889
5396,Tau2Lup,CD-44 9323,4.35,216.54166666666669,-45.379444444444445
5398,,CD-41 8757,6.32,216.55416666666667,-42.31916666666667
5399,,CD-2610280,6.48,216.44583333333333,-26.852500000000003
5400,,CD-39 8918,6.35,216.70416666666665,-39.87388888888889
5401,,CD-45 9188,5.83,216.8,-46.13444444444444
5402,,BD+39 2764,6.27,216.37083333333334,38.393055555555556
5403,,CP-58 5549,6.45,217.17916666666665,-59.19777777777777
5404,23The Boo,BD+52 1804,4.05,216.29583333333332,51.850833333333334
5405,22    Boo,BD+19 2810,5.39,216.6125,19.22694444444444
5406,104    Vir,BD-05 3880,6.17,216.84999999999997,-6.120277777777777
5407,52    Hya,CD-2810712,4.97,217.04166666666669,-29.491666666666667
5408,,CP-67 2595,5.83,217.8166666666667,-67.71722222222222
5409,105Phi Vir,BD-01 2957,4.81,217.05,-2.2280555555555557
5410,106    Vir,BD-06 4009,5.42,217.17083333333332,-6.900555555555556
5412,,CD-44 9383,5.5,217.53333333333333,-45.32166666666667
5413,,CD-48 9098,5.37,217.58333333333334,-49.51916666666666
5417,,CD-40 8729,6.39,217.73333333333335,-40.845
5418,,BD+01 2941,5.94,217.45833333333331,0.8288888888888889
5419,,CD-38 9430,5.97,217.79166666666669,-38.86972222222222
5420,24    Boo,BD+50 2084,5.59,217.15416666666667,49.844722222222224
5422,,BD+32 2482,6.06,217.45416666666665,31.791111111111114
5423,,BD+42 2508,6.35,217.39999999999998,41.795833333333334
5424,,BD+05 2886,6.02,217.6875,4.772222222222222
5425,Sig Lup,CD-49 8831,4.42,218.15,-50.456944444444446
5426,,CP-54 6053,5.87,218.38333333333333,-54.998333333333335
5427,,CP-52 7301,5.87,218.37083333333334,-52.68
5428,,CD-3011519,6.09,218.2875,-30.714166666666667
5429,25Rho Boo,BD+31 2628,3.58,217.95416666666668,30.37138888888889
5430,5    UMi,BD+76  527,4.25,216.87916666666666,75.69611111111111
5432,,CP-59 5642,6.4,218.82083333333333,-60.01583333333333
5433,,BD+27 2388,6.01,218.08333333333334,26.677222222222223
5434,26    Boo,BD+22 2715,5.92,218.13333333333333,22.26
5435,27Gam Boo,BD+38 2565,3.03,218.01666666666668,38.30833333333333
5436,,BD+63 1136,6.09,217.69166666666666,63.18555555555555
5437,,BD+60 1547,6.27,217.925,60.22555555555556
5439,,CD-40 8794,5.87,218.8791666666667,-41.51722222222222
5440,Eta Cen,CD-41 8917,2.31,218.875,-42.157777777777774
5442,,BD+56 1746,5.76,218.125,55.397777777777776
5443,,CP-67 2616,6.04,219.44166666666666,-67.93222222222222
5444,,CD-45 9293,5.55,219.07916666666665,-46.24527777777778
5445,,BD+33 2474,6.33,218.54583333333332,32.53444444444444
5446,,CD-39 9047,6.13,219.1,-39.59722222222222
5447,28Sig Boo,BD+30 2536,4.46,218.66666666666666,29.745
5448,,BD+37 2551,6.03,218.65833333333333,36.62583333333333
5449,,CD-39 9050,5.74,219.18333333333334,-40.211666666666666
5450,,CD-45 9302,5.41,219.33333333333334,-46.13388888888889
5451,,BD+57 1519,6.48,218.5625,57.06527777777777
5452,,BD+50 2095,5.74,218.66250000000002,49.36833333333333
5453,Rho Lup,CD-48 9198,4.05,219.47083333333333,-49.42583333333333
5454,,BD+23 2710,6.38,219.025,23.25027777777778
5455,,BD-11 3770,6.2,219.24583333333334,-12.305277777777778
5456,,CD-38 9529,6.02,219.57916666666665,-38.79416666666666
5457,,CD-46 9469,6.07,219.79583333333332,-46.58416666666667
5458,,CD-48 9218,6.39,219.85,-49.05555555555555
5459,Alp1Cen,CP-60 5483,-0.01,219.89583333333334,-60.83527777777778
5460,Alp2Cen,CP-60 5483,1.33,219.9,-60.83555555555556
5461,,CP-55 6107,6.3,220.13333333333333,-56.44083333333333
5462,,BD+18 2906,5.91,219.55833333333334,18.298333333333336
5463,Alp Cir,CP-64 2977,3.19,220.62499999999997,-64.97527777777778
5464,,BD+44 2376,5.7,219.55,43.64194444444444
5465,,CP-58 5672,6.22,220.47916666666666,-58.61611111111111
5466,,CD-35 9702,5.67,220.25416666666666,-36.135
5467,,BD+54 1693,5.85,219.5625,54.02333333333333
5468,33    Boo,BD+45 2204,5.39,219.70833333333334,44.404444444444444
5469,Alp Lup,CD-46 9501,2.3,220.47916666666666,-47.388333333333335
5470,Alp Aps,CP-78  893,3.83,221.96249999999998,-79.04472222222222
5471,,CD-37 9618,4.0,220.4875,-37.79361111111111
5472,,BD+22 2731,6.1,220.08749999999998,21.975555555555555
5473,,BD+14 2769,5.91,220.17499999999998,13.534166666666666
5474,,CD-3011624,6.37,220.4625,-30.933333333333334
5475,29Pi 1Boo,BD+17 2768,4.94,220.17916666666665,16.418333333333333
5476,29Pi 2Boo,BD+17 2768,5.88,220.17916666666665,16.41777777777778
5479,,BD+80  448,6.26,218.40833333333333,79.66027777777778
5480,31    Boo,BD+08 2903,4.86,220.40833333333333,8.161666666666667
5481,32    Boo,BD+12 2729,5.56,220.42916666666665,11.660555555555556
5482,,CP-62 4275,5.36,221.32083333333333,-62.87583333333333
5484,4    Lib,CD-2411637,5.73,220.80416666666667,-24.997500000000002
5485,,CD-34 9868,4.05,220.91250000000002,-35.17361111111111
5486,,CP-57 6772,6.11,221.22916666666666,-58.47777777777778
5487,107Mu  Vir,BD-05 3936,3.88,220.7625,-5.658333333333334
5488,,CP-55 6150,6.1,221.29166666666669,-55.60194444444445
5489,,CD-34 9888,4.92,221.2458333333333,-35.19194444444444
5490,34    Boo,BD+27 2413,4.81,220.85416666666669,26.52777777777778
5491,,CP-87  235,6.48,232.07916666666668,-88.13305555555554
5492,,BD+61 1451,6.25,220.5125,61.261944444444445
5493,,BD+41 2523,5.73,220.93333333333334,40.45916666666667
5494,,CD-46 9562,5.74,221.62083333333334,-47.441111111111105
5495,,CD-51 8457,5.21,221.75416666666666,-52.38361111111111
5496,,BD-00 2867,6.07,221.29583333333332,-1.4177777777777778
5497,54    Hya,CD-2411661,4.94,221.5,-25.443055555555556
5498,,CD-51 8461,6.07,221.8,-52.205555555555556
5499,,BD-22 3844,5.81,221.525,-23.153055555555554
5500,,CP-66 2645,5.91,222.18333333333334,-66.59388888888888
5501,108    Vir,BD+01 2972,5.69,221.375,0.7172222222222222
5502,35Omi Boo,BD+17 2780,4.6,221.30833333333334,16.964444444444442
5503,5    Lib,BD-14 4023,6.33,221.4875,-15.459722222222222
5504,,BD-20 4087,6.4,221.54166666666669,-21.176111111111112
5507,,BD+19 2854,6.13,221.33333333333334,18.884722222222223
5508,,CD-37 9686,5.94,221.77083333333331,-38.29083333333333
5509,,CD-43 9326,6.3,221.88333333333333,-43.5575
5510,,BD+33 2489,6.28,221.30416666666667,32.788333333333334
5511,109    Vir,BD+02 2862,3.72,221.55833333333337,1.8927777777777777
5512,,BD+15 2758,5.63,221.525,15.131944444444445
5513,,BD-20 4093,6.06,221.80416666666667,-21.32472222222222
5514,55    Hya,CD-2510534,5.63,221.84166666666664,-25.624444444444446
5515,,CP-56 6441,6.23,222.275,-56.66777777777777
5516,56    Hya,CD-2510537,5.24,221.93333333333334,-26.0875
5517,57    Hya,CD-2610519,5.77,221.98749999999998,-26.64638888888889
5518,,BD-12 4134,6.35,221.975,-12.839722222222223
5519,,CD-36 9645,6.04,222.15833333333333,-36.63472222222222
5520,,CP-72 1604,5.6,223.30416666666665,-73.19
5521,,CD-2311916,5.68,222.32500000000002,-24.251666666666665
5522,,BD-00 2886,6.14,222.22500000000002,-0.8477777777777779
5523,7Mu  Lib,BD-13 3986,5.31,222.32916666666665,-14.148888888888889
5524,,BD+24 2779,6.14,222.09583333333336,24.366666666666667
5525,Pi 1Oct,CP-82  629,5.65,225.45833333333334,-83.22777777777777
5526,58    Hya,CD-2710073,4.41,222.57083333333333,-27.960277777777776
5527,,CP-63 3436,5.87,223.14583333333334,-63.809999999999995
5528,Omi Lup,CD-43 9391,4.32,222.90833333333333,-43.57555555555556
5529,,BD+38 2593,6.16,222.275,37.81111111111111
5530,8Alp1Lib,BD-15 3965,5.15,222.67083333333332,-15.997222222222222
5531,9Alp2Lib,BD-15 3966,2.75,222.7166666666667,-16.041666666666668
5532,,BD+29 2581,5.8,222.49166666666667,28.615833333333335
5533,38    Boo,BD+46 1993,5.74,222.32500000000002,46.11611111111111
5534,,BD+24 2786,5.85,222.5625,23.911944444444444
5535,11    Lib,BD-01 2991,4.94,222.75416666666666,-2.2991666666666664
5536,,BD+00 3253,6.18,222.75,-0.25722222222222224
5538,39    Boo,BD+49 2326,5.69,222.42083333333332,48.720555555555556
5539,Zet Cir,CP-65 2918,6.09,223.675,-65.99138888888889
5540,,CP-76  924,5.34,224.46666666666667,-76.66277777777778
5541,,BD+37 2580,5.48,222.62083333333334,37.27194444444444
5542,,CD-3011780,6.29,223.13750000000002,-30.576944444444443
5543,,CD-37 9760,5.03,223.2125,-37.80333333333333
5544,37Xi  Boo,BD+19 2870,4.55,222.84583333333333,19.101111111111113
5545,Pi 2Oct,CP-82  636,5.65,226.19166666666666,-83.03833333333333
5546,,CP-59 5753,5.2,223.89166666666665,-60.11416666666667
5547,,CP-76  931,5.93,225.04583333333332,-77.16027777777778
5548,12    Lib,CD-2411735,5.3,223.58333333333334,-24.642222222222223
5549,,CD-3210457,5.82,223.65833333333333,-33.300555555555555
5550,,BD+16 2705,6.4,223.34583333333333,15.704444444444444
5551,The Cir,CP-62 4337,5.11,224.18333333333334,-62.780833333333334
5552,,BD+59 1615,5.46,222.85833333333332,59.29388888888889
5553,,BD+19 2881,6.01,223.34583333333333,19.152777777777775
5554,13Xi 1Lib,BD-11 3827,5.8,223.59166666666667,-11.898333333333333
5555,,CP-74 1281,6.2,224.98333333333332,-75.0325
5556,,CP-52 7634,5.38,224.07083333333333,-52.80972222222222
5557,Ome Oct,CP-84  490,5.91,227.78333333333333,-84.7875
5558,,CD-3310169,5.32,223.93333333333334,-33.85583333333334
5559,,CD-47 9543,5.64,224.13333333333333,-47.87916666666667
5561,,CD-38 9785,6.36,224.14583333333334,-39.41611111111111
5562,,CD-3210480,6.06,224.125,-32.63666666666666
5563,7Bet UMi,BD+74  595,2.08,222.675,74.15555555555557
5564,15Xi 2Lib,BD-10 3989,5.46,224.19166666666666,-11.409722222222223
5565,,CD-2811055,6.29,224.30416666666665,-29.157777777777778
5566,,CD-48 9494,6.35,224.53333333333333,-48.863055555555555
5567,,BD+15 2796,5.77,224.05416666666667,14.446388888888889
5568,,BD-20 4125,5.74,224.36666666666665,-21.415555555555553
5569,,BD+32 2531,6.12,223.99166666666667,32.30027777777777
5570,16    Lib,BD-03 3696,4.49,224.29583333333332,-4.346388888888889
5571,Bet Lup,CD-42 9853,2.68,224.62916666666666,-43.13388888888889
5572,,CD-39 9402,6.15,224.65,-39.906666666666666
5573,,BD+00 3277,5.53,224.3875,-0.16749999999999998
5574,,BD+22 2764,6.49,224.2625,21.55527777777778
5575,,BD+16 2715,5.71,224.29583333333332,16.388333333333332
5576,Kap Cen,CD-41 9342,3.13,224.78749999999997,-42.10416666666667
5577,59    Hya,CD-2710148,5.65,224.66250000000002,-27.65722222222222
5579,,CD-37 9836,6.47,224.80416666666665,-37.88138888888889
5580,,CD-42 9871,6.1,224.86249999999998,-43.16
5581,,BD+50 2126,5.63,224.09583333333333,49.62861111111111
5582,18    Lib,BD-10 3999,5.87,224.72083333333333,-11.144166666666667
5583,,BD-04 3783,6.09,224.71666666666667,-4.989166666666667
5584,,BD+05 2954,5.93,224.84583333333333,4.567777777777778
5585,,CD-37 9863,5.89,225.30416666666667,-38.05833333333333
5586,19Del Lib,BD-07 3938,4.92,225.24166666666667,-8.51888888888889
5587,,CD-3310244,6.22,225.4916666666667,-34.35888888888889
5588,40    Boo,BD+39 2820,5.64,224.89999999999998,39.265277777777776
5589,,BD+66  878,4.6,224.39583333333334,65.9325
5590,,BD-02 3928,5.52,225.32916666666668,-2.755
5591,60    Hya,CD-2710183,5.85,225.525,-28.060555555555556
5593,Eta Cir,CP-63 3493,5.17,226.2,-64.03166666666667
5594,,BD+00 3297,5.71,225.45000000000002,-0.14055555555555554
5595,,CD-3210560,5.44,225.74583333333334,-32.64333333333333
5596,,BD+83  431,5.64,222.58333333333334,82.51194444444444
5597,,BD+47 2192,6.37,225.15833333333333,47.27777777777778
5600,41Ome Boo,BD+25 2861,4.81,225.525,25.008055555555554
5601,110    Vir,BD+02 2905,4.4,225.725,2.091388888888889
5602,42Bet Boo,BD+40 2840,3.5,225.48333333333335,40.39055555555556
5603,20Sig Lib,CD-2411834,3.29,226.01666666666665,-25.281944444444445
5604,,CD-40 9243,6.41,226.175,-40.86138888888889
5607,,CD-40 9257,5.15,226.32916666666668,-41.06722222222223
5608,,BD+60 1582,5.93,225.3625,60.20444444444445
5609,,BD+35 2642,5.51,225.775,35.20583333333334
5611,,CP-64 3095,6.17,226.98333333333335,-65.27555555555556
5615,,CD-3510035,6.27,226.55416666666665,-36.26416666666667
5616,43Psi Boo,BD+27 2447,4.54,226.10833333333332,26.9475
5617,,CD-48 9630,5.77,226.85416666666669,-49.08833333333334
5618,44    Boo,BD+48 2259,4.76,225.94583333333333,47.654444444444444
5619,,CD-3011960,5.96,226.6375,-30.91888888888889
5620,,BD-21 4030,6.17,226.6125,-22.031944444444445
5621,,CP-66 2725,5.76,227.37083333333334,-67.08416666666666
5622,21Nu  Lib,BD-15 4026,5.2,226.65416666666667,-16.256944444444443
5623,,CP-63 3518,6.28,227.35416666666669,-63.64277777777778
5624,,CD-40 9305,5.79,227.05,-40.58388888888889
5625,,CD-4210050,5.85,227.1625,-42.867777777777775
5626,Lam Lup,CD-44 9889,4.05,227.20833333333334,-45.27972222222222
5627,47    Boo,BD+48 2262,5.57,226.35416666666669,48.151111111111106
5628,,CP-72 1714,6.01,228.1375,-72.77027777777778
5630,,BD+37 2608,6.35,226.64583333333334,36.455555555555556
5631,,BD+06 3001,6.16,226.91666666666669,5.498055555555555
5632,,CP-60 5656,6.3,227.68333333333334,-61.4225
5633,,BD+19 2924,6.02,226.83333333333334,18.441666666666666
5634,45    Boo,BD+25 2873,4.93,226.82500000000002,24.86916666666667
5635,,BD+55 1730,5.25,226.56666666666666,54.55638888888888
5636,,CD-3810020,5.98,227.52916666666664,-38.7925
5637,,CP-54 6367,5.54,227.8166666666667,-55.346111111111114
5638,46    Boo,BD+26 2656,5.67,227.09583333333333,26.301111111111112
5639,,BD+13 2901,6.1,227.22083333333333,13.235
5640,,BD+25 2876,5.81,227.14583333333334,25.108611111111113
5641,,CD-2510758,5.76,227.575,-26.33277777777778
5642,,CD-44 9922,6.44,227.89166666666665,-45.277499999999996
5644,,CP-69 2267,5.81,228.57916666666665,-70.07944444444443
5645,,CP-61 4856,6.32,228.25416666666666,-61.74388888888889
5646,Kap1Lup,CD-48 9704,3.87,227.98333333333335,-48.73777777777778
5647,Kap2Lup,CD-48 9705,5.69,227.9875,-48.743611111111115
5648,,BD+50 2146,6.39,227.07916666666665,50.055
5649,Zet Lup,CD-51 8830,3.41,228.07083333333333,-52.09916666666667
5650,,CD-47 9779,6.33,228.12916666666666,-48.218611111111116
5651,,CD-44 9932,4.82,228.20416666666665,-44.50055555555556
5652,24Iot1Lib,BD-19 4047,4.54,228.05416666666665,-19.791666666666668
5653,,CD-3510119,6.1,228.27916666666667,-36.09138888888889
5654,,BD+19 2935,5.89,228.01666666666665,18.97583333333333
5655,,CD-2312133,6.47,228.32083333333333,-24.008333333333333
5656,25Iot2Lib,BD-19 4055,6.08,228.32916666666668,-19.6475
5657,23    Lib,CD-2411928,6.45,228.36666666666667,-25.309166666666666
5658,,CD-2510801,5.84,228.47083333333333,-26.19361111111111
5660,1    Lup,CD-3111813,4.91,228.65416666666667,-31.519166666666667
5661,,CP-60 5698,5.73,229.15,-60.903888888888886
5662,26    Lib,BD-17 4285,6.17,228.6375,-17.76861111111111
5663,,CD-47 9824,5.95,228.97083333333333,-48.07416666666667
5664,Del Cir,CP-60 5701,5.09,229.23333333333335,-60.9575
5665,,BD+23 2789,6.3,228.37916666666666,22.983333333333334
5666,Eps Cir,CP-63 3544,4.86,229.40833333333333,-63.61055555555556
5667,,CD-41 9682,5.16,229.01666666666668,-41.49111111111111
5668,,CD-43 9749,6.04,229.04166666666669,-43.484722222222224
5669,,BD-04 3840,6.28,228.70833333333331,-5.502777777777778
5670,Bet Cir,CP-58 5875,4.07,229.375,-58.801111111111105
5671,Gam TrA,CP-68 2383,2.89,229.72500000000002,-68.67944444444444
5673,,BD+38 2629,6.2,228.39583333333334,38.264722222222225
5674,,BD+32 2561,5.99,228.52499999999998,31.78805555555556
5675,3    Ser,BD+05 2985,5.33,228.79583333333332,4.939444444444445
5676,48Chi Boo,BD+29 2640,5.26,228.62083333333334,29.164166666666667
5677,,BD+42 2577,6.13,228.54166666666666,42.171388888888885
5678,,BD-21 4065,5.5,229.09583333333336,-22.399444444444445
5679,4    Ser,BD+00 3327,5.63,228.95416666666665,0.3722222222222222
5680,,CP-60 5720,5.46,229.70000000000002,-60.49638888888889
5681,49Del Boo,BD+33 2561,3.47,228.875,33.31472222222222
5682,,CD-40 9481,6.28,229.5375,-41.06083333333333
5683,Mu  Lup,CD-47 9860,4.27,229.63333333333333,-47.875
5684,,CP-67 2836,6.28,230.16666666666669,-67.48138888888889
5685,27Bet Lib,BD-08 3935,2.61,229.25,-9.383055555555556
5686,2    Lup,CD-2911630,4.34,229.45416666666665,-30.148888888888887
5687,,CD-40 9496,5.59,229.73333333333335,-40.788333333333334
5688,,CD-3012117,6.18,229.67083333333332,-31.209444444444443
5689,,CD-3610062,6.2,229.87916666666666,-37.09666666666667
5690,,BD+00 3337,5.89,229.60833333333335,-0.4613888888888889
5691,,BD+67  876,5.13,228.65833333333333,67.34666666666666
5692,,BD+21 2755,5.7,229.6,20.572777777777777
5694,5    Ser,BD+02 2944,5.06,229.82500000000002,1.7652777777777777
5695,Del Lup,CD-40 9538,3.22,230.34166666666664,-40.6475
5696,,CD-40 9539,6.2,230.39583333333334,-40.749722222222225
5697,,CD-3710171,6.48,230.375,-38.219166666666666
5698,Nu 1Lup,CD-47 9922,5.0,230.53333333333336,-47.92777777777778
5699,Nu 2Lup,CD-47 9919,5.65,230.45,-48.31777777777778
5700,,CP-60 5760,5.67,230.79166666666666,-60.65694444444444
5701,28    Lib,BD-17 4312,6.17,230.22083333333333,-18.15861111111111
5702,,BD+33 2574,6.32,229.875,32.515277777777776
5703,29Omi Lib,BD-15 4083,6.3,230.25416666666666,-15.548333333333334
5704,Gam Cir,CP-58 5908,4.51,230.84166666666664,-59.32083333333334
5705,Phi1Lup,CD-3510236,3.56,230.45,-36.26138888888889
5706,,BD-01 3047,6.35,230.19583333333333,-2.413333333333333
5707,,BD-05 4057,5.54,230.27916666666664,-5.824722222222222
5708,Eps Lup,CD-4410066,3.37,230.66666666666669,-44.68944444444444
5709,1Omi CrB,BD+30 2647,5.51,230.03333333333336,29.616111111111113
5710,6    Ser,BD+01 3067,5.35,230.25833333333333,0.7152777777777777
5711,,BD+25 2902,6.39,230.275,24.95777777777778
5712,Phi2Lup,CD-3610103,4.54,230.7875,-36.85861111111111
5713,,CP-67 2864,5.89,231.55833333333334,-68.30916666666667
5714,11    UMi,BD+72  678,5.02,229.27083333333331,71.82388888888889
5715,,BD+52 1869,5.66,230.02083333333334,51.95861111111111
5716,,BD+44 2453,6.19,230.17083333333332,44.43416666666666
5717,7    Ser,BD+13 2928,6.28,230.59583333333333,12.567499999999999
5718,50    Boo,BD+33 2581,5.37,230.45,32.93388888888889
5719,Ups Lup,CD-39 9827,5.37,231.18333333333334,-39.71027777777778
5720,,BD-11 3940,5.72,230.96666666666667,-12.369444444444445
5721,8    Ser,BD-00 2961,6.12,230.92916666666665,-1.0225
5723,31Eps Lib,BD-09 4138,4.94,231.04583333333332,-10.322222222222223
5724,,CD-3810289,4.6,231.33333333333334,-38.73361111111111
5725,,CP-64 3178,5.71,231.8875,-64.53138888888888
5726,,BD+40 2877,5.5,230.6541666666667,39.581388888888895
5729,Rho Oct,CP-84  510,5.57,235.8166666666667,-84.46527777777779
5730,Kap1Aps,CP-72 1802,5.49,232.875,-73.38944444444445
5731,,BD+62 1410,5.98,230.6541666666667,62.04722222222222
5732,,BD+45 2284,6.01,231.02083333333331,45.27111111111111
5733,51Mu 1Boo,BD+37 2636,4.31,231.12083333333334,37.37722222222222
5735,13Gam UMi,BD+72  679,3.05,230.17916666666667,71.83388888888888
5736,,CD-3610161,5.45,231.825,-36.76777777777777
5737,,BD+63 1192,5.79,230.65833333333333,63.34138888888889
5738,,CD-51 9132,6.1,232.1125,-51.597500000000004
5739,9Tau1Ser,BD+15 2858,5.17,231.44583333333333,15.428055555555554
5740,,BD+19 2966,6.27,231.47083333333333,19.480833333333333
5741,,BD+34 2645,5.46,231.57083333333333,34.33583333333333
5742,,CD-4610100,5.24,232.34999999999997,-46.73277777777778
5743,32Zet1Lib,BD-16 4089,5.64,232.0625,-16.71638888888889
5744,12Iot Dra,BD+59 1654,3.29,231.22916666666666,58.96611111111111
5745,,BD+25 2916,6.02,231.90833333333333,25.101666666666667
5746,10    Ser,BD+02 2965,5.17,232.15833333333333,1.8422222222222224
5747,3Bet CrB,BD+29 2670,3.68,231.95416666666665,29.105833333333333
5748,,BD+54 1747,6.45,231.63333333333333,54.019999999999996
5749,,BD-20 4246,6.22,232.65,-20.72833333333333
5750,34Zet3Lib,BD-16 4099,5.82,232.66666666666666,-16.609444444444446
5751,,CD-3810425,6.25,233.01666666666668,-38.62305555555555
5752,,BD+47 2227,6.15,232.18333333333334,47.20138888888889
5753,,CD-3210868,6.46,232.95833333333334,-32.88111111111111
5755,,BD+61 1509,5.9,231.96249999999998,60.67027777777778
5756,,BD-19 4128,6.22,232.92916666666667,-20.16472222222222
5757,,CP-77 1134,6.18,234.82500000000002,-77.91805555555555
5759,,BD+55 1756,6.43,232.23333333333335,55.19499999999999
5760,,BD+31 2742,6.46,232.59166666666664,31.28611111111111
5762,,BD-19 4135,5.52,233.15,-19.670555555555556
5763,52Nu 1Boo,BD+41 2609,5.02,232.72916666666666,40.83305555555556
5764,35Zet4Lib,BD-16 4110,5.5,233.22916666666666,-16.852777777777778
5767,,CD-39 9970,5.82,233.50416666666666,-40.066111111111105
5769,,BD+37 2653,6.38,232.84166666666667,36.61638888888889
5770,12Tau2Ser,BD+16 2797,6.22,233.0375,16.05611111111111
5771,Eps TrA,CP-65 3102,4.11,234.17916666666665,-66.31694444444445
5772,11    Ser,BD-00 2982,5.51,233.23749999999998,-1.186388888888889
5773,,CD-3810464,6.36,233.58333333333334,-39.349444444444444
5774,53Nu 2Boo,BD+41 2611,5.02,232.94583333333333,40.89944444444444
5775,36    Lib,CD-2710443,5.15,233.65416666666667,-28.046944444444446
5776,Gam Lup,CD-40 9760,2.78,233.78333333333336,-41.16694444444444
5777,37    Lib,BD-09 4171,4.62,233.54166666666666,-10.064444444444446
5778,4The CrB,BD+31 2750,4.14,233.22916666666666,31.359166666666667
5780,,BD-08 4010,5.17,233.60833333333332,-9.183333333333334
5781,,CD-4410239,4.54,233.97083333333333,-44.95861111111111
5782,Kap2Aps,CP-73 1625,5.65,235.08749999999998,-73.44666666666667
5784,,CD-4310036,5.43,234.05,-44.39694444444444
5785,,BD+64 1074,5.79,232.72916666666666,64.20861111111111
5786,,CP-75 1222,5.95,235.47500000000002,-76.08194444444445
5787,38Gam Lib,BD-14 4237,3.91,233.8791666666667,-14.789444444444444
5788,13Del Ser,BD+11 2821,3.8,233.7,10.5375
5789,13Del Ser,BD+11 2821,3.8,233.7,10.539166666666667
5790,,CD-3210930,6.24,234.04583333333332,-33.09277777777778
5792,,CP-69 2422,6.44,235.04583333333332,-70.22777777777777
5793,5Alp CrB,BD+27 2512,2.23,233.67083333333332,26.71472222222222
5794,39Ups Lib,CD-2710464,3.58,234.25416666666666,-28.134999999999998
5795,15Tau3Ser,BD+18 3044,6.12,233.88750000000002,17.655555555555555
5796,,BD+11 2826,6.07,233.97083333333333,11.265555555555556
5797,Ome Lup,CD-4210601,4.33,234.5125,-42.5675
5798,,CD-51 9324,5.44,234.70416666666665,-52.37277777777778
5800,6Mu  CrB,BD+39 2889,5.11,233.8125,39.01
5801,,CD-2511000,6.19,234.36666666666667,-26.279999999999998
5802,16    Ser,BD+10 2884,5.26,234.12083333333334,10.01
5803,,CP-59 6206,5.95,234.98333333333335,-59.90833333333333
5804,18Tau5Ser,BD+16 2807,5.93,234.12083333333334,16.11888888888889
5806,,BD-22 3989,5.78,234.45000000000002,-23.141666666666666
5807,,CD-3810536,6.04,234.67499999999998,-39.128055555555555
5809,,CD-2710478,6.32,234.5625,-28.206666666666667
5810,,BD-20 4285,5.84,234.56666666666666,-21.016111111111112
5811,,BD+54 1756,5.97,233.8166666666667,53.92194444444444
5812,40Tau Lib,CD-2911837,3.66,234.6625,-29.77777777777778
5814,41    Lib,BD-18 4118,5.38,234.725,-19.301944444444445
5816,,BD-08 4032,6.48,234.66666666666666,-8.79111111111111
5819,,BD-22 3996,6.34,234.8375,-23.150277777777777
5820,3Psi1Lup,CD-3310631,4.67,234.94166666666666,-34.411944444444444
5821,,CD-4710210,6.23,235.24166666666667,-47.73555555555556
5822,,CD-3012431,6.34,235.0625,-31.21361111111111
5823,54Phi Boo,BD+40 2907,5.24,234.45416666666665,40.35333333333333
5824,42    Lib,CD-2312458,4.96,235.06666666666666,-23.818055555555556
5825,,CD-4410310,4.64,235.29583333333332,-44.66111111111111
5826,15The UMi,BD+77  592,4.96,232.85,77.34944444444444
5827,,BD+35 2711,6.11,234.7,34.675
5828,,BD+54 1758,5.87,234.38333333333333,54.50888888888889
5830,,BD+47 2253,5.75,234.56666666666666,46.797777777777775
5831,,BD+12 2875,6.25,235.04166666666666,12.053055555555556
5832,,CD-49 9909,6.04,235.65416666666667,-49.489444444444445
5835,,BD+50 2206,5.84,234.64166666666665,50.42333333333333
5836,,CP-59 6257,6.48,235.97916666666666,-60.28722222222222
5837,,CD-3710441,5.24,235.65833333333333,-37.425
5838,43Kap Lib,BD-19 4188,4.74,235.48333333333335,-19.67888888888889
5839,4Psi2Lup,CD-3410494,4.75,235.67083333333332,-34.71055555555556
5840,19Tau6Ser,BD+16 2816,6.01,235.24583333333334,16.02472222222222
5841,,BD+58 1583,6.45,234.7875,57.92444444444444
5842,21Iot Ser,BD+20 3138,4.52,235.38750000000002,19.67027777777778
5843,20Chi Ser,BD+13 2982,5.33,235.44583333333333,12.8475
5844,,BD+69  806,5.62,234.41250000000002,69.28333333333333
5845,22Tau7Ser,BD+18 3059,5.81,235.47500000000002,18.46388888888889
5846,,CD-4110245,5.94,236.09166666666664,-41.81944444444445
5847,,BD-14 4266,6.31,235.85,-15.043333333333333
5848,44Eta Lib,BD-15 4171,5.41,236.01666666666665,-15.672777777777776
5849,8Gam CrB,BD+26 2722,3.84,235.68333333333334,26.295555555555556
5850,,BD+14 2922,6.48,235.79166666666669,13.667777777777777
5851,,CP-65 3139,6.18,236.97083333333333,-65.44250000000001
5852,,CP-65 3139,6.39,236.97083333333333,-65.44250000000001
5853,23Psi Ser,BD+02 2989,5.88,236.00416666666663,2.515
5854,24Alp Ser,BD+06 3088,2.65,236.06666666666666,6.4255555555555555
5855,9Pi  CrB,BD+32 2621,5.56,235.99583333333334,32.51583333333333
5857,,BD+52 1898,5.51,235.70833333333331,52.36083333333333
5858,26Tau8Ser,BD+17 2906,6.14,236.17499999999998,17.264166666666668
5859,,BD+05 3072,5.58,236.34583333333333,5.446944444444445
5860,,CD-3410524,5.61,236.68333333333334,-34.6825
5861,,BD+01 3125,6.33,236.41250000000002,0.8913888888888889
5862,,CD-3910157,6.42,236.85416666666666,-40.19416666666666
5863,25    Ser,BD-01 3092,5.4,236.52083333333334,-1.8044444444444445
5864,,CD-3710500,6.01,236.87083333333334,-37.91638888888889
5865,,CP-52 8912,6.07,237.20833333333334,-52.43805555555555
5866,,BD-05 4161,6.24,236.6875,-6.120277777777777
5867,28Bet Ser,BD+15 2911,3.67,236.54583333333335,15.421944444444444
5868,27Lam Ser,BD+07 3023,4.43,236.60833333333335,7.353055555555555
5869,,CP-52 8944,5.77,237.525,-53.20944444444445
5870,31Ups Ser,BD+14 2939,5.71,236.82083333333333,14.115277777777777
5871,,CD-4810349,5.84,237.48749999999998,-48.911944444444444
5872,,CD-4510251,6.12,237.5666666666667,-45.401666666666664
5873,,CP-54 6711,5.73,237.775,-55.05583333333333
5874,,BD+14 2940,6.0,237.05416666666667,13.788611111111111
5875,,BD-03 3829,5.53,237.23333333333335,-3.8186111111111107
5878,,BD+55 1777,5.92,236.64166666666668,55.474722222222226
5879,35Kap Ser,BD+18 3074,4.09,237.18333333333334,18.141666666666666
5880,,BD+28 2477,5.85,237.14166666666668,28.156666666666666
5881,32Mu  Ser,BD-02 4052,3.53,237.40416666666667,-3.4302777777777775
5882,,CD-4610430,6.01,237.87916666666666,-47.06055555555555
5883,5Chi Lup,CD-3310754,3.95,237.7375,-33.62722222222222
5884,,CP-62 4990,6.19,238.34166666666664,-62.606944444444444
5885,1    Sco,CD-2511131,4.64,237.74166666666667,-25.75138888888889
5886,,BD+63 1225,5.19,236.66666666666669,62.599444444444444
5887,,BD+55 1779,5.86,236.90833333333333,55.376666666666665
5888,34Ome Ser,BD+02 3007,5.23,237.57083333333333,2.1963888888888885
5889,10Del CrB,BD+26 2737,4.63,237.39583333333334,26.06833333333333
5891,Kap TrA,CP-68 2585,5.09,238.87083333333334,-68.60305555555556
5892,37Eps Ser,BD+04 3069,3.71,237.70416666666668,4.477777777777778
5893,,CD-2912030,6.4,238.05,-29.886666666666667
5894,,BD+15 2918,5.2,237.67083333333332,15.13361111111111
5895,36    Ser,BD-02 4058,5.11,237.8125,-3.0905555555555555
5896,,BD-13 4269,6.19,237.90833333333333,-14.13361111111111
5897,Bet TrA,CP-63 3723,2.85,238.78333333333333,-63.43055555555555
5898,,CP-60 6191,6.15,238.71666666666667,-60.74333333333333
5899,38Rho Ser,BD+21 2829,4.76,237.8125,20.977777777777778
5900,,CP-59 6428,5.77,238.88333333333333,-60.17777777777778
5901,11Kap CrB,BD+36 2652,4.82,237.80416666666665,35.6575
5902,45Lam Lib,BD-19 4249,5.03,238.33333333333334,-20.16722222222222
5903,16Zet UMi,BD+78  527,4.32,236.0125,77.79444444444444
5904,2    Sco,CD-2412352,4.59,238.39999999999998,-25.327222222222222
5905,,CP-60 6208,5.76,239.025,-60.48277777777778
5906,,CD-2412354,5.39,238.47083333333333,-24.533055555555556
5907,,CD-2312569,5.42,238.47916666666666,-23.978055555555553
5908,46The Lib,BD-16 4174,4.15,238.45416666666665,-16.729444444444443
5910,,CD-2611096,6.14,238.625,-27.33861111111111
5911,39    Ser,BD+13 3024,6.1,238.3,13.196666666666667
5912,3    Sco,CD-2412365,5.87,238.66250000000002,-25.24361111111111
5914,1Chi Her,BD+42 2648,4.62,238.16666666666669,42.45166666666667
5915,47    Lib,BD-18 4195,5.94,238.75,-19.383055555555558
5916,,CD-3012663,6.21,238.87499999999997,-31.08361111111111
5917,4    Sco,CD-2511190,5.62,238.87499999999997,-26.265833333333333
5918,,CD-3910237,6.03,239.025,-39.86416666666667
5919,40    Ser,BD+09 3116,6.29,238.66666666666669,8.580277777777777
5920,,CP-64 3320,5.75,239.74166666666667,-65.03777777777778
5921,,CD-4710456,6.31,239.2625,-48.16222222222222
5922,,BD+56 1838,5.81,238.0666666666667,55.82666666666667
5923,,CD-3112407,6.29,239.05416666666667,-31.785833333333336
5924,,BD+20 3166,5.44,238.64166666666668,20.310833333333335
5925,Xi 1Lup,CD-3310826,5.12,239.22083333333333,-33.96638888888889
5926,Xi 2Lup,CD-3310826,5.62,239.22500000000002,-33.96416666666667
5927,,BD-13 4290,6.37,239.05833333333334,-14.399444444444445
5928,5Rho Sco,CD-2811714,3.88,239.22083333333333,-29.214166666666667
5929,,CD-3510611,5.8,239.33749999999998,-36.184999999999995
5930,,BD-14 4314,6.13,239.13750000000002,-14.829166666666666
5931,,BD+19 3036,6.26,238.9125,18.620555555555555
5932,2    Her,BD+43 2542,5.37,238.6541666666667,43.13861111111111
5933,41Gam Ser,BD+16 2849,3.85,239.1125,15.661666666666667
5934,,BD-20 4364,5.85,239.41666666666666,-20.983055555555556
5935,,CD-3710620,6.31,239.625,-37.503055555555555
5936,12Lam CrB,BD+38 2712,5.45,238.94583333333333,37.94694444444444
5937,,CP-53 6911,6.1,239.975,-54.02111111111111
5938,4    Her,BD+42 2652,5.75,238.87499999999997,42.566111111111105
5939,,CP-63 3765,6.41,240.29166666666663,-63.776666666666664
5940,Phi Ser,BD+14 2969,5.54,239.30833333333334,14.414444444444445
5941,48    Lib,BD-13 4302,4.88,239.54583333333332,-14.279444444444445
5942,,CD-2412427,5.43,239.64166666666665,-24.83138888888889
5943,,CD-4110478,4.99,239.87499999999997,-41.74444444444445
5944,6Pi  Sco,CD-2511228,2.89,239.7125,-26.11416666666667
5945,,CD-4010113,6.49,239.99166666666667,-40.65277777777778
5946,,CP-54 6922,6.13,240.27499999999998,-54.57777777777778
5947,13Eps CrB,BD+27 2558,4.15,239.39583333333334,26.87777777777778
5948,Eta Lup,CD-3810797,3.41,240.02916666666667,-38.39694444444444
5949,,BD+59 1691,6.31,238.95416666666665,58.91166666666666
5950,,BD+40 2948,6.31,239.37083333333334,39.695277777777775
5951,,CP-62 5122,6.25,240.71666666666667,-62.541666666666664
5952,,CD-4010120,6.21,240.22083333333333,-40.43527777777778
5953,7Del Sco,BD-22 4068,2.32,240.08333333333334,-22.621666666666666
5954,49    Lib,BD-16 4196,5.47,240.07916666666665,-16.533333333333335
5955,,CP-72 1902,5.7,241.47916666666669,-72.40083333333334
5956,,CD-3112470,6.33,240.32916666666665,-31.889444444444443
5957,,BD+37 2695,5.62,239.7375,36.64388888888889
5959,50    Lib,BD-07 4162,5.55,240.19583333333335,-8.411388888888888
5960,,BD+55 1793,4.95,239.44583333333333,54.749722222222225
5961,Iot1Nor,CP-57 7500,4.63,240.8791666666667,-57.775277777777774
5962,Eta Nor,CD-4810512,4.65,240.8,-49.22972222222222
5963,,BD+04 3096,5.83,240.21250000000003,4.4275
5964,,BD+50 2239,6.05,239.76666666666665,49.88111111111111
5965,,CD-2811817,6.03,240.66250000000002,-29.135833333333334
5966,5    Her,BD+18 3101,5.12,240.3083333333333,17.81833333333333
5967,,CD-3810832,4.89,240.85000000000002,-38.6025
5968,15Rho CrB,BD+33 2663,5.41,240.2583333333333,33.30361111111111
5969,,CD-2511295,5.0,240.83333333333337,-25.86527777777778
5970,,CD-3112505,6.01,240.89166666666668,-32.00055555555556
5971,14Iot CrB,BD+30 2738,4.99,240.35833333333332,29.851111111111113
5972,44Pi  Ser,BD+23 2886,4.83,240.57083333333338,22.804444444444446
5973,,CD-2412499,6.21,240.97500000000002,-24.726388888888888
5974,,CD-3211386,6.1,241.07083333333335,-33.214444444444446
5975,,CD-3710680,5.9,241.15000000000003,-37.863055555555555
5976,43    Ser,BD+05 3131,6.08,240.9375,4.986666666666666
5979,,CP-55 7079,6.16,241.85000000000002,-56.19138888888889
5980,Del Nor,CD-4410625,4.72,241.62083333333334,-45.17333333333333
5981,,BD+53 1834,5.93,240.52083333333337,52.91583333333333
5982,6Ups Her,BD+46 2142,4.76,240.69583333333338,46.03666666666666
5983,,BD+37 2708,5.83,240.82916666666668,36.63166666666667
5984,8Bet1Sco,BD-19 4307,2.62,241.3583333333333,-19.805555555555557
5985,8Bet2Sco,BD-19 4308,4.92,241.3583333333333,-19.801944444444445
5986,13The Dra,BD+58 1608,4.01,240.4708333333333,58.56527777777777
5987,The Lup,CD-3610642,4.23,241.64583333333337,-36.80222222222222
5988,,CD-2312700,5.92,241.525,-23.60638888888889
5990,,BD-05 4235,6.41,241.49583333333334,-6.139444444444445
5991,,CD-3610648,5.73,241.8166666666667,-36.75555555555555
5992,,BD+08 3134,6.29,241.40416666666664,8.096111111111112
5993,9Ome1Sco,BD-20 4405,3.96,241.7,-20.66916666666667
5994,Iot2Nor,CP-57 7613,5.57,242.32499999999996,-57.93444444444444
5995,,BD+59 1697,6.19,240.78750000000002,59.41083333333333
5996,,BD-13 4342,6.32,241.7625,-14.070833333333333
5997,10Ome2Sco,BD-20 4408,4.32,241.85000000000002,-20.86861111111111
5998,,CD-2412552,6.33,241.96250000000003,-24.461944444444445
6001,,CD-2511369,5.38,242.02916666666664,-26.326666666666668
6002,11    Sco,BD-12 4425,5.78,241.90000000000003,-12.745555555555555
6003,,CD-2312731,5.88,242.17916666666667,-23.685555555555556
6004,45    Ser,BD+10 2958,5.63,241.90416666666667,9.891666666666666
6005,,BD+22 2926,6.14,241.84166666666667,21.822499999999998
6006,,CD-3211456,6.19,242.37916666666666,-32.64972222222222
6007,,CD-3310961,5.54,242.46666666666664,-33.545833333333334
6008,7Kap Her,BD+17 2964,5.0,242.01666666666665,17.046944444444446
6009,7Kap Her,BD+17 2965,6.25,242.01666666666665,17.054444444444446
6010,47    Ser,BD+08 3141,5.73,242.11666666666667,8.534166666666666
6011,,BD+03 3132,5.91,242.24166666666667,3.4544444444444444
6012,,BD-17 4502,6.47,242.47916666666666,-18.340833333333332
6013,8    Her,BD+17 2967,6.14,242.19166666666666,17.20583333333333
6014,,BD+06 3169,5.97,242.2958333333333,6.378888888888889
6015,,CD-4010251,5.86,242.82083333333335,-41.11972222222222
6016,,BD-03 3884,5.37,242.45833333333331,-3.4669444444444446
6017,,CD-2912343,5.13,242.75833333333333,-29.41638888888889
6018,16Tau CrB,BD+36 2699,4.76,242.24166666666667,36.490833333333335
6019,Zet Nor,CP-55 7229,5.81,243.34166666666664,-55.54083333333333
6020,Del1Aps,CP-78 1092,4.68,245.08333333333331,-78.69583333333334
6021,Del2Aps,CP-78 1093,5.27,245.1083333333333,-78.66722222222222
6022,,CP-53 7413,5.83,243.31666666666666,-53.67166666666667
6023,11Phi Her,BD+45 2376,4.26,242.19166666666666,44.934999999999995
6024,Kap Nor,CP-54 7245,4.94,243.36666666666667,-54.63055555555555
6025,,BD+68  864,5.44,241.57916666666668,67.81027777777777
6026,14Nu  Sco,BD-19 4332,6.3,242.99166666666667,-19.449722222222224
6027,14Nu  Sco,BD-19 4333,4.01,242.99583333333337,-19.460555555555555
6028,13    Sco,CD-2710841,4.59,243.075,-27.92638888888889
6029,12    Sco,CD-2811962,5.67,243.0625,-28.4175
6030,Del TrA,CP-63 3854,3.85,243.85833333333332,-63.68555555555555
6031,15Psi Sco,BD-09 4324,4.94,243.0,-10.064166666666667
6033,16    Sco,BD-08 4180,5.43,243.02916666666664,-8.5475
6035,,BD+17 2982,6.08,242.86666666666667,16.665555555555553
6037,,CP-67 3054,5.75,244.27083333333337,-67.9413888888889
6039,10    Her,BD+23 2909,5.7,242.90833333333333,23.494722222222222
6040,,CP-57 7716,5.63,243.95416666666665,-57.91222222222222
6041,,BD-03 3891,6.25,243.2333333333333,-4.220833333333333
6042,,CD-2412623,6.41,243.43749999999997,-24.421944444444446
6043,,BD+33 2696,6.29,242.91250000000002,33.3425
6044,,CD-3211525,5.92,243.59166666666667,-33.01138888888889
6045,The Nor,CD-4710611,5.14,243.8125,-47.37222222222222
6046,,BD+36 2706,5.63,242.95,36.425
6047,9    Her,BD+05 3165,5.48,243.31249999999997,5.021111111111111
6048,17Chi Sco,BD-11 4096,5.22,243.45833333333331,-11.8375
6049,,CD-4211132,6.14,243.85000000000002,-42.89972222222222
6050,,BD+42 2683,5.87,242.94583333333335,42.37444444444444
6051,,BD-20 4444,6.41,243.6166666666667,-21.1075
6053,,BD-18 4249,6.32,243.66250000000002,-18.53527777777778
6054,,CD-2511453,6.05,243.72083333333333,-25.47694444444444
6055,,CP-53 7594,5.44,244.17916666666667,-53.81111111111111
6056,1Del Oph,BD-03 3903,2.74,243.58333333333337,-3.6944444444444446
6057,,BD+06 3184,6.31,243.5541666666667,5.901944444444445
6058,Gam1Nor,CD-4910474,4.99,244.25000000000003,-50.068333333333335
6059,,CP-52 9469,6.33,244.33333333333337,-53.086666666666666
6060,18    Sco,BD-07 4242,5.5,243.90416666666664,-8.369444444444445
6061,,BD-14 4383,6.09,243.96250000000003,-14.849166666666667
6062,,CP-57 7821,6.49,244.71250000000003,-57.89972222222222
6063,17Sig CrB,BD+34 2750,5.64,243.6666666666667,33.85861111111111
6065,16    Her,BD+19 3075,5.69,243.86666666666667,18.808333333333334
6067,,BD-03 3910,6.18,244.22916666666669,-3.9533333333333336
6068,,BD+27 2613,6.14,243.94583333333335,27.422222222222224
6069,,BD+67  930,6.21,243.10416666666663,67.14416666666668
6070,,CD-2812037,4.78,244.57083333333338,-28.61388888888889
6071,Lam Nor,CD-4211188,5.45,244.82083333333335,-42.67388888888889
6072,Gam2Nor,CD-4910536,4.02,244.95833333333334,-50.15555555555555
6073,,CP-54 7493,5.77,245.10416666666663,-55.14
6074,18Ups CrB,BD+29 2803,5.78,244.18333333333328,29.150277777777777
6075,2Eps Oph,BD-04 4086,3.24,244.57916666666668,-4.6925
6076,,BD-19 4357,6.29,244.77916666666664,-20.217777777777776
6077,,CD-3013041,5.49,244.88333333333335,-30.906666666666666
6078,,BD-14 4398,5.94,244.75,-14.8725
6079,19    UMi,BD+76  594,5.48,242.70416666666668,75.8775
6080,,CD-3910412,6.12,245.13333333333333,-39.43083333333333
6081,19Omi Sco,CD-2312849,4.55,245.1583333333333,-24.169444444444444
6083,,CD-4910591,5.33,245.6166666666667,-49.57222222222222
6084,20Sig Sco,CD-2511485,2.89,245.29583333333335,-25.592777777777776
6085,,CD-4310724,5.88,245.6166666666667,-43.91222222222222
6086,,BD+60 1665,5.4,244.31250000000003,59.755
6087,,BD+21 2902,6.05,245.01666666666665,21.1325
6088,,BD+73  713,5.98,243.6375,73.39500000000001
6089,,CP-62 5325,6.15,246.34166666666667,-63.124722222222225
6090,,BD+49 2491,5.91,244.79583333333332,49.03805555555555
6091,,BD+40 3005,5.46,244.97916666666669,39.70861111111111
6092,22Tau Her,BD+46 2169,3.89,244.9333333333333,46.31333333333333
6093,50Sig Ser,BD+01 3215,4.82,245.51666666666668,1.0291666666666666
6094,,CD-3810983,5.4,246.00416666666666,-39.19305555555555
6095,20Gam Her,BD+19 3086,3.75,245.4791666666667,19.153055555555554
6096,,BD-01 3174,6.23,245.65833333333333,-2.0797222222222222
6097,,CD-3211687,6.47,245.98333333333332,-33.19944444444444
6098,Zet TrA,CP-69 2558,4.91,247.11666666666667,-70.08444444444444
6099,,CD-4510633,6.33,246.225,-45.34916666666667
6100,,CD-3710778,5.42,246.12916666666666,-37.56583333333333
6102,Gam Aps,CP-78 1103,3.89,248.3625,-78.89722222222223
6103,19Xi  CrB,BD+31 2845,4.85,245.52083333333337,30.891944444444444
6104,4Psi Oph,BD-19 4365,4.5,246.02499999999995,-20.0375
6106,,CD-2912513,5.84,246.1625,-29.704722222222223
6107,20Nu 1CrB,BD+34 2773,5.2,245.58749999999998,33.799166666666665
6108,21Nu 2CrB,BD+34 2774,5.39,245.6208333333333,33.703611111111115
6109,Iot TrA,CP-63 3923,5.27,246.98749999999998,-64.05805555555555
6110,,BD+32 2716,6.4,245.73333333333332,32.33305555555556
6111,21    Her,BD+07 3164,5.85,246.04166666666663,6.948055555555555
6112,5Rho Oph,CD-2312861,5.02,246.39583333333337,-23.447222222222223
6114,,CP-58 6800,5.69,247.06249999999997,-58.599722222222226
6115,Eps Nor,CD-4710765,4.47,246.79583333333332,-47.555
6116,21Eta UMi,BD+76  596,4.95,244.37500000000003,75.75527777777778
6117,24Ome Her,BD+14 3049,4.57,246.35416666666666,14.033333333333333
6118,7Chi Oph,BD-18 4282,4.42,246.75416666666666,-18.45638888888889
6120,,CP-57 8035,6.06,247.4375,-57.755833333333335
6121,,BD+11 2984,6.11,246.54583333333332,11.4075
6122,,CD-3610783,5.79,247.05833333333328,-37.17944444444444
6123,25    Her,BD+37 2750,5.54,246.35000000000002,37.39388888888889
6124,,BD+02 3106,6.07,246.70833333333334,2.3475
6125,,CP-61 5701,5.2,247.70416666666665,-61.63361111111111
6126,,BD+69  845,5.25,245.45,69.10944444444443
6127,,BD+55 1845,5.74,246.10416666666663,55.205000000000005
6128,,BD-07 4292,5.23,246.92916666666667,-7.598055555555555
6129,3Ups Oph,BD-08 4243,4.63,246.94999999999996,-8.371666666666668
6130,,BD+62 1478,5.67,245.94583333333335,61.696666666666665
6131,,CD-4510697,5.35,247.425,-46.24333333333333
6132,14Eta Dra,BD+61 1591,2.74,245.99583333333334,61.51416666666667
6134,21Alp Sco,CD-2611359,0.96,247.35000000000002,-26.431944444444447
6135,,CP-70 2256,5.5,248.57916666666665,-70.98805555555556
6136,,BD+00 3529,5.39,247.14166666666665,0.665
6137,,BD-07 4299,6.48,247.19999999999996,-8.12888888888889
6139,,CP-86  333,6.04,255.24166666666667,-86.36444444444444
6140,,BD-14 4433,5.68,247.4416666666667,-14.550833333333333
6141,22    Sco,CD-2412695,4.79,247.55,-25.115000000000002
6142,,CD-4110695,5.33,247.9208333333333,-41.816944444444445
6143,,CD-3411044,4.23,247.84166666666664,-34.70444444444445
6145,,CD-2611379,6.1,247.84166666666664,-26.53777777777778
6146,30    Her,BD+42 2714,5.04,247.1583333333333,41.88166666666667
6147,8Phi Oph,BD-16 4298,4.28,247.78333333333333,-16.61277777777778
6148,27Bet Her,BD+21 2934,2.77,247.55416666666667,21.489722222222223
6149,10Lam Oph,BD+02 3118,3.82,247.72500000000002,1.983888888888889
6150,,BD+51 2106,6.29,247.17916666666665,51.407777777777774
6151,The TrA,CP-65 3331,5.52,248.93333333333328,-65.49527777777777
6152,,BD+20 3283,5.25,247.6375,20.479166666666664
6153,9Ome Oph,BD-21 4381,4.45,248.03333333333336,-21.46638888888889
6154,,BD+22 2983,5.76,247.80416666666667,22.19527777777778
6155,Mu  Nor,CD-4310900,4.94,248.52083333333334,-44.04527777777778
6156,34    Her,BD+49 2514,6.45,247.52499999999998,48.96083333333333
6157,,BD+35 2828,6.25,247.7583333333333,35.225
6158,28    Her,BD+05 3223,5.63,248.14583333333337,5.521111111111111
6159,29    Her,BD+11 3008,4.84,248.15000000000003,11.488055555555555
6160,,CD-4410964,6.46,248.77916666666664,-45.24472222222222
6161,15    Dra,BD+69  850,5.0,246.99583333333334,68.76805555555555
6162,,BD+45 2422,5.65,247.94583333333333,45.598333333333336
6163,Bet Aps,CP-77 1221,4.24,250.76666666666665,-77.5175
6164,,CD-4211399,5.47,249.09166666666667,-42.85888888888889
6165,23Tau Sco,CD-2711015,2.82,248.9708333333333,-28.21611111111111
6166,,CD-3411112,4.16,249.09166666666667,-35.25555555555555
6167,,CP-60 6594,6.18,249.71666666666664,-60.99027777777778
6168,35Sig Her,BD+42 2724,4.2,248.52499999999998,42.43694444444444
6169,,BD+17 3053,6.41,248.8583333333333,17.057222222222222
6170,,BD+61 1598,5.94,248.10416666666666,60.82333333333334
6171,12    Oph,BD-02 4211,5.75,249.0875,-2.324722222222222
6172,Eta1TrA,CP-68 2789,5.91,250.34583333333333,-68.2961111111111
6173,,BD+79  498,5.56,246.4291666666667,78.96388888888889
6174,,CD-4310959,5.83,249.60833333333332,-43.39861111111111
6175,13Zet Oph,BD-10 4350,2.56,249.28750000000002,-10.567222222222222
6176,,BD+15 3029,6.3,249.1791666666667,15.498055555555554
6177,,CP-60 6603,6.18,250.20833333333337,-60.44611111111111
6178,,CD-3610879,5.91,249.77083333333331,-37.2175
6179,,BD-06 4467,6.09,249.50416666666666,-6.538055555555555
6180,,BD+72  734,6.3,247.86666666666667,72.61194444444443
6181,,BD+13 3177,6.31,249.45,13.686944444444444
6182,,CP-67 3196,6.03,250.84166666666664,-67.4325
6183,,BD+46 2194,5.79,249.04583333333335,46.61333333333334
6184,16    Dra,BD+53 1875,5.53,249.04583333333335,52.900277777777774
6185,17    Dra,BD+53 1876,5.08,249.0541666666667,52.92444444444444
6187,,CD-4811070,5.65,250.33333333333334,-48.76305555555555
6188,,CD-4910890,5.65,250.41666666666669,-49.651666666666664
6189,,BD-09 4430,6.35,249.9125,-9.554444444444446
6190,,BD-20 4537,6.26,250.14166666666668,-20.40861111111111
6191,,BD+77  627,6.34,247.65833333333333,77.44666666666667
6192,,CD-3211913,5.87,250.4375,-33.146388888888886
6193,,CD-2412765,6.09,250.40000000000003,-24.468055555555555
6195,37    Her,BD+04 3235,5.77,250.15833333333336,4.219722222222222
6196,,BD-17 4618,4.96,250.39166666666665,-17.742222222222225
6197,,CD-4510858,6.23,250.76249999999996,-46.07055555555556
6198,,BD+63 1289,6.16,249.2291666666667,63.07277777777778
6199,,BD+56 1907,5.29,249.5,56.01555555555556
6200,42    Her,BD+49 2531,4.9,249.6833333333333,48.92833333333333
6201,,BD-00 3168,6.24,250.29583333333332,-1.0005555555555556
6202,,BD-19 4406,5.57,250.47083333333333,-19.924444444444447
6203,,BD+12 3063,6.08,250.21250000000003,12.395
6204,,CP-66 3009,5.13,251.66666666666669,-67.10972222222222
6205,14    Oph,BD+01 3290,5.74,250.425,1.1811111111111112
6206,,CD-4010649,6.2,250.93749999999997,-41.11888888888889
6207,,CP-5210161,5.96,251.16250000000002,-53.152499999999996
6208,,BD+25 3115,6.06,250.25,24.858611111111113
6209,,CD-4010653,6.12,250.9708333333333,-41.113055555555555
6210,,CD-3710942,6.05,250.94583333333333,-38.156666666666666
6211,,CD-3113161,6.46,250.9083333333333,-32.10611111111111
6212,40Zet Her,BD+31 2884,2.81,250.32083333333335,31.603055555555557
6213,39    Her,BD+27 2668,5.92,250.40000000000003,26.916944444444447
6214,,CD-4010661,5.71,251.175,-40.83972222222222
6215,,CP-58 6889,5.74,251.58749999999995,-58.50361111111111
6217,Alp TrA,CP-68 2822,1.92,252.16250000000002,-69.02777777777777
6218,,CD-2812358,6.02,251.25,-28.509722222222223
6219,,CP-58 6893,5.58,251.82916666666668,-58.34138888888889
6220,44Eta Her,BD+39 3029,3.53,250.7208333333333,38.92222222222222
6221,,CD-3910677,5.48,251.69583333333333,-39.37722222222222
6222,,BD+34 2830,5.99,250.9625,34.038888888888884
6223,18    Dra,BD+64 1145,4.83,250.2291666666667,64.58916666666666
6224,16    Oph,BD+01 3298,6.03,251.3708333333333,1.0202777777777776
6226,,BD+55 1872,6.16,250.74166666666667,55.69027777777777
6227,,BD+16 3013,5.56,251.34166666666664,15.745277777777776
6228,43    Her,BD+08 3271,5.15,251.45416666666665,8.5825
6229,Eta Ara,CP-58 6906,3.76,252.44583333333335,-59.04138888888889
6230,,BD+43 2642,6.05,251.29583333333332,43.217222222222226
6231,,CP-67 3232,6.32,253.07083333333335,-67.68194444444445
6232,19    Oph,BD+02 3175,6.1,251.78750000000005,2.0644444444444443
6233,,CP-65 3365,6.13,252.97083333333336,-65.37555555555555
6234,45    Her,BD+05 3272,5.24,251.9416666666667,5.246666666666667
6235,,BD-14 4486,6.03,252.1125,-14.909444444444444
6236,,CD-4910998,6.47,252.64583333333331,-50.04555555555555
6237,,BD+57 1702,4.85,251.32083333333335,56.78194444444444
6238,,BD+79  511,6.32,249.46666666666664,78.91833333333334
6239,,BD+13 3225,6.35,252.03333333333336,13.590555555555556
6240,,BD-15 4395,6.1,252.3625,-15.667499999999999
6241,26Eps Sco,CD-3411285,2.29,252.5375,-34.29333333333333
6242,,BD+42 2749,5.87,251.82916666666668,42.23888888888889
6243,20    Oph,BD-10 4394,4.65,252.45833333333334,-10.783055555555556
6244,,CD-3711023,6.11,252.74583333333334,-37.51444444444444
6245,,CD-4110957,5.22,252.8875,-41.230555555555554
6246,,BD+13 3233,5.91,252.39166666666665,13.261388888888888
6247,Mu 1Sco,CD-3711033,3.08,252.96666666666667,-38.0475
6248,,BD-02 4259,6.32,252.59166666666664,-2.653888888888889
6249,,CD-4110972,6.49,253.07916666666668,-41.85444444444445
6250,47    Her,BD+07 3256,5.49,252.57916666666665,7.247777777777777
6251,,CP-57 8157,5.94,253.49999999999997,-57.909444444444446
6252,Mu 2Sco,CD-3711037,3.57,253.08333333333334,-38.0175
6253,,CP-63 4032,6.02,253.85000000000002,-63.26972222222222
6254,52    Her,BD+46 2220,4.82,252.3083333333333,45.983333333333334
6255,21    Oph,BD+01 3323,5.51,252.85000000000002,1.2161111111111111
6256,,BD+43 2654,6.13,252.41666666666669,43.43055555555555
6257,,CD-4211627,5.96,253.42499999999998,-43.05083333333333
6258,50    Her,BD+30 2884,5.72,252.6625,29.80666666666667
6259,,BD+32 2795,6.13,252.67916666666667,32.55361111111111
6260,,CD-4111024,5.45,253.50416666666666,-41.80638888888888
6261,,CD-4111021,6.32,253.49166666666667,-41.99472222222222
6262,Zet1Sco,CD-4211633,4.73,253.49583333333334,-42.36222222222222
6263,,CD-4111036,6.45,253.5458333333333,-41.85027777777778
6264,,BD+42 2753,6.29,252.65,41.89666666666667
6266,,CD-4211642,5.88,253.6083333333333,-42.47888888888889
6267,,BD+77  634,5.98,250.77499999999995,77.51416666666667
6269,,BD-20 4572,5.88,253.35416666666663,-20.415555555555553
6270,51    Her,BD+24 3069,5.04,252.9375,24.656388888888888
6271,Zet2Sco,CD-4211646,3.62,253.64583333333331,-42.36138888888889
6272,,CD-4010919,5.77,253.74166666666665,-41.151111111111106
6273,,CD-3013594,6.35,253.65,-30.58722222222222
6274,,CD-5010905,6.33,254.03333333333333,-50.675
6275,,CP-5210333,5.94,254.11666666666667,-52.28388888888889
6276,,CP-69 2666,5.79,254.8875,-69.26833333333333
6277,,BD-01 3268,6.25,253.54166666666663,-1.6122222222222222
6279,53    Her,BD+31 2925,5.32,253.24166666666667,31.701666666666664
6280,23    Oph,BD-05 4374,5.25,253.64583333333331,-6.153888888888889
6281,25Iot Oph,BD+10 3092,4.38,253.49999999999997,10.165277777777778
6282,,CD-3311570,6.37,253.9875,-33.507222222222225
6283,,CD-4010975,6.15,254.15000000000003,-40.82361111111111
6284,,BD-16 4371,6.37,254.0041666666667,-16.80611111111111
6285,Zet Ara,CP-55 7766,3.13,254.65416666666664,-55.99027777777778
6286,,BD+47 2400,6.0,253.32083333333335,47.41694444444444
6287,,BD+21 3002,5.41,253.72916666666666,20.95861111111111
6288,27    Sco,CD-3311590,5.48,254.29583333333332,-33.25944444444445
6289,,CD-5010924,5.55,254.57499999999996,-50.64111111111111
6290,,BD+13 3258,6.34,253.8166666666667,13.619722222222222
6291,24    Oph,BD-22 4249,5.58,254.2,-23.15
6292,56    Her,BD+25 3156,6.08,253.75833333333333,25.730555555555554
6293,54    Her,BD+18 3266,5.35,253.84166666666667,18.433333333333334
6294,,BD-19 4471,6.27,254.26666666666665,-19.540000000000003
6295,Eps1Ara,CP-5210372,4.06,254.89583333333337,-53.160555555555554
6296,,BD-10 4417,6.19,254.35833333333332,-10.963333333333333
6297,,CP-54 7947,5.65,255.02499999999998,-54.596944444444446
6298,,CD-3711131,6.09,254.7166666666666,-37.62111111111111
6299,27Kap Oph,BD+09 3298,3.2,254.41666666666669,9.375
6300,,CD-4811360,6.0,255.1125,-48.647777777777776
6301,,BD+14 3155,6.37,254.38333333333335,13.884166666666665
6304,,CP-58 6964,6.11,255.44583333333333,-58.958333333333336
6305,57    Her,BD+25 3166,6.28,254.37916666666666,25.352777777777778
6307,,BD+24 3095,6.32,254.42499999999998,24.38138888888889
6308,,CD-2412997,5.86,254.9875,-25.091944444444444
6310,26    Oph,CD-2413002,5.75,255.03750000000002,-24.989166666666666
6311,,CD-3511236,5.97,255.15000000000003,-35.93416666666666
6312,,CD-5010955,6.45,255.44166666666666,-51.130833333333335
6313,,BD+42 2774,6.34,254.45833333333331,42.5125
6314,Eps2Ara,CP-53 8316,5.29,255.78333333333336,-53.23694444444445
6315,19    Dra,BD+65 1157,4.89,254.0041666666667,65.13472222222222
6316,,CD-3113473,5.03,255.46666666666664,-32.14361111111111
6318,30    Oph,BD-04 4215,4.82,255.2625,-4.2225
6319,20    Dra,BD+65 1159,6.41,254.10416666666666,65.03916666666666
6320,,CP-57 8265,5.73,256.1,-57.71222222222222
6321,29    Oph,BD-18 4381,6.26,255.4625,-18.885555555555555
6322,22Eps UMi,BD+82  498,4.23,251.49166666666667,82.03722222222223
6323,,CD-4611191,6.06,255.92083333333332,-47.16
6324,58Eps Her,BD+31 2947,3.92,255.07083333333335,30.92638888888889
6325,,BD+22 3045,5.65,255.24166666666667,22.63222222222222
6326,,BD+15 3095,6.31,255.38749999999996,14.949444444444445
6327,,CD-3711201,5.91,255.95833333333334,-38.15222222222222
6329,,BD+08 3337,6.33,255.49583333333334,8.450555555555555
6330,,BD+56 1934,6.03,254.83749999999998,56.68861111111111
6331,,CD-4511188,6.28,256.2708333333333,-45.501666666666665
6332,59    Her,BD+33 2817,5.25,255.4,33.568333333333335
6333,,BD+25 3183,5.75,255.57500000000002,25.505555555555556
6334,,CD-3311706,4.87,256.20416666666665,-34.12277777777778
6335,,BD+73  751,6.3,254.0666666666667,73.12777777777777
6336,,BD+32 2835,6.36,255.57083333333338,31.884722222222223
6337,,BD+14 3179,4.98,255.77916666666667,14.091944444444445
6338,,CD-4311396,6.19,256.44999999999993,-44.105000000000004
6340,,BD-20 4627,6.3,256.1875,-20.494722222222222
6341,,BD+13 3292,5.93,255.91250000000002,13.605277777777777
6342,,BD+13 3295,6.08,255.99166666666667,13.567499999999999
6343,,BD+19 3218,6.35,255.96666666666667,19.690555555555555
6344,,CD-3711274,5.98,256.58333333333337,-37.2275
6347,,CD-3511306,6.13,256.61666666666673,-35.45111111111111
6348,,BD+60 1728,6.13,255.31666666666666,60.649166666666666
6349,,BD+00 3629,6.01,256.31666666666666,0.7024999999999999
6350,,BD-21 4512,6.3,256.54583333333335,-21.564722222222223
6353,,BD-00 3224,5.64,256.3833333333333,-0.8919444444444444
6354,,CD-2611896,6.29,256.72083333333336,-26.513055555555557
6355,60    Her,BD+12 3142,4.91,256.34166666666664,12.740833333333333
6356,,CP-61 5842,6.39,257.525,-61.675555555555555
6357,,CP-70 2361,6.22,258.07916666666665,-70.72111111111111
6358,,BD+09 3322,6.37,256.5375,9.733333333333333
6359,,BD+10 3142,6.37,256.55416666666673,10.454166666666666
6360,,BD+64 1170,6.1,255.56250000000003,64.60055555555554
6361,,BD-01 3292,6.38,256.7166666666667,-1.656388888888889
6362,,BD+44 2652,6.43,256.2708333333333,43.81222222222222
6363,,BD+49 2583,6.09,256.20416666666665,48.80416666666667
6364,,BD+22 3073,5.56,256.575,22.084166666666665
6365,,BD-17 4717,5.99,257.0583333333333,-17.609166666666667
6366,,CD-3013840,5.97,257.1958333333333,-30.40361111111111
6367,,BD-00 3230,6.06,257.0541666666667,-1.0794444444444444
6368,,CP-67 3296,5.89,258.3208333333333,-67.19666666666667
6371,,CD-4411502,5.08,257.675,-44.5575
6372,,BD-03 4063,6.36,257.225,-3.8827777777777777
6373,,CP-74 1610,6.25,259.1458333333333,-74.53305555555555
6374,,CD-4811492,5.84,257.90833333333336,-48.87416666666667
6375,,BD-10 4445,5.56,257.44999999999993,-10.523333333333333
6376,,BD+40 3103,6.34,256.94166666666666,40.51611111111111
6377,,BD+36 2827,5.39,257.0083333333333,35.93527777777778
6378,35Eta Oph,BD-15 4467,2.43,257.5916666666667,-15.724722222222223
6380,Eta Sco,CD-4311485,3.33,258.0375,-43.23916666666667
6381,,CD-3911182,5.67,258.06666666666666,-39.50694444444444
6382,,CD-3811632,6.3,258.06666666666666,-38.82222222222222
6383,,BD+51 2178,6.46,257.0708333333333,50.842222222222226
6384,,CP-56 8098,6.09,258.5541666666667,-56.888333333333335
6387,,CD-2711516,6.14,258.10416666666663,-27.761944444444445
6388,,BD+40 3109,5.08,257.38749999999993,40.77722222222222
6389,,CD-3212460,6.01,258.2416666666667,-32.43861111111111
6390,,BD+08 3367,6.33,257.9375,7.894722222222222
6391,63    Her,BD+24 3140,6.19,257.7625,24.23777777777778
6393,37    Oph,BD+10 3165,5.33,258.1125,10.585277777777778
6395,,BD+52 2032,6.29,257.625,52.40888888888889
6396,22Zet Dra,BD+65 1170,3.17,257.1958333333333,65.71472222222222
6397,,CD-3311875,5.53,258.82916666666665,-33.54833333333333
6398,,CD-3811686,5.96,258.89583333333337,-38.59388888888889
6401,36    Oph,CD-2612026,5.11,258.8375,-26.602777777777778
6402,36    Oph,CD-2612026,5.07,258.83333333333337,-26.60138888888889
6403,,CD-3013968,6.21,258.96250000000003,-30.210555555555555
6404,,BD-14 4585,5.99,258.83333333333337,-14.58388888888889
6405,,CD-3511426,6.12,259.0875,-35.74944444444444
6408,,CP-59 6954,5.91,259.8,-59.69444444444444
6409,,CD-3212545,5.55,259.2625,-32.66277777777778
6410,65Del Her,BD+25 3221,3.14,258.75416666666666,24.839166666666664
6411,Iot Aps,CP-69 2719,5.41,260.52083333333337,-70.12333333333332
6412,,BD+02 3283,6.17,259.0583333333333,2.186111111111111
6413,,BD-06 4575,6.09,259.175,-6.245
6414,,BD+01 3408,5.88,259.12916666666666,1.2105555555555556
6415,41    Oph,BD-00 3255,4.73,259.15000000000003,-0.4452777777777778
6416,,CD-4611370,5.48,259.7625,-46.63388888888889
6417,Zet Aps,CP-67 3310,4.78,260.4958333333334,-67.77055555555556
6418,67Pi  Her,BD+36 2844,3.16,258.7583333333333,36.80916666666666
6419,,BD+23 3070,5.96,258.92083333333335,23.74277777777778
6420,,CD-4311572,5.76,259.7,-44.12972222222222
6421,,BD+63 1336,5.56,258.1333333333333,62.87444444444444
6422,,CD-3212573,6.36,259.58333333333337,-32.55333333333333
6423,,CD-4911324,6.27,259.875,-50.06333333333333
6424,39Omi Oph,CD-2413255,5.2,259.5,-24.286944444444448
6426,,CD-3411626,5.91,259.7375,-34.98972222222222
6428,,BD-16 4470,6.43,259.57916666666665,-16.311944444444446
6429,,CP-80  828,5.88,262.8625,-80.85916666666667
6431,68    Her,BD+33 2864,4.82,259.3291666666667,33.1
6432,,BD+17 3216,6.0,259.52083333333337,17.318055555555556
6433,,BD+11 3156,5.03,259.65416666666664,10.864444444444445
6435,,BD-17 4773,6.02,259.9708333333333,-17.75638888888889
6436,69    Her,BD+37 2864,4.65,259.41666666666674,37.291666666666664
6438,,CP-57 8478,5.88,260.7291666666667,-58.01027777777778
6439,,BD-05 4426,6.32,259.99583333333334,-5.917222222222223
6440,,CP-62 5558,5.7,261.00416666666666,-62.86416666666667
6442,,CP-56 8191,5.8,260.775,-56.525277777777774
6443,,BD+28 2719,5.65,259.7,28.823055555555555
6444,,BD+38 2910,5.94,259.59583333333336,38.811388888888885
6445,40Xi  Oph,BD-20 4731,4.39,260.25,-21.11277777777778
6446,53Nu  Ser,BD-12 4722,4.33,260.20416666666665,-12.846944444444444
6447,,CP-60 6800,5.77,261.075,-60.67361111111111
6448,,BD+60 1743,6.32,259.1208333333333,60.67055555555555
6449,,BD-10 4477,6.46,260.21666666666664,-10.696111111111112
6450,,CD-3711507,6.41,260.6625,-37.805
6451,Iot Ara,CD-4711484,5.25,260.81666666666666,-47.468333333333334
6452,,BD+18 3351,5.0,260.075,18.057222222222222
6453,42The Oph,CD-2413292,3.27,260.5,-24.999444444444446
6454,,CD-3511505,6.47,260.65833333333336,-35.91
6455,,BD+25 3246,5.38,260.0375,25.5375
6456,,CD-3711512,5.93,260.725,-37.220555555555556
6457,70    Her,BD+24 3167,5.12,260.22499999999997,24.499444444444446
6458,72    Her,BD+32 2896,5.39,260.1625,32.467777777777776
6459,43    Oph,CD-2813081,5.35,260.8375,-28.143055555555556
6460,,CD-4411669,5.12,261.0541666666667,-44.1625
6461,Bet Ara,CP-55 8100,2.85,261.325,-55.53
6462,Gam Ara,CP-56 8225,3.34,261.34583333333336,-56.3775
6463,,BD+16 3163,6.35,260.3875,16.730833333333333
6464,74    Her,BD+46 2293,5.59,260.0875,46.240833333333335
6465,,BD-02 4343,6.29,260.71250000000003,-2.388333333333333
6466,,BD+28 2728,6.35,260.3791666666667,28.758055555555554
6467,,BD+48 2506,6.43,260.1375,48.18833333333333
6468,Kap Ara,CD-5011269,5.23,261.5,-50.63361111111111
6469,,BD+40 3136,5.51,260.4291666666667,39.974444444444444
6470,,CD-3411674,6.16,261.2583333333333,-34.69638888888888
6471,,CP-62 5590,6.24,262.02916666666664,-63.03638888888889
6472,,BD-21 4597,5.85,261.17499999999995,-21.441666666666666
6473,,BD-18 4516,6.21,261.15416666666664,-18.445833333333333
6474,,CD-2413325,6.19,261.275,-24.24361111111111
6475,,CD-5110881,6.19,261.73333333333335,-51.94916666666666
6476,,BD+08 3405,5.77,260.9875,8.852777777777778
6477,,CD-4511531,5.29,261.71250000000003,-45.843611111111116
6478,,CD-5011283,5.92,261.8,-50.63027777777778
6479,,BD+53 1937,5.67,260.4375,53.42055555555555
6480,73    Her,BD+23 3100,5.74,261.025,22.960277777777776
6481,,BD+16 3174,5.71,261.12916666666666,16.301111111111112
6482,,BD+15 3179,6.35,261.13749999999993,15.60611111111111
6483,,CP-5210662,5.75,261.9875,-52.29722222222222
6486,44    Oph,CD-2413337,4.17,261.59166666666664,-24.17527777777778
6487,,CP-55 8144,5.94,262.1583333333333,-55.16972222222222
6488,,BD+38 2928,6.49,261.00833333333327,38.58277777777778
6489,,BD-01 3329,6.44,261.4875,-1.6516666666666666
6490,,CD-2512160,6.44,261.7291666666667,-25.943333333333335
6491,,BD+37 2882,6.28,261.11249999999995,36.95194444444445
6492,45    Oph,CD-2913557,4.29,261.8375,-29.866944444444446
6493,,BD-04 4275,4.54,261.65416666666664,-5.086666666666666
6494,,CD-2913563,6.0,261.90416666666664,-29.724444444444444
6495,,BD+17 3241,5.98,261.475,16.9175
6496,,BD-12 4750,6.21,261.7583333333333,-12.5125
6497,,BD+07 3368,6.06,261.57916666666665,7.595555555555555
6498,49Sig Oph,BD+04 3422,4.34,261.625,4.140277777777778
6499,,BD+27 2809,6.41,261.5,26.878888888888888
6500,Del Ara,CP-60 6842,3.62,262.7708333333333,-60.68388888888889
6501,,CD-3611546,6.02,262.2333333333333,-36.77833333333333
6502,,BD+20 3481,5.54,261.70416666666665,20.080833333333334
6503,,CD-3811927,6.39,262.35416666666663,-38.516666666666666
6504,,BD-08 4444,6.37,262.00833333333327,-8.208333333333332
6505,,CP-56 8304,5.95,262.8458333333333,-56.92055555555555
6506,,BD+34 2971,5.94,261.69166666666666,34.69583333333333
6507,,BD+00 3697,5.44,262.20416666666665,0.33055555555555555
6508,34Ups Sco,CD-3711638,2.69,262.6875,-37.295833333333334
6509,77    Her,BD+48 2517,5.85,261.68333333333334,48.26
6510,Alp Ara,CD-4911511,2.95,262.9583333333333,-49.876111111111115
6511,,BD+60 1754,5.65,261.42083333333335,60.04833333333333
6512,,BD-05 4450,6.37,262.4458333333334,-5.919722222222222
6513,,CD-4511626,6.03,262.95416666666665,-46.03638888888889
6516,,BD-00 3300,5.31,262.59583333333336,-1.0625
6517,,CD-3312149,6.44,262.9458333333333,-33.70277777777778
6518,,BD+67 1014,6.43,261.25,67.30638888888889
6519,51    Oph,CD-2313412,4.81,262.85416666666663,-23.962777777777777
6520,,CD-2612152,6.05,262.9333333333333,-26.26972222222222
6522,,CD-3411757,6.17,263.1,-34.27972222222222
6523,,CD-4111742,5.84,263.2791666666667,-41.17361111111111
6524,,BD+02 3337,5.59,262.8375,2.7244444444444444
6525,,CP-59 7071,6.28,263.89166666666665,-59.846111111111114
6526,76Lam Her,BD+26 3034,4.41,262.6833333333333,26.110555555555557
6527,35Lam Sco,CD-3711673,1.63,263.40000000000003,-37.10388888888889
6528,,BD+31 3047,5.61,262.7291666666667,31.15833333333333
6529,,BD+80  544,5.72,259.90416666666664,80.1363888888889
6530,,CP-53 8682,6.1,263.8333333333333,-53.35277777777778
6531,,BD+39 3147,6.43,262.6666666666667,38.882222222222225
6532,,BD+12 3241,6.42,263.0625,11.930277777777777
6534,,BD-05 4461,5.62,263.37083333333334,-5.744722222222222
6535,,CD-3212935,5.7,263.675,-32.58166666666667
6536,23Bet Dra,BD+52 2065,2.79,262.60833333333335,52.30138888888889
6537,1Sig Ara,CD-4611661,4.59,263.9125,-46.50555555555555
6539,,CD-3711702,6.48,263.9291666666667,-37.44
6541,,BD+19 3354,5.64,263.34166666666664,19.256666666666668
6542,,BD+16 3218,5.69,263.4125,16.3175
6543,,BD+14 3279,6.48,263.425,14.841666666666667
6544,,BD-11 4411,5.55,263.69166666666666,-11.241944444444444
6546,,CD-3812044,4.29,264.1333333333334,-38.63527777777778
6547,,CD-4911577,5.93,264.3625,-50.059999999999995
6548,53    Oph,BD+09 3424,5.81,263.65000000000003,9.586666666666668
6549,Pi  Ara,CP-54 8403,5.25,264.52083333333337,-54.500277777777775
6550,,BD+41 2850,5.74,263.2791666666667,41.243611111111115
6552,,CP-85  469,6.45,270.39166666666665,-85.21472222222222
6553,The Sco,CD-4212312,1.87,264.32916666666665,-42.99777777777778
6554,24Nu 1Dra,BD+55 1944,4.88,263.0416666666667,55.18416666666666
6555,25Nu 2Dra,BD+55 1945,4.87,263.0666666666667,55.17305555555555
6556,55Alp Oph,BD+12 3252,2.08,263.7333333333333,12.56
6557,,CD-3711723,6.26,264.35833333333335,-38.065555555555555
6558,,CD-4212327,6.1,264.5333333333333,-42.88055555555555
6559,,BD+21 3157,6.1,263.99583333333334,20.996111111111112
6560,,BD+57 1780,6.17,263.37916666666666,57.55888888888889
6561,55Xi  Ser,BD-15 4621,3.54,264.39583333333337,-15.39861111111111
6562,,BD-15 4622,5.94,264.40000000000003,-15.571111111111112
6563,,BD+37 2908,6.1,263.92499999999995,37.30166666666666
6565,,CP-72 2086,6.49,266.07916666666665,-72.22083333333333
6566,27    Dra,BD+68  938,5.05,262.98749999999995,68.135
6567,57Mu  Oph,BD-08 4472,4.62,264.45833333333337,-8.11888888888889
6568,,BD-10 4528,5.75,264.5375,-10.926388888888889
6569,Lam Ara,CD-4911616,4.77,265.09583333333336,-49.41555555555556
6570,,BD+30 3033,6.02,264.15000000000003,30.78527777777778
6571,79    Her,BD+24 3218,5.77,264.37916666666666,24.310000000000002
6572,,CD-4611747,5.79,265.31666666666666,-46.92194444444444
6573,26    Dra,BD+61 1678,5.23,263.74583333333334,61.875
6574,82    Her,BD+48 2542,5.37,264.1541666666667,48.58555555555556
6575,,BD+02 3373,6.26,264.7833333333333,2.0280555555555555
6576,,CD-5011474,6.24,265.5125,-50.510555555555555
6577,,BD+13 3421,6.12,264.7375,13.329166666666666
6578,,BD-02 4425,6.19,265.04583333333335,-2.1525
6580,Kap Sco,CD-3812137,2.41,265.6208333333333,-39.03
6581,56Omi Ser,BD-12 4808,4.26,265.35,-12.875277777777779
6582,Eta Pav,CP-64 3662,3.62,266.4333333333333,-64.7238888888889
6583,,CD-3611804,5.54,265.71250000000003,-36.94583333333333
6584,,BD+31 3075,6.03,264.98749999999995,31.2025
6585,Mu  Ara,CD-5111094,5.15,266.03333333333336,-51.83416666666667
6586,,CP-57 8703,6.01,266.2291666666667,-57.54527777777778
6587,,CD-3213208,6.4,265.775,-33.051111111111105
6588,85Iot Her,BD+46 2349,3.8,264.86249999999995,46.006388888888885
6589,,BD+15 3246,6.34,265.29583333333335,15.178055555555554
6590,,BD+06 3498,5.95,265.3833333333334,6.312777777777778
6591,,BD+31 3076,6.28,265.17083333333335,31.2875
6592,,BD+24 3225,6.36,265.27083333333337,24.513333333333332
6593,,CD-2711850,6.36,265.8208333333333,-27.884166666666665
6594,,BD+16 3256,5.52,265.4916666666667,15.951944444444443
6595,58    Oph,BD-21 4712,4.87,265.85416666666663,-21.683333333333334
6596,28Ome Dra,BD+68  949,4.8,264.2375,68.75805555555556
6597,,CD-4212431,5.87,266.175,-42.72888888888889
6598,,BD+69  933,6.42,264.1625,69.57083333333333
6600,,BD-13 4732,6.39,265.94999999999993,-13.508611111111112
6601,,BD-07 4487,6.3,265.9458333333333,-7.079444444444444
6602,83    Her,BD+24 3231,5.52,265.6166666666667,24.56416666666667
6603,60Bet Oph,BD+04 3489,2.77,265.8666666666667,4.567222222222222
6604,,BD+14 3321,6.24,265.84166666666664,14.295
6606,,BD+72  800,5.86,264.28333333333336,72.45583333333333
6607,,BD+51 2243,5.99,265.3375,51.81805555555556
6608,84    Her,BD+24 3237,5.71,265.8375,24.32777777777778
6609,61    Oph,BD+02 3390,6.17,266.14166666666665,2.5794444444444444
6611,,BD+14 3329,6.19,266.0708333333334,14.410277777777779
6612,,BD+44 2757,6.34,265.7708333333333,44.08444444444444
6613,,CD-3812189,6.43,266.7791666666667,-38.111666666666665
6614,,CP-55 8312,6.11,267.15833333333336,-55.401666666666664
6615,Iot1Sco,CD-4011838,3.03,266.89583333333337,-40.12694444444445
6616,3    Sgr,CD-2711930,4.54,266.8875,-27.830833333333334
6617,,BD-22 4423,6.18,266.9375,-22.478055555555553
6618,,BD+53 1978,5.75,265.99583333333334,53.80166666666666
6619,,BD+31 3090,6.23,266.4166666666667,31.504722222222224
6620,,BD-14 4770,5.94,266.90000000000003,-14.725833333333334
6621,,CD-2612367,6.35,267.1125,-26.974999999999998
6622,,CP-53 8799,5.92,267.6166666666667,-53.61222222222222
6623,86Mu  Her,BD+27 2888,3.42,266.6125,27.720555555555553
6624,,CP-60 6950,5.78,267.89583333333337,-60.16444444444444
6628,,CD-3114609,4.83,267.29166666666663,-31.703333333333333
6629,62Gam Oph,BD+02 3403,3.75,266.97083333333336,2.707222222222222
6630,,CD-3711907,3.21,267.46250000000003,-37.04333333333333
6631,Iot2Sco,CD-4011886,4.81,267.5458333333333,-40.09055555555556
6632,,CP-53 8812,6.09,267.79583333333335,-53.13055555555555
6633,,BD+03 3493,6.22,267.08333333333337,3.8041666666666667
6634,,CP-65 3507,6.49,268.325,-65.48916666666666
6635,,CP-76 1226,6.07,269.4208333333333,-76.17750000000001
6636,31Psi1Dra,BD+72  804,4.58,265.48333333333335,72.14888888888889
6637,31Psi1Dra,BD+72  805,5.79,265.4916666666667,72.15694444444445
6638,,BD+20 3570,5.69,267.1,20.565555555555555
6639,,BD+02 3406,6.47,267.325,1.961111111111111
6640,,CD-4511958,6.11,267.93333333333334,-45.60055555555556
6641,,BD+47 2537,6.43,266.78333333333336,47.61222222222222
6642,,BD+19 3435,6.12,267.1958333333334,19.255277777777778
6643,,CD-4011905,5.96,267.8833333333334,-40.7725
6644,87    Her,BD+25 3353,5.12,267.20416666666665,25.622777777777777
6646,,CP-81  799,6.35,271.3583333333333,-81.4863888888889
6647,,CD-3412165,5.9,268.0541666666667,-34.799166666666665
6648,,CD-3412170,5.84,268.07916666666665,-34.416666666666664
6649,,CD-4112139,6.2,268.21666666666664,-41.99666666666667
6650,,BD+12 3305,6.17,267.6791666666667,11.946666666666667
6651,,CD-3412186,6.06,268.20416666666665,-34.11416666666667
6652,,CD-3412187,6.45,268.2291666666667,-35.01861111111111
6653,,CD-3512013,6.03,268.2375,-35.62416666666667
6654,,BD+29 3126,5.5,267.59166666666664,29.322222222222223
6656,30    Dra,BD+50 2468,5.02,267.26666666666665,50.78111111111111
6657,,CD-3412200,6.17,268.32916666666665,-34.730555555555554
6658,,CD-3412203,5.6,268.3458333333333,-34.89527777777778
6659,,BD-01 3412,6.35,267.9958333333334,-1.2366666666666668
6660,,CD-3412219,6.38,268.4375,-34.78583333333333
6661,,BD-06 4672,6.21,268.15833333333336,-6.143611111111111
6662,,CD-3412226,5.96,268.475,-34.7525
6663,,CD-3412228,6.42,268.4916666666667,-34.83166666666667
6666,,BD-10 4560,6.18,268.2625,-10.899722222222222
6667,,BD+01 3528,5.95,268.14583333333337,1.305
6668,,CD-3412244,5.96,268.61249999999995,-34.46638888888889
6670,,BD+06 3566,5.77,268.3083333333333,6.101388888888889
6671,,CD-3612008,6.06,268.7791666666667,-36.475833333333334
6672,,CD-2413615,6.2,268.72499999999997,-24.88722222222222
6673,,BD+40 3228,6.04,268.01666666666665,39.98222222222223
6674,,BD+46 2379,6.38,268.00416666666666,46.64333333333333
6675,,CD-4412201,4.86,269.1958333333333,-44.342222222222226
6676,,BD+11 3283,6.38,268.5583333333333,11.130555555555556
6677,90    Her,BD+40 3233,5.16,268.325,40.00805555555556
6678,,CD-4012001,6.43,269.2291666666667,-40.30555555555555
6680,,CD-2813878,5.8,269.17083333333335,-28.06527777777778
6681,,BD-15 4722,5.89,269.07916666666665,-15.8125
6682,,CD-4112231,4.88,269.4458333333333,-41.71611111111111
6683,,CD-3912058,6.29,269.4875,-39.136944444444445
6684,,BD+00 3813,5.82,269.075,0.6702777777777778
6685,89    Her,BD+26 3120,5.46,268.8541666666667,26.05
6686,,BD-04 4376,5.47,269.1958333333333,-4.081944444444444
6687,,BD+22 3237,5.58,268.95833333333337,22.464166666666667
6688,32Xi  Dra,BD+56 2033,3.75,268.37916666666666,56.87277777777778
6689,,BD+00 3816,5.97,269.26666666666665,0.06638888888888889
6690,,BD+06 3578,6.29,269.23333333333335,6.487777777777778
6691,,CD-3612060,5.74,269.7291666666667,-36.858333333333334
6692,,CD-2813936,6.01,269.66249999999997,-28.759166666666665
6693,,CD-3015035,5.16,269.77083333333337,-30.253055555555555
6695,91The Her,BD+37 2982,3.86,269.0625,37.25055555555556
6696,,BD+11 3299,6.36,269.3583333333333,11.044166666666667
6697,,BD+24 3283,6.3,269.3083333333333,23.995833333333334
6698,64Nu  Oph,BD-09 4632,3.34,269.7541666666667,-9.773611111111112
6699,,BD+55 1995,6.1,268.84583333333336,55.97138888888889
6700,4    Sgr,CD-2313731,4.76,269.9458333333334,-23.816111111111113
6701,35    Dra,BD+76  667,5.04,267.3625,76.96277777777777
6702,,BD+45 2627,6.02,269.2,45.350833333333334
6703,92Xi  Her,BD+29 3156,3.7,269.4375,29.247777777777777
6704,,BD-20 4940,6.21,270.0,-20.339166666666664
6705,33Gam Dra,BD+51 2282,2.23,269.15000000000003,51.48888888888889
6706,,BD-04 4384,5.87,269.90000000000003,-4.8213888888888885
6707,94Nu  Her,BD+30 3093,4.41,269.62499999999994,30.189444444444444
6708,,CD-3612115,6.3,270.45,-36.37777777777778
6709,,BD+00 3832,6.37,270.0625,0.6294444444444445
6710,57Zet Ser,BD-03 4217,4.62,270.12083333333334,-3.690277777777778
6711,,BD+36 2986,6.0,269.67499999999995,36.28777777777778
6712,66    Oph,BD+04 3570,4.64,270.0625,4.368611111111111
6713,93    Her,BD+16 3335,4.67,270.0125,16.750833333333333
6714,67    Oph,BD+02 3458,3.97,270.1583333333333,2.9316666666666666
6715,6    Sgr,BD-17 4987,6.28,270.3458333333333,-17.15694444444444
6716,,BD-22 4503,5.77,270.475,-22.780555555555555
6717,,BD+78  616,6.24,267.54166666666663,78.30666666666666
6718,,BD+45 2635,6.48,269.71666666666664,45.476111111111116
6719,,BD+06 3597,6.34,270.21666666666664,6.2683333333333335
6721,Chi Oct,CP-87  274,5.28,283.69166666666666,-87.60583333333332
6722,,BD+15 3327,6.26,270.2375,15.093333333333334
6723,68    Oph,BD+01 3560,4.45,270.4375,1.3052777777777778
6724,7    Sgr,CD-2413793,5.34,270.71250000000003,-24.28222222222222
6725,34Psi2Dra,BD+72  818,5.45,268.79583333333335,72.005
6726,,BD+33 3006,5.99,270.15000000000003,33.21388888888889
6728,,BD+45 2638,5.67,269.98333333333335,45.50138888888889
6729,95    Her,BD+21 3280,5.18,270.3708333333333,21.595277777777778
6730,95    Her,BD+21 3280,4.96,270.375,21.595555555555553
6731,,CP-75 1410,5.86,272.8125,-75.8913888888889
6733,69Tau Oph,BD-08 4549,5.94,270.77083333333337,-8.180277777777777
6734,69Tau Oph,BD-08 4549,5.24,270.76666666666665,-8.180555555555555
6735,,BD+75  647,6.36,268.6083333333333,75.17083333333333
6736,9    Sgr,CD-2413814,5.97,270.96666666666664,-24.360555555555557
6737,,BD+33 3009,6.15,270.3958333333333,33.311388888888885
6738,96    Her,BD+20 3649,5.28,270.59583333333336,20.83361111111111
6739,,CD-3512229,6.0,271.2083333333333,-35.90138888888889
6740,,CP-64 3796,6.41,271.95,-64.55
6741,97    Her,BD+22 3260,6.21,270.625,22.923055555555557
6742,Gam1Sgr,CD-2914447,4.69,271.25416666666666,-29.58
6743,The Ara,CD-5011720,3.66,271.6541666666667,-50.09166666666667
6745,Pi  Pav,CP-63 4292,4.35,272.14166666666665,-63.66833333333333
6746,10Gam2Sgr,CD-3015215,2.99,271.44999999999993,-30.424166666666668
6747,,BD+01 3578,6.14,271.15416666666664,1.9191666666666665
6748,,CD-3612214,5.95,271.59583333333336,-36.01972222222222
6751,,CP-73 1888,5.85,273.14166666666665,-73.67166666666667
6752,70    Oph,BD+02 3482,4.03,271.3625,2.4994444444444444
6753,,BD+48 2627,6.21,270.7875,48.464444444444446
6754,,BD+23 3254,6.34,271.1666666666667,23.9425
6755,,BD-08 4558,5.85,271.5291666666667,-8.323888888888888
6756,,BD-04 4395,5.77,271.5625,-4.751388888888889
6757,,BD-00 3414,6.34,271.5291666666667,-0.44666666666666666
6759,,CD-4512215,6.15,272.125,-45.76722222222222
6760,,CP-59 7231,6.38,272.48749999999995,-59.04
6761,Iot Pav,CP-62 5797,5.49,272.60833333333335,-62.00222222222222
6762,,BD-21 4855,6.28,271.79583333333335,-21.44388888888889
6763,,BD+21 3300,6.15,271.375,21.646944444444443
6765,98    Her,BD+22 3273,5.06,271.5041666666667,22.218888888888888
6766,,CD-2814174,4.57,272.02083333333337,-28.45722222222222
6767,,BD+41 2968,6.34,271.25,41.946666666666665
6768,,BD+32 3047,5.71,271.45416666666665,32.230555555555554
6769,,BD-17 5028,5.52,271.95,-17.154166666666665
6770,71    Oph,BD+08 3582,4.64,271.825,8.733888888888888
6771,72    Oph,BD+09 3564,3.73,271.8375,9.56388888888889
6775,99    Her,BD+30 3128,5.04,271.75416666666666,30.561944444444446
6777,,CD-3213814,6.43,272.49583333333334,-32.719722222222224
6778,,CD-4712098,6.07,272.76666666666665,-47.51305555555555
6779,103Omi Her,BD+28 2925,3.83,271.8833333333334,28.7625
6780,,CD-3015316,5.53,272.52083333333337,-30.72861111111111
6781,100    Her,BD+26 3178,5.86,271.95416666666665,26.10138888888889
6782,100    Her,BD+26 3178,5.9,271.95416666666665,26.0975
6783,Eps Tel,CD-4512251,4.53,272.8041666666667,-45.95444444444445
6784,,BD+14 3427,6.37,272.1375,14.284722222222221
6785,,BD-13 4863,6.39,272.4291666666667,-13.934444444444445
6786,,CD-4112491,5.86,272.77083333333337,-41.35916666666667
6787,102    Her,BD+20 3674,4.36,272.1875,20.814444444444444
6788,,CD-3312917,6.16,272.7291666666667,-33.79972222222222
6789,23Del UMi,BD+86  269,4.36,263.05,86.58638888888889
6790,,BD+50 2525,6.29,271.72083333333336,50.82277777777778
6791,,BD+43 2892,5.0,271.8666666666667,43.461666666666666
6793,,BD+36 3027,5.48,272.0083333333333,36.40138888888889
6794,101    Her,BD+20 3675,5.1,272.21666666666664,20.04527777777778
6795,73    Oph,BD+03 3610,5.73,272.38749999999993,3.993333333333333
6796,,CP-63 4334,6.47,273.5666666666667,-63.68944444444444
6797,,BD+03 3613,5.69,272.47499999999997,3.1197222222222223
6798,,BD-19 4886,6.36,272.80833333333334,-19.842222222222222
6799,,BD+30 3138,6.38,272.29166666666663,30.46944444444444
6800,,BD+03 3620,5.51,272.6666666666667,3.3241666666666663
6801,11    Sgr,CD-2314047,4.98,272.9291666666667,-23.70111111111111
6804,,CD-4112534,5.47,273.29999999999995,-41.336111111111116
6805,,CP-63 4343,5.6,273.9166666666667,-63.05555555555555
6806,,BD+38 3095,6.4,272.40416666666664,38.4575
6807,,BD+36 3039,5.58,272.49583333333334,36.46638888888889
6808,,CP-68 3081,6.33,274.5,-68.22916666666667
6809,40    Dra,BD+79  570,6.04,270.0125,80.00083333333333
6810,41    Dra,BD+79  571,5.68,270.0375,80.00416666666666
6811,24    UMi,BD+86  272,5.79,262.7,86.96805555555555
6812,13Mu  Sgr,BD-21 4908,3.86,273.43749999999994,-21.05888888888889
6815,104    Her,BD+31 3199,4.97,272.975,31.405277777777776
6816,14    Sgr,BD-21 4916,5.44,273.5625,-21.713055555555556
6817,,BD+54 1950,5.95,272.6291666666667,54.28666666666666
6818,,CD-4412456,5.46,273.96666666666664,-44.20666666666667
6819,,CP-56 8706,5.33,274.2791666666667,-56.02333333333333
6820,,BD+21 3347,6.12,273.31666666666666,21.880277777777778
6821,,CD-5111460,6.06,274.25,-51.068333333333335
6822,15    Sgr,BD-20 5054,5.38,273.8,-20.72833333333333
6823,16    Sgr,BD-20 5055,5.95,273.8,-20.388055555555557
6824,,BD+41 3011,6.36,273.175,41.14694444444444
6825,,BD-18 4864,6.07,273.875,-18.661388888888887
6826,,BD+38 3113,6.04,273.26666666666665,38.77361111111111
6827,,BD+60 1813,6.49,272.77916666666664,60.409444444444446
6828,,CP-63 4370,6.18,274.9166666666667,-63.886944444444445
6829,Phi Oct,CP-75 1417,5.47,275.90000000000003,-75.04416666666667
6830,,BD-03 4259,6.36,273.9916666666667,-3.6175
6832,Eta Sgr,CD-3612423,3.11,274.4041666666667,-36.76166666666666
6833,,CD-3412673,6.16,274.40000000000003,-34.10722222222223
6834,,BD+02 3547,6.01,274.0208333333333,2.3777777777777778
6835,,CD-2814407,6.19,274.35,-28.6525
6836,,CD-2814408,6.4,274.34583333333336,-28.289166666666667
6837,,CP-80  849,5.95,277.32916666666665,-80.23277777777778
6838,,BD-17 5112,5.75,274.29583333333335,-17.37388888888889
6839,,CD-4213101,6.3,274.6666666666667,-42.288333333333334
6840,,BD-03 4263,6.0,274.2208333333333,-3.007222222222222
6842,,CD-2712684,4.65,274.5125,-27.0425
6843,,BD-09 4678,6.31,274.35,-9.758611111111112
6845,,BD+42 3035,5.59,273.9083333333333,42.159444444444446
6847,,BD+45 2684,6.29,273.8833333333333,45.20944444444445
6849,,BD+56 2080,6.37,273.67083333333335,56.58833333333334
6850,36    Dra,BD+64 1252,5.03,273.4708333333333,64.39722222222223
6851,,BD+13 3593,6.3,274.5083333333333,13.776944444444446
6853,,BD+40 3332,6.11,274.275,40.93666666666666
6855,Xi  Pav,CP-61 6140,4.36,275.8041666666667,-61.49388888888889
6856,,CD-3712457,6.45,275.2291666666667,-37.487500000000004
6857,,BD+07 3629,5.39,274.7875,7.259722222222222
6858,,BD-15 4927,5.39,275.0333333333333,-15.831666666666667
6859,19Del Sgr,CD-2914834,2.7,275.24583333333334,-29.828055555555554
6860,105    Her,BD+24 3381,5.27,274.79166666666663,24.44611111111111
6861,,CD-2414219,6.25,275.3791666666667,-24.915
6862,,CD-3812729,5.1,275.575,-38.65694444444444
6863,,BD-18 4926,5.75,275.34583333333336,-18.860000000000003
6864,,CD-2814495,6.16,275.5,-28.43
6865,37    Dra,BD+68  984,5.95,273.8208333333334,68.75583333333333
6866,74    Oph,BD+03 3680,4.86,275.21666666666664,3.377222222222222
6867,,BD+29 3236,5.99,274.96666666666664,29.66611111111111
6868,106    Her,BD+21 3390,4.95,275.0708333333333,21.961388888888887
6869,58Eta Ser,BD-02 4599,3.26,275.325,-2.898888888888889
6870,,CD-3612524,5.34,275.72083333333336,-36.669444444444444
6871,,CP-63 4406,6.14,276.3791666666667,-63.021388888888886
6872,1Kap Lyr,BD+36 3094,4.33,274.96250000000003,36.06444444444444
6873,,BD+05 3704,6.13,275.36666666666673,5.435833333333334
6874,,CD-3612537,5.55,275.8666666666667,-36.23833333333334
6875,,CD-4412569,5.25,276.075,-44.11027777777778
6876,108    Her,BD+29 3241,5.63,275.23749999999995,29.85888888888889
6877,107    Her,BD+28 2981,5.12,275.2541666666667,28.87
6878,,BD-10 4673,6.33,275.7583333333333,-10.21861111111111
6879,20Eps Sgr,CD-3412784,1.85,276.04166666666663,-34.38472222222222
6880,,BD+51 2357,6.3,274.9833333333333,51.34777777777778
6881,,BD-12 5024,5.73,275.8,-12.014722222222222
6882,,BD+23 3316,5.41,275.53333333333336,23.28527777777778
6883,,BD+11 3442,5.89,275.64583333333337,12.02888888888889
6884,Zet Sct,BD-09 4712,4.68,275.9125,-8.934166666666666
6885,,BD+17 3555,5.25,275.70416666666665,17.826666666666668
6886,,BD+49 2776,6.4,275.2791666666667,49.72555555555556
6887,,BD+16 3478,6.22,275.7583333333333,16.688055555555557
6888,18    Sgr,CD-3015661,5.6,276.2541666666667,-30.756666666666668
6889,,CD-3612589,6.15,276.3375,-35.99166666666667
6890,,BD-03 4277,6.38,276.0125,-3.5833333333333335
6891,,BD+49 2782,5.05,275.3833333333334,49.12166666666667
6892,,BD-07 4598,6.31,276.17499999999995,-7.075277777777777
6893,,CD-3412802,6.3,276.475,-33.945277777777775
6894,,CD-4812505,5.46,276.7208333333333,-48.11694444444444
6895,109    Her,BD+21 3411,3.84,275.9208333333333,21.76972222222222
6896,21    Sgr,BD-20 5134,4.81,276.3375,-20.541666666666668
6897,Alp Tel,CD-4612379,3.51,276.7416666666667,-45.968333333333334
6898,,BD-01 3486,6.15,276.23749999999995,-1.5794444444444444
6899,,CP-74 1682,5.89,278.22916666666674,-73.96555555555555
6902,,BD+07 3682,5.65,276.40833333333336,8.031944444444445
6903,2Mu  Lyr,BD+39 3410,5.12,276.0541666666667,39.507222222222225
6904,,BD+27 3016,6.27,276.2416666666667,27.39527777777778
6905,Zet Tel,CD-4912153,4.13,277.20416666666665,-49.07083333333334
6906,,BD+14 3533,6.37,276.4791666666667,14.966666666666667
6907,,CD-2914965,5.92,276.95416666666665,-29.81638888888889
6908,,CP-57 9063,5.76,277.48333333333335,-57.52305555555555
6909,,CD-2613184,6.31,276.9291666666667,-26.634722222222223
6910,,CD-3912626,5.64,277.11249999999995,-38.995555555555555
6911,,BD+53 2079,6.32,275.9458333333333,53.30083333333333
6912,,CP-81  813,6.27,280.5583333333333,-81.80777777777777
6913,22Lam Sgr,CD-2513149,2.81,276.9916666666667,-25.421666666666667
6914,,CD-2613192,6.27,277.025,-26.75722222222222
6915,,CD-4312564,6.36,277.3,-43.84583333333334
6916,Nu  Pav,CP-62 5879,4.64,277.84166666666664,-62.27833333333333
6917,,BD+29 3259,5.83,276.4916666666667,29.828888888888887
6918,59    Ser,BD+00 3936,5.21,276.8,0.1961111111111111
6919,,BD-17 5203,6.2,276.9833333333333,-17.8
6920,43Phi Dra,BD+71  889,4.22,275.1875,71.33777777777777
6922,,CD-4712319,5.7,277.4791666666667,-47.22027777777778
6923,39    Dra,BD+58 1809,4.98,275.975,58.800555555555555
6925,,BD+03 3716,6.07,276.9583333333333,3.7486111111111113
6927,44Chi Dra,BD+72  839,3.57,275.2625,72.73277777777778
6928,,BD+06 3790,5.73,276.9916666666667,6.194166666666667
6930,Gam Sct,BD-14 5071,4.7,277.29583333333335,-14.565833333333334
6931,,CD-4112871,6.04,277.7625,-41.91361111111111
6932,,BD-14 5077,5.96,277.44166666666666,-14.581666666666667
6933,,BD-18 4982,5.66,277.54583333333335,-18.728888888888886
6934,Del1Tel,CD-4512550,4.96,277.9375,-45.915
6935,60    Ser,BD-02 4641,5.39,277.42083333333335,-1.985277777777778
6936,,CD-3313281,5.34,277.76666666666665,-32.98916666666667
6937,,CD-4312600,5.72,277.9833333333333,-43.507777777777775
6938,Del2Tel,CD-4512556,5.07,278.0083333333333,-45.757222222222225
6939,,CP-58 7418,6.44,278.37083333333334,-58.70916666666667
6940,,BD-05 4675,6.28,277.55833333333334,-5.724166666666667
6942,,CD-3912696,5.16,278.0875,-39.70388888888889
6943,,BD+23 3347,5.9,277.39583333333337,23.866111111111113
6944,,BD-18 4988,5.14,277.8583333333333,-18.402777777777775
6945,42    Dra,BD+65 1271,4.82,276.4958333333334,65.56361111111111
6946,,BD-10 4713,5.72,277.85416666666663,-10.795833333333333
6948,,CD-3912704,6.22,278.25,-39.89222222222222
6949,,BD+59 1899,6.43,276.925,59.549166666666665
6951,The CrA,CD-4213378,4.64,278.375,-42.3125
6952,Kap1CrA,CD-3812896,6.32,278.34583333333336,-38.72027777777778
6953,Kap2CrA,CD-3812895,5.65,278.34583333333336,-38.726111111111116
6954,,CP-5211158,6.22,278.62916666666666,-52.89194444444444
6955,,BD+16 3529,5.77,277.76666666666665,16.928611111111113
6956,,BD-14 5098,6.37,278.08333333333337,-14.644166666666667
6957,61    Ser,BD-01 3504,5.94,277.98749999999995,-1.0030555555555556
6958,,BD+03 3737,6.43,278.0291666666667,3.6597222222222223
6959,,BD-14 5099,5.5,278.17916666666673,-14.865555555555556
6960,,CD-3313338,5.28,278.4875,-33.016666666666666
6961,24    Sgr,CD-2414472,5.49,278.47083333333336,-24.0325
6962,,BD-14 5106,5.76,278.4125,-14.85361111111111
6963,,BD-06 4791,6.36,278.34166666666664,-5.911388888888889
6966,,BD+23 3363,5.84,278.1916666666667,23.616944444444446
6967,,BD+08 3741,6.42,278.34583333333336,8.268333333333334
6968,,BD+30 3223,5.48,278.2041666666667,30.554166666666667
6969,,BD-20 5189,6.48,278.8375,-20.840833333333332
6970,,BD-11 4681,5.14,278.75833333333327,-10.977222222222222
6972,,CD-2915123,6.37,278.99583333333334,-29.699166666666667
6973,Alp Sct,BD-08 4638,3.85,278.8,-8.244166666666667
6978,45    Dra,BD+56 2113,4.77,278.1416666666667,57.04555555555555
6980,,BD+23 3385,5.61,278.875,23.605555555555558
6981,,BD+16 3560,6.21,278.9708333333333,16.975555555555555
6982,Zet Pav,CP-71 2353,4.01,280.75833333333327,-71.42805555555556
6983,,BD+52 2238,5.36,278.48333333333335,52.353611111111114
6984,,BD+34 3245,6.1,278.8041666666667,34.45777777777778
6985,,BD+09 3783,5.39,279.1125,9.1225
6986,,CD-4812644,5.86,279.8083333333333,-47.90972222222222
6987,,BD+06 3855,5.45,279.1625,6.671944444444445
6988,,BD-21 5076,5.94,279.475,-21.397777777777776
6989,,BD-14 5139,6.47,279.51666666666665,-14.004722222222222
6990,,CD-2314572,5.81,279.625,-23.505
6991,,CD-4312699,5.37,279.8958333333333,-43.18611111111111
6993,,BD-00 3521,5.75,279.40000000000003,-0.3094444444444444
6994,,CP-77 1314,6.39,281.9541666666667,-77.86722222222221
6995,,BD+16 3563,6.29,279.2875,16.198333333333334
6996,,CP-64 3942,6.37,280.59166666666664,-64.64305555555556
6997,,BD+33 3154,5.42,279.1541666666667,33.46888888888889
6998,,BD-21 5081,5.86,279.7208333333333,-21.051944444444445
6999,,BD-03 4331,6.49,279.5958333333333,-3.1936111111111107
7001,3Alp Lyr,BD+38 3238,0.03,279.23333333333335,38.78361111111111
7003,,BD+43 3027,6.2,279.1875,43.221944444444446
7004,,CP-64 3943,5.78,280.90416666666664,-64.55111111111111
7005,,CD-4812668,6.49,280.375,-48.095
7006,,BD+77  699,5.64,277.43333333333334,77.54694444444445
7007,,BD-07 4648,5.84,280.0,-7.790555555555556
7008,,BD+05 3891,6.38,279.9,5.264166666666667
7009,,BD+39 3476,6.04,279.525,39.668055555555554
7010,,BD+07 3798,6.28,279.9625,7.358333333333333
7011,26    Sgr,CD-2314625,6.23,280.46250000000003,-23.833333333333332
7012,,CP-64 3948,4.79,281.35833333333335,-64.87138888888889
7013,,BD+65 1283,6.06,279.05416666666673,65.48861111111111
7014,,BD-14 5156,6.42,280.425,-14.564166666666667
7015,,CP-61 6229,6.04,281.29583333333335,-61.095
7017,,BD+40 3446,6.25,279.88749999999993,40.934999999999995
7018,,BD+62 1637,5.74,279.3875,62.526666666666664
7019,,BD+38 3254,6.45,280.05,38.367222222222225
7020,Del Sct,BD-09 4796,4.72,280.56666666666666,-9.0525
7021,Lam CrA,CD-3813036,5.13,280.94166666666666,-38.32361111111111
7022,,CP-57 9180,6.22,281.34583333333336,-56.88166666666667
7023,,BD-19 5134,6.35,280.7291666666667,-19.28388888888889
7024,,BD-07 4670,6.15,280.65000000000003,-7.073333333333333
7025,,BD+83  536,6.17,276.0375,83.17527777777778
7026,,CD-3612946,6.32,281.0291666666667,-36.718611111111116
7027,,CP-73 1939,6.06,282.4291666666667,-72.99472222222222
7028,,BD+52 2263,6.0,279.96666666666664,52.19611111111111
7029,,CD-3512876,4.87,281.07916666666665,-35.64194444444444
7030,,BD+31 3332,6.41,280.42083333333335,31.61777777777778
7031,,CD-3912864,5.43,281.2375,-39.686388888888885
7032,Eps Sct,BD-08 4686,4.9,280.87916666666666,-8.275277777777779
7033,,BD+34 3285,6.47,280.5333333333333,34.74666666666667
7034,,BD-06 4859,6.31,280.9625,-6.818611111111111
7035,,CD-2513394,5.83,281.20416666666665,-25.011111111111113
7036,The Pav,CP-65 3754,5.73,282.15416666666664,-65.07777777777777
7038,,BD-21 5131,6.36,281.325,-21.00138888888889
7039,27Phi Sgr,CD-2713170,3.17,281.4125,-26.990833333333335
7040,4    Aql,BD+01 3766,5.02,281.20416666666665,2.0599999999999996
7041,,BD+39 3505,6.45,280.81666666666666,39.30027777777777
7042,,BD+62 1641,6.09,280.23333333333335,62.749722222222225
7043,,BD+36 3246,6.01,280.9,36.556666666666665
7044,,BD+31 3348,5.7,280.9625,31.92666666666667
7045,,BD-19 5154,6.42,281.50416666666666,-19.60638888888889
7046,28    Sgr,BD-22 4854,5.37,281.5833333333333,-22.392222222222223
7047,,BD+23 3439,6.31,281.1666666666667,23.58972222222222
7048,,BD+05 3941,5.83,281.3666666666667,5.499722222222222
7049,46    Dra,BD+55 2107,5.04,280.65416666666664,55.53944444444444
7050,Mu  CrA,CD-4012807,5.24,281.93333333333334,-40.40611111111111
7055,,BD-10 4797,5.71,281.6791666666667,-10.125
7056,6Zet1Lyr,BD+37 3222,4.36,281.19166666666666,37.605000000000004
7057,7Zet2Lyr,BD+37 3223,5.73,281.2,37.59444444444445
7059,5    Aql,BD-01 3559,5.9,281.6166666666667,-0.9616666666666667
7061,110    Her,BD+20 3926,4.19,281.4125,20.54638888888889
7062,Eta1CrA,CD-4312841,5.49,282.20833333333337,-43.68
7063,Bet Sct,BD-04 4582,4.22,281.7916666666667,-4.747777777777777
7064,,BD+26 3349,4.83,281.51666666666665,26.66222222222222
7065,,CD-4512779,5.81,282.3625,-45.81027777777778
7066,,BD-05 4760,5.2,281.87083333333334,-5.705
7067,,BD+18 3817,6.17,281.6708333333333,18.70583333333333
7068,Eta2CrA,CD-4312854,5.61,282.3958333333333,-43.43388888888889
7069,111    Her,BD+18 3823,4.36,281.7541666666667,18.18138888888889
7071,,BD+54 2034,6.23,281.2291666666667,54.89666666666667
7072,,BD-18 5079,6.47,282.1875,-18.60138888888889
7073,,BD+41 3137,6.07,281.5541666666667,41.44166666666666
7074,Lam Pav,CP-62 5983,4.22,283.0541666666667,-62.1875
7075,,BD+60 1845,5.99,281.075,61.04805555555556
7076,,BD+04 3884,6.21,282.0083333333333,4.241388888888889
7078,29    Sgr,BD-20 5277,5.24,282.4166666666667,-20.32472222222222
7079,,BD+23 3461,6.15,282.06666666666666,23.514166666666668
7081,,BD+31 3369,6.06,281.9875,31.756944444444443
7083,,BD-06 4922,5.99,282.4208333333333,-5.912777777777778
7084,,BD+52 2280,5.88,281.6791666666667,52.988055555555555
7085,,BD+00 4027,6.25,282.40416666666664,0.8358333333333333
7086,,BD+19 3798,5.88,282.22083333333336,19.328611111111112
7087,Kap Tel,CP-5211268,5.17,283.1625,-52.1075
7092,,CD-4612669,5.54,283.1125,-46.59527777777778
7093,,CP-5211273,6.31,283.3,-51.93111111111111
7094,,BD-09 4859,5.83,282.7416666666667,-9.774166666666668
7095,,CD-4812769,6.19,283.2583333333333,-48.36
7096,,BD+48 2770,6.12,282.06666666666666,48.7675
7097,,CD-4612676,6.19,283.2458333333334,-46.58583333333333
7100,8Nu 1Lyr,BD+32 3227,5.91,282.4375,32.812777777777775
7101,8    Aql,BD-03 4392,6.1,282.8416666666667,-3.3177777777777777
7102,9Nu 2Lyr,BD+32 3228,5.25,282.46666666666664,32.55083333333333
7103,,CD-2613562,6.29,283.1166666666667,-26.650277777777777
7104,,CD-2915449,6.13,283.15416666666664,-29.379444444444445
7106,10Bet Lyr,BD+33 3223,3.45,282.51666666666665,33.36277777777778
7107,Kap Pav,CP-67 3603,4.44,284.2375,-67.23361111111112
7109,,BD+13 3787,6.14,283.00416666666666,13.965555555555556
7110,,BD-09 4876,6.34,283.25416666666666,-9.57611111111111
7111,,CP-62 6002,6.48,284.225,-62.801111111111105
7112,,BD+28 3104,6.18,282.89583333333337,28.783611111111114
7113,112    Her,BD+21 3582,5.48,283.06666666666666,21.42527777777778
7114,33    Sgr,BD-21 5176,5.69,283.5,-21.359722222222224
7115,,BD+36 3295,6.09,282.90000000000003,36.53861111111111
7116,32Nu 1Sgr,BD-22 4907,4.83,283.54166666666663,-22.745
7117,,BD+73  835,5.27,281.44166666666666,74.08555555555554
7118,,BD+41 3167,6.28,283.02916666666664,41.38333333333333
7119,,BD-15 5143,5.1,283.6791666666667,-15.603055555555555
7120,35Nu 2Sgr,BD-22 4915,4.99,283.7791666666667,-22.67138888888889
7121,34Sig Sgr,CD-2613595,2.02,283.8125,-26.296666666666667
7122,,CD-4213761,5.36,284.06666666666666,-42.71055555555556
7123,,BD+52 2294,5.51,282.89583333333337,52.975
7124,50    Dra,BD+75  682,5.35,281.59166666666664,75.43388888888889
7125,47Omi Dra,BD+59 1925,4.66,282.8,59.388333333333335
7126,,BD-16 5078,5.79,283.8791666666667,-16.37666666666667
7127,Ome Pav,CP-60 7213,5.14,284.65,-60.20055555555556
7128,,CD-2314844,5.93,284.0,-23.17361111111111
7129,,CD-3712982,5.38,284.1666666666667,-37.343333333333334
7130,,CP-66 3404,6.01,285.0125,-66.65333333333334
7131,11Del1Lyr,BD+36 3307,5.58,283.4291666666667,36.97166666666667
7132,,BD+27 3150,5.62,283.5541666666667,27.909444444444443
7133,113    Her,BD+22 3524,4.59,283.6833333333333,22.645
7134,Lam Tel,CP-53 9402,4.87,284.61249999999995,-52.93861111111111
7135,,BD+06 3978,5.57,283.8625,6.615277777777777
7136,,CD-3913012,6.31,284.39166666666665,-39.82333333333334
7137,,BD+50 2686,4.92,283.3041666666667,50.708333333333336
7139,12Del2Lyr,BD+36 3319,4.3,283.625,36.89888888888889
7140,,BD+33 3257,6.02,283.71666666666664,33.968611111111116
7141,63The1Ser,BD+04 3916,4.62,284.0541666666667,4.203611111111111
7142,63The2Ser,BD+04 3917,4.98,284.05833333333334,4.201944444444445
7143,,BD-01 3602,6.22,284.09166666666664,-1.8
7144,,BD+02 3730,6.15,284.10416666666663,2.471111111111111
7145,36Xi 1Sgr,BD-20 5339,5.08,284.3333333333333,-20.656388888888888
7146,,BD+41 3177,5.44,283.71666666666664,41.60277777777778
7148,,BD+17 3779,5.69,284.025,18.10527777777778
7149,Eta Sct,BD-06 4976,4.83,284.2625,-5.846111111111111
7150,37Xi 2Sgr,BD-21 5201,3.51,284.4291666666667,-21.10666666666667
7151,,CD-3116189,6.12,284.5875,-31.03611111111111
7152,Eps CrA,CD-3713001,4.87,284.6791666666667,-37.1075
7153,,BD+57 1915,6.22,283.44166666666666,57.48694444444445
7154,,BD+48 2793,5.77,283.6958333333333,48.859722222222224
7156,,CD-3913032,6.49,284.79583333333335,-39.53472222222222
7157,13    Lyr,BD+43 3117,4.04,283.83333333333337,43.94611111111111
7158,64    Ser,BD+02 3738,5.57,284.31666666666666,2.5352777777777775
7159,,BD-22 4928,6.14,284.59999999999997,-22.529444444444444
7160,,BD+79  604,6.39,281.4083333333333,79.94250000000001
7161,,CP-68 3180,5.88,285.87083333333334,-68.75527777777778
7162,,BD+32 3267,5.22,284.25416666666666,32.90138888888889
7163,,BD+06 3989,6.21,284.5958333333333,6.240277777777778
7164,,BD-18 5155,6.37,284.85833333333335,-18.566944444444445
7165,,BD+17 3799,5.38,284.5583333333333,17.360833333333336
7166,,BD-13 5172,5.53,284.84583333333336,-12.840555555555556
7167,10    Aql,BD+13 3838,5.89,284.69166666666666,13.906666666666666
7168,,CD-2513614,6.36,285.1,-24.942222222222224
7170,,CD-3713018,6.4,285.26666666666665,-37.06194444444444
7172,11    Aql,BD+13 3841,5.23,284.77083333333337,13.6225
7174,,BD+38 3373,5.89,284.50416666666666,38.26611111111111
7175,48    Dra,BD+57 1922,5.66,284.1875,57.815
7176,13Eps Aql,BD+14 3736,4.02,284.90416666666664,15.068333333333333
7177,,CD-4213839,6.23,285.53333333333336,-41.91
7178,14Gam Lyr,BD+32 3286,3.24,284.7333333333333,32.68944444444444
7179,,BD+40 3544,6.22,284.69166666666666,40.67916666666667
7180,52Ups Dra,BD+71  915,4.82,283.5958333333333,71.29722222222222
7181,,BD+26 3418,5.27,284.9375,26.230555555555554
7182,,BD-22 4946,6.24,285.40416666666664,-22.695555555555554
7183,,BD+22 3549,6.29,284.9916666666667,22.814722222222223
7184,,BD+58 1849,6.46,284.3666666666667,58.22527777777778
7185,,BD+39 3602,6.41,284.8,39.217777777777776
7186,,BD-15 5185,6.32,285.3875,-15.2825
7187,,BD+65 1309,5.63,284.10416666666663,65.25805555555556
7188,Zet CrA,CD-4213855,4.75,285.775,-42.09527777777778
7190,,CD-5111893,5.93,285.9875,-51.01861111111111
7191,,BD+62 1669,6.45,284.3208333333333,62.39666666666667
7192,15Lam Lyr,BD+31 3424,4.93,285.0,32.14555555555555
7193,12    Aql,BD-05 4840,4.02,285.4166666666667,-5.738888888888889
7194,38Zet Sgr,CD-3016575,2.6,285.65000000000003,-29.880277777777778
7195,,CD-2513655,5.65,285.6125,-24.846944444444443
7196,,BD+50 2705,6.3,284.74583333333334,50.809444444444445
7197,,CD-3813300,5.74,285.8208333333334,-38.25333333333333
7202,,BD+26 3429,5.69,285.3208333333333,26.29138888888889
7203,,BD-19 5273,6.05,285.7625,-19.24527777777778
7204,,BD+33 3287,6.01,285.2291666666667,33.80222222222222
7205,,BD-19 5275,6.37,285.7791666666667,-19.103333333333335
7208,,BD+08 3951,6.3,285.5875,8.374166666666667
7209,14    Aql,BD-03 4460,5.42,285.725,-3.6988888888888893
7210,,BD+50 2708,5.38,285.0541666666667,50.53361111111111
7211,,CD-3116306,5.5,286.10416666666663,-31.046944444444446
7212,,BD+33 3295,6.39,285.45,33.62138888888889
7213,Rho Tel,CP-5211356,5.16,286.5791666666667,-52.340833333333336
7214,,BD+01 3865,5.83,285.8833333333334,1.8188888888888888
7215,16    Lyr,BD+46 2602,5.01,285.3583333333333,46.93472222222222
7216,,BD+19 3888,6.09,285.7166666666667,19.66111111111111
7217,39Omi Sgr,BD-21 5237,3.77,286.1708333333333,-21.741666666666667
7218,49    Dra,BD+55 2137,5.48,285.1791666666667,55.65833333333333
7221,,CP-68 3185,5.33,287.46666666666664,-68.42472222222223
7223,,CD-4812901,5.97,286.7291666666667,-48.299166666666665
7225,15    Aql,BD-04 4684,5.42,286.2375,-4.0313888888888885
7226,Gam CrA,CD-3713048,4.93,286.6041666666667,-37.06333333333333
7227,Gam CrA,CD-3713048,4.99,286.6041666666667,-37.06333333333333
7228,Sig Oct,CP-89   47,5.47,317.19166666666666,-88.9563888888889
7229,,BD+52 2326,6.31,285.5291666666667,52.26111111111111
7230,,BD-15 5223,5.97,286.4208333333333,-15.660277777777779
7232,,CD-3713049,6.16,286.7166666666667,-37.81027777777778
7233,,CP-55 9001,6.49,287.21666666666664,-55.72027777777778
7234,40Tau Sgr,CD-2713564,3.32,286.73333333333335,-27.670555555555556
7235,17Zet Aql,BD+13 3899,2.99,286.35,13.863333333333333
7236,16Lam Aql,BD-05 4876,3.44,286.55833333333334,-4.8825
7237,,BD+31 3453,5.56,286.2375,31.744444444444447
7238,,BD+30 3409,6.06,286.2416666666667,30.733333333333334
7239,,BD-16 5153,6.03,286.7166666666667,-16.228888888888886
7240,,CD-2815403,6.04,286.875,-28.636944444444445
7241,,BD-18 5206,6.29,286.78333333333336,-18.73777777777778
7242,Del CrA,CD-4013061,4.59,287.0833333333333,-40.49666666666667
7243,,BD+08 3970,6.09,286.5916666666667,8.23
7244,,BD+29 3472,6.31,286.4458333333333,29.921666666666667
7246,,CD-2415041,6.3,287.0583333333333,-24.65694444444444
7248,18    Aql,BD+10 3787,5.09,286.7416666666667,11.071388888888889
7249,,BD-19 5312,5.54,287.06666666666666,-19.290000000000003
7250,,BD+24 3640,5.77,286.65833333333336,24.250833333333333
7251,51    Dra,BD+53 2178,5.38,286.2291666666667,53.39666666666667
7253,,BD+28 3193,5.55,286.6541666666667,28.628611111111113
7254,Alp CrA,CD-3813350,4.11,287.3666666666667,-37.904444444444444
7255,,CD-4013074,6.46,287.41249999999997,-39.82805555555556
7257,,CD-4213933,5.88,287.48749999999995,-41.8925
7258,,BD+41 3232,6.49,286.5708333333334,41.413888888888884
7259,Bet CrA,CD-3913146,4.11,287.5041666666667,-39.340833333333336
7260,,BD+16 3752,6.07,286.9875,16.853333333333335
7261,17    Lyr,BD+32 3326,5.23,286.85416666666663,32.501666666666665
7262,18Iot Lyr,BD+35 3485,5.28,286.825,36.10027777777778
7263,,BD+21 3672,6.23,287.0125,21.698888888888888
7264,41Pi  Sgr,BD-21 5275,2.89,287.43749999999994,-21.02361111111111
7265,,BD-20 5415,6.13,287.44999999999993,-19.803611111111113
7266,19    Aql,BD+05 4040,5.22,287.24583333333334,6.073333333333333
7267,,BD+16 3758,6.48,287.1666666666667,16.85138888888889
7268,,CD-3913156,6.36,287.75416666666666,-39.005
7269,,BD-00 3662,6.34,287.4625,-0.4280555555555556
7270,,CD-2915804,6.3,287.825,-29.502222222222223
7271,,CD-5012377,6.13,288.19166666666666,-50.48638888888889
7274,Tau Pav,CP-69 2962,6.27,289.1166666666667,-69.19055555555556
7275,,BD+52 2350,5.81,287.10416666666663,52.425555555555555
7276,,BD-21 5292,6.41,288.1166666666667,-21.658055555555553
7277,,CD-2613936,5.8,288.3041666666667,-25.906666666666666
7278,,CP-66 3417,5.53,289.3,-66.6613888888889
7279,20    Aql,BD-08 4887,5.34,288.1666666666667,-7.939444444444445
7280,,BD+26 3474,6.36,287.875,26.735833333333336
7281,,CD-4513054,5.92,288.6625,-45.19333333333333
7282,,BD-12 5311,5.51,288.3125,-12.2825
7283,19    Lyr,BD+31 3497,5.98,287.94166666666666,31.283333333333335
7284,,BD+40 3620,6.18,287.84583333333336,40.42916666666667
7287,21    Aql,BD+02 3824,5.15,288.42499999999995,2.293611111111111
7288,,BD+05 4081,6.49,288.4333333333333,5.515833333333333
7289,,CD-4513072,5.4,289.0875,-45.46638888888889
7290,55    Dra,BD+65 1326,6.25,287.43749999999994,65.9786111111111
7291,,CD-2415161,6.25,288.8875,-24.179166666666667
7292,42Psi Sgr,CD-2513866,4.85,288.8833333333333,-25.256666666666668
7295,53    Dra,BD+56 2209,5.12,287.9166666666667,56.85916666666667
7296,,CD-3314076,6.25,289.1333333333333,-33.52166666666667
7297,,CP-53 9513,6.38,289.5375,-53.38666666666666
7298,20Eta Lyr,BD+38 3490,4.39,288.43749999999994,39.14611111111111
7299,,BD+19 3956,6.0,288.7583333333333,20.203333333333333
7300,,BD+14 3846,5.57,288.83333333333337,15.08361111111111
7301,1    Sge,BD+20 4088,5.64,288.8208333333334,21.23222222222222
7302,,BD+30 3491,5.85,288.85,30.52638888888889
7303,22    Aql,BD+04 4045,5.59,289.12916666666666,4.834722222222222
7304,43    Sgr,BD-19 5379,4.96,289.40833333333336,-18.953055555555554
7306,1    Vul,BD+21 3713,4.77,289.0541666666667,21.390277777777776
7307,,BD+14 3852,5.63,289.1083333333333,14.544722222222221
7308,,BD+27 3314,6.16,288.99583333333334,27.926944444444445
7309,54    Dra,BD+57 1968,4.99,288.4791666666667,57.705000000000005
7310,57Del Dra,BD+67 1129,3.07,288.1375,67.66166666666668
7312,59    Dra,BD+76  717,5.13,287.2875,76.56055555555555
7313,,BD+01 3960,6.19,289.45,2.0316666666666667
7314,21The Lyr,BD+37 3398,4.36,289.09166666666664,38.13361111111111
7315,25Ome1Aql,BD+11 3790,5.28,289.4541666666667,11.595277777777778
7316,,CD-3513393,5.59,289.9166666666667,-35.421388888888885
7317,,BD-15 5310,6.06,289.75,-15.536388888888888
7318,2    Vul,BD+22 3648,5.43,289.42916666666673,23.025555555555556
7319,23    Aql,BD+00 4168,5.1,289.6333333333334,1.0852777777777778
7320,,CP-68 3218,6.34,291.0208333333333,-68.3711111111111
7321,24    Aql,BD+00 4170,6.41,289.70833333333337,0.33916666666666667
7322,,BD+46 2658,6.0,289.2125,46.99916666666667
7325,,BD+09 4057,6.32,289.71666666666664,9.618055555555555
7327,,BD-22 5063,5.58,290.1583333333333,-22.4025
7328,1Kap Cyg,BD+53 2216,3.77,289.275,53.368611111111115
7329,Eta Tel,CP-54 9339,5.05,290.71250000000003,-54.42361111111111
7330,,CD-3513422,6.48,290.37083333333334,-34.98388888888889
7331,28    Aql,BD+12 3879,5.53,289.9125,12.374722222222223
7332,29Ome2Aql,BD+11 3802,6.02,289.9708333333333,11.535
7333,26    Aql,BD-05 4936,5.01,290.1333333333333,-5.4158333333333335
7334,,CD-4214133,6.34,290.5375,-42.01611111111111
7336,27    Aql,BD-01 3716,5.49,290.1458333333333,-0.8922222222222221
7337,Bet1Sgr,CD-4413277,4.01,290.65833333333336,-44.45888888888889
7339,,BD-19 5412,6.26,290.4041666666667,-19.234166666666667
7340,44Rho1Sgr,BD-18 5322,3.93,290.41666666666674,-17.84722222222222
7341,,BD+49 2977,6.31,289.65416666666664,49.569722222222225
7342,46Ups Sgr,BD-16 5283,4.61,290.4291666666667,-15.955
7343,Bet2Sgr,CD-4513171,4.29,290.8041666666667,-44.79972222222222
7344,45Rho2Sgr,BD-18 5325,5.87,290.45833333333337,-18.308333333333334
7345,,BD+37 3417,6.31,289.9083333333333,37.330555555555556
7346,,BD+34 3503,6.31,290.1375,35.18611111111111
7347,,BD-08 4950,6.31,290.58333333333337,-8.20111111111111
7348,Alp Sgr,CD-4013245,3.97,290.9708333333333,-40.61611111111111
7349,,BD-00 3725,5.83,290.5875,-0.2525
7350,,CD-4313352,6.17,291.0875,-43.723055555555554
7351,,BD+54 2123,6.26,289.90000000000003,54.376111111111115
7352,60Tau Dra,BD+73  857,4.45,288.8875,73.35555555555555
7353,,BD-07 4942,6.32,290.76666666666665,-7.400277777777778
7354,,BD+09 4081,6.35,290.7,9.913055555555555
7355,,CD-2815767,6.04,291.125,-27.865555555555556
7356,,BD+57 1986,5.91,290.06666666666666,57.64527777777778
7358,3    Vul,BD+25 3811,5.18,290.70833333333337,26.2625
7359,,BD+33 3434,6.06,290.6375,33.518055555555556
7360,,CD-2916104,5.93,291.2666666666667,-29.309166666666666
7362,47Chi1Sgr,CD-2415303,5.03,291.3166666666667,-24.50861111111111
7363,49Chi3Sgr,CD-2415307,5.43,291.37083333333334,-23.96222222222222
7364,,BD+19 4000,6.4,290.94166666666666,20.264444444444443
7367,,BD-14 5428,5.69,291.3375,-13.896944444444443
7368,,BD+32 3411,6.37,290.89166666666665,33.22222222222222
7369,2    Sge,BD+16 3839,6.25,291.09166666666664,16.93777777777778
7370,,CP-54 9371,5.69,291.95,-54.32527777777778
7371,58Pi  Dra,BD+65 1345,4.59,290.1666666666667,65.71472222222222
7372,2    Cyg,BD+29 3584,4.97,291.02916666666664,29.62138888888889
7373,31    Aql,BD+11 3833,5.16,291.2416666666667,11.944444444444445
7375,50    Sgr,BD-22 5105,5.59,291.57916666666665,-21.776666666666667
7377,30Del Aql,BD+02 3879,3.36,291.37083333333334,3.1147222222222224
7378,,BD-15 5348,5.72,291.54583333333335,-15.053055555555556
7380,,CD-2916140,5.67,291.73333333333335,-29.743333333333336
7382,,BD+43 3229,5.84,290.9833333333333,43.38805555555555
7383,,CP-68 3251,5.96,292.79166666666663,-68.43388888888889
7384,,BD+19 4009,6.31,291.3416666666667,20.27138888888889
7385,4    Vul,BD+19 4010,5.16,291.3666666666667,19.798611111111114
7386,,BD+24 3737,6.19,291.3541666666667,24.912777777777777
7387,32Nu  Aql,BD+00 4206,4.66,291.62916666666666,0.3386111111111111
7388,,CP-55 9096,6.13,292.46666666666664,-55.44138888888889
7389,,BD+12 3907,5.74,291.6,13.023888888888889
7390,5    Vul,BD+19 4015,5.63,291.5541666666667,20.097777777777775
7391,,BD+19 4017,5.81,291.6166666666667,19.891388888888887
7392,,CD-4313395,5.71,292.34583333333336,-43.44583333333333
7393,Mu  Tel,CP-55 9100,6.3,292.64166666666665,-55.11
7394,Lam UMi,BD+88  112,6.38,259.2333333333333,89.03777777777778
7395,4    Cyg,BD+36 3557,5.15,291.5375,36.31777777777778
7396,,BD+13 4020,6.32,291.8875,14.2825
7397,,BD+02 3892,5.85,292.0833333333333,2.9302777777777775
7398,,CD-2714004,5.52,292.46666666666664,-26.985555555555557
7400,35    Aql,BD+01 4010,5.8,292.2541666666667,1.9502777777777778
7403,,BD+37 3465,6.34,291.90000000000003,37.941111111111105
7404,,BD-00 3760,6.25,292.325,0.2461111111111111
7405,6Alp Vul,BD+24 3759,4.44,292.17499999999995,24.665
7406,8    Vul,BD+24 3761,5.81,292.23749999999995,24.76861111111111
7407,,BD+14 3936,5.56,292.3416666666667,14.595833333333333
7408,7Iot1Cyg,BD+52 2434,5.75,291.85416666666663,52.32055555555556
7409,7    Vul,BD+19 4039,6.33,292.33333333333337,20.279722222222222
7410,,BD-21 5410,6.13,292.725,-21.31222222222222
7411,,CP-53 9585,5.75,293.22083333333336,-53.18583333333333
7412,,BD+02 3904,6.09,292.54166666666663,2.904166666666667
7413,,BD+62 1716,6.38,291.60833333333335,62.55722222222222
7414,36    Aql,BD-03 4612,5.03,292.6625,-2.7888888888888888
7415,,BD+03 4043,6.05,292.6375,3.4444444444444446
7416,,CD-4513296,5.61,293.3375,-45.27194444444444
7417,6Bet1Cyg,BD+27 3410,3.08,292.6791666666667,27.959722222222222
7418,6Bet2Cyg,BD+27 3411,5.11,292.6875,27.96527777777778
7419,,BD+35 3658,6.25,292.69166666666666,36.228611111111114
7420,10Iot2Cyg,BD+51 2605,3.79,292.425,51.72972222222222
7421,,BD+26 3573,5.87,292.8375,26.61722222222222
7422,,CD-4013356,5.89,293.53333333333336,-40.03472222222222
7423,,BD+79  628,6.05,290.41666666666674,79.60277777777777
7424,Iot Tel,CD-4813161,4.9,293.8041666666667,-48.09916666666667
7426,8    Cyg,BD+34 3590,4.74,292.94166666666666,34.45305555555556
7427,,BD+49 3034,5.53,292.82916666666665,50.306666666666665
7428,,BD+55 2215,6.37,292.8041666666667,55.731944444444444
7429,38Mu  Aql,BD+07 4132,4.45,293.52083333333337,7.378888888888889
7430,37    Aql,BD-10 5122,5.12,293.77916666666664,-10.56027777777778
7431,51    Sgr,CD-2415442,5.65,294.0041666666667,-24.719166666666666
7432,,BD-07 4998,6.34,293.8708333333333,-7.460277777777778
7433,,BD-12 5461,6.27,293.8875,-12.252777777777778
7434,,CP-58 7627,6.18,294.60416666666663,-57.983333333333334
7435,,CP-66 3445,6.39,294.96666666666664,-66.68555555555555
7437,9    Vul,BD+19 4063,5.0,293.64166666666665,19.773333333333333
7438,,BD+02 3932,6.38,293.85416666666663,2.913333333333333
7439,,BD-19 5521,6.11,294.10833333333335,-18.852777777777778
7440,52    Sgr,CD-2514184,4.6,294.175,-24.88361111111111
7441,9    Cyg,BD+29 3651,5.38,293.7083333333333,29.463055555555556
7442,,BD+48 2914,5.96,293.42083333333335,49.2625
7443,,BD-18 5432,5.64,294.2625,-18.231111111111108
7444,,BD+42 3386,5.35,293.6708333333333,42.41277777777778
7446,39Kap Aql,BD-07 5006,4.95,294.22083333333336,-7.0275
7447,41Iot Aql,BD-01 3782,4.36,294.1791666666667,-1.2863888888888888
7448,,BD+59 2060,6.29,293.29166666666663,60.15861111111111
7449,,BD+14 3974,6.38,294.0625,14.391666666666666
7450,,BD+70 1073,6.07,292.75,70.98944444444444
7451,,BD+50 2815,5.73,293.57916666666665,51.236666666666665
7452,,BD+22 3741,6.32,294.03333333333336,22.585833333333333
7454,,BD-14 5479,5.47,294.39166666666665,-14.301666666666668
7455,,CP-66 3447,6.09,295.40416666666664,-65.85416666666666
7456,,BD+10 3984,5.98,294.2166666666667,11.273333333333333
7457,11    Cyg,BD+36 3619,6.05,293.94999999999993,36.94444444444444
7459,,CP-54 9438,6.26,295.075,-54.4175
7460,42    Aql,BD-04 4861,5.46,294.4458333333334,-4.6475
7461,,CD-4513354,6.25,294.92499999999995,-45.278055555555554
7462,61Sig Dra,BD+69 1053,4.68,293.0875,69.66111111111111
7463,4Eps Sge,BD+16 3918,5.66,294.3208333333334,16.462777777777777
7466,,BD+29 3670,6.43,294.2875,29.33361111111111
7468,,BD+44 3185,5.17,294.1541666666667,44.69499999999999
7469,13The Cyg,BD+49 3062,4.48,294.10833333333335,50.221111111111114
7470,53    Sgr,CD-2315618,6.34,294.95416666666665,-23.42777777777778
7471,,BD+03 4097,6.35,294.70416666666665,3.381666666666667
7472,,BD+20 4210,6.48,294.5708333333333,20.782777777777778
7473,,CD-2315625,5.97,295.0291666666667,-23.428611111111113
7474,44Sig Aql,BD+05 4225,5.17,294.7958333333333,5.397777777777778
7475,,BD+16 3936,6.38,294.85416666666663,16.57138888888889
7476,54    Sgr,BD-16 5399,6.2,295.1791666666667,-16.293333333333337
7477,,BD+48 2922,6.47,294.48333333333335,49.28444444444444
7478,12Phi Cyg,BD+29 3684,4.69,294.84166666666664,30.153333333333332
7479,5Alp Sge,BD+17 4042,4.37,295.02083333333337,18.01388888888889
7480,45    Aql,BD-00 3813,5.67,295.1791666666667,-0.6211111111111112
7481,,BD+33 3547,6.1,294.93749999999994,33.97916666666667
7483,14    Cyg,BD+42 3413,5.4,294.8583333333333,42.818333333333335
7484,,BD+54 2193,5.82,294.6708333333333,54.973888888888894
7486,,BD+13 4098,6.01,295.27083333333337,13.815555555555557
7487,,BD+45 2940,6.2,294.89166666666665,45.95805555555556
7488,6Bet Sge,BD+17 4048,4.37,295.2583333333333,17.47611111111111
7489,55    Sgr,BD-16 5413,5.06,295.62916666666666,-16.12388888888889
7490,,BD+22 3767,6.36,295.30833333333334,22.452777777777776
7491,,CD-3713322,6.16,295.90416666666664,-37.538888888888884
7492,,BD+42 3419,6.16,295.17083333333335,43.07777777777778
7493,46    Aql,BD+11 3954,6.34,295.55,12.193333333333333
7494,,CP-81  868,6.39,299.00416666666666,-81.34972222222221
7495,,BD+45 2949,5.06,295.20833333333337,45.525
7496,,BD-15 5444,5.49,295.88749999999993,-15.47
7497,47Chi Aql,BD+11 3955,5.27,295.64166666666665,11.826666666666666
7498,,CP-72 2445,5.41,297.35416666666663,-72.50333333333333
7499,,BD+39 3878,6.23,295.4875,40.25388888888889
7501,,BD+28 3447,6.49,295.70416666666665,29.331666666666667
7502,,BD+32 3531,5.94,295.6833333333333,32.42666666666666
7503,16    Cyg,BD+50 2847,5.96,295.45,50.525277777777774
7504,,BD+50 2848,6.2,295.46666666666664,50.5175
7505,,BD+30 3706,6.05,295.7875,30.678611111111113
7506,10    Vul,BD+25 3933,5.49,295.92499999999995,25.771944444444443
7507,,CD-3215443,5.52,296.50416666666666,-31.90861111111111
7508,,BD+26 3654,6.28,295.9791666666667,27.135555555555555
7509,,BD+55 2245,6.48,295.51666666666665,55.46333333333334
7510,Nu  Tel,CP-56 9290,5.35,297.0041666666667,-56.362500000000004
7511,48Psi Aql,BD+12 4059,6.26,296.14166666666665,13.302777777777779
7512,,BD+33 3572,6.05,295.9625,34.1625
7513,,CP-67 3680,6.45,297.4708333333333,-66.81277777777777
7514,,BD+41 3469,5.84,295.93749999999994,41.77305555555555
7515,56    Sgr,BD-20 5698,4.86,296.5875,-19.761111111111113
7516,,BD-03 4701,6.48,296.46666666666664,-2.8833333333333333
7517,15    Cyg,BD+37 3586,4.89,296.0666666666667,37.35444444444445
7519,49Ups Aql,BD+07 4210,5.91,296.4125,7.613333333333333
7521,,CP-53 9678,6.25,297.2291666666667,-52.88805555555555
7522,,BD+57 2057,6.22,295.8083333333333,58.01638888888889
7523,,BD+40 3866,6.34,296.20416666666665,40.71666666666667
7524,,CP-65 3827,6.05,297.7541666666667,-65.60499999999999
7525,50Gam Aql,BD+10 4043,2.72,296.5625,10.613333333333333
7526,,BD+56 2291,6.27,295.91249999999997,57.0425
7527,,CP-61 6413,6.21,297.5875,-61.061388888888885
7528,18Del Cyg,BD+44 3234,2.87,296.2416666666667,45.130833333333335
7529,,BD+35 3786,6.43,296.4125,36.09111111111111
7530,,BD+34 3701,6.09,296.46250000000003,35.01277777777778
7531,,CP-59 7534,5.42,297.6833333333333,-59.19305555555555
7532,,BD-14 5555,6.11,297.0125,-13.703333333333333
7534,17    Cyg,BD+33 3587,4.99,296.60416666666663,33.72777777777778
7535,,BD+32 3558,6.18,296.6458333333333,32.88861111111111
7536,7Del Sge,BD+18 4240,3.82,296.84583333333336,18.534166666666668
7537,,CD-4713103,5.94,297.5541666666667,-47.55722222222222
7538,,CD-2916546,6.05,297.29583333333335,-28.78888888888889
7540,,BD+25 3972,5.95,296.95,25.383888888888887
7541,,BD-11 5131,6.04,297.2583333333333,-10.870833333333334
7542,,BD+10 4058,6.44,297.125,10.694166666666668
7543,,BD+38 3758,5.77,296.8625,38.4075
7544,52Pi  Aql,BD+11 3994,5.72,297.175,11.815833333333334
7545,,BD+68 1079,5.92,296.075,69.33694444444444
7546,8Zet Sge,BD+18 4254,5.0,297.2416666666667,19.142222222222223
7547,,BD+47 2916,6.12,296.85833333333335,47.907777777777774
7548,,CP-55 9221,5.74,298.15416666666664,-54.971111111111114
7551,,BD+33 3602,6.44,297.20833333333337,33.43722222222222
7552,,CD-4013514,5.33,297.95833333333337,-39.87444444444444
7553,51    Aql,BD-11 5149,5.39,297.69166666666666,-10.76361111111111
7555,,BD+38 3772,6.11,297.3625,38.71
7556,,BD+28 3493,6.38,297.475,28.440555555555555
7557,53Alp Aql,BD+08 4236,0.77,297.6958333333333,8.868333333333334
7558,,CP-61 6426,6.24,298.6666666666667,-61.170833333333334
7559,,BD-02 5133,6.13,297.79583333333335,-2.4608333333333334
7560,54Omi Aql,BD+10 4073,5.11,297.7541666666667,10.415555555555557
7561,57    Sgr,BD-19 5631,5.92,298.05,-19.045
7562,,BD+09 4288,6.25,297.8208333333334,9.630277777777778
7563,,BD+68 1082,6.34,296.6833333333333,68.43833333333333
7564,Chi Cyg,BD+32 3593,4.23,297.6375,32.91416666666667
7565,12    Vul,BD+22 3833,4.95,297.7666666666667,22.610000000000003
7566,19    Cyg,BD+38 3780,5.12,297.64166666666665,38.722500000000004
7567,,BD+40 3902,5.69,297.65416666666664,40.599722222222226
7568,,BD+37 3636,6.06,297.6958333333333,37.82638888888889
7569,,BD+11 4019,6.13,298.0125,11.62888888888889
7570,55Eta Aql,BD+00 4337,3.9,298.1166666666667,1.0055555555555555
7571,,BD-14 5578,6.48,298.275,-14.603055555555555
7573,,BD+24 3914,5.57,298.00416666666666,24.992222222222225
7574,9    Sge,BD+18 4276,6.23,298.0875,18.671944444444446
7575,,BD-03 4742,5.65,298.325,-3.1144444444444446
7576,20    Cyg,BD+52 2547,5.03,297.65416666666664,52.988055555555555
7577,,BD+47 2937,6.2,297.8291666666667,47.37722222222222
7578,,CD-2415668,6.18,298.5708333333333,-23.941111111111113
7579,,CP-69 3072,5.75,299.6708333333333,-69.16388888888889
7581,Iot Sgr,CD-4214549,4.13,298.8125,-41.86833333333333
7582,63Eps Dra,BD+69 1070,3.83,297.04166666666663,70.26777777777778
7583,,BD+36 3744,6.1,298.06666666666666,36.43222222222222
7584,56    Aql,BD-08 5150,5.79,298.5333333333333,-8.574166666666667
7585,,CD-3314560,6.46,298.77083333333337,-33.046388888888885
7587,,CP-59 7550,5.26,299.275,-58.90138888888889
7588,,CP-69 3073,6.39,299.7208333333333,-68.76222222222222
7589,,BD+46 2793,5.62,297.9958333333334,47.027499999999996
7590,Eps Pav,CP-73 2086,3.96,300.14583333333337,-72.91055555555556
7591,,BD+47 2939,5.91,298.02916666666664,47.93194444444444
7592,13    Vul,BD+23 3820,4.58,298.3625,24.079722222222223
7593,57    Aql,BD-08 5154,5.71,298.65416666666664,-8.227222222222222
7594,57    Aql,BD-08 5155,6.49,298.6583333333333,-8.237222222222222
7595,59Xi  Aql,BD+08 4261,4.71,298.5583333333333,8.461388888888887
7596,58    Aql,BD-00 3871,5.61,298.6833333333333,0.2736111111111111
7597,58Ome Sgr,CD-2614637,4.7,298.95833333333337,-26.299444444444447
7598,,BD+06 4351,6.15,298.6666666666667,7.140277777777778
7600,,BD+47 2945,6.29,298.25416666666666,47.8075
7601,,BD+23 3829,5.52,298.62916666666666,24.319444444444443
7602,60Bet Aql,BD+06 4357,3.71,298.825,6.406666666666667
7603,Mu 1Pav,CP-67 3695,5.76,300.09583333333336,-66.94944444444445
7604,59    Sgr,CD-2714399,4.52,299.23333333333335,-27.17
7606,,BD+36 3766,5.76,298.69999999999993,36.99611111111111
7608,23    Cyg,BD+57 2084,5.14,298.3208333333333,57.52361111111111
7609,10    Sge,BD+16 4067,5.36,299.00416666666666,16.634722222222223
7610,61Phi Aql,BD+11 4055,5.28,299.05833333333334,11.423888888888888
7611,,BD+59 2137,6.06,298.3958333333333,59.70888888888889
7612,Mu 2Pav,CP-67 3698,5.31,300.46666666666664,-66.94416666666667
7613,22    Cyg,BD+38 3817,4.94,298.96250000000003,38.486666666666665
7614,61    Sgr,BD-15 5516,5.02,299.4875,-15.491388888888888
7615,21Eta Cyg,BD+34 3798,3.89,299.075,35.083333333333336
7617,,CD-3017525,6.28,299.7333333333333,-30.53805555555556
7618,60    Sgr,CD-2614682,4.83,299.73749999999995,-26.195555555555554
7619,24Psi Cyg,BD+52 2572,4.92,298.9041666666667,52.43888888888888
7620,,BD+35 3878,6.02,299.18333333333334,36.25083333333333
7621,,CD-4912949,6.17,300.10416666666663,-49.35111111111111
7622,11    Sge,BD+16 4081,5.53,299.4375,16.789166666666667
7623,The1Sgr,CD-3513831,4.37,299.93333333333334,-35.27638888888889
7624,The2Sgr,CD-3513832,5.3,299.96250000000003,-34.69777777777777
7625,,CP-59 7564,5.13,300.4333333333333,-59.376111111111115
7626,,BD+57 2092,6.09,298.8416666666667,58.250277777777775
7627,,CD-4313735,6.14,300.10833333333335,-43.04333333333333
7628,,BD+39 3968,5.45,299.3041666666667,40.36805555555556
7629,,CD-3813802,5.95,300.0625,-37.702222222222225
7630,,CD-4513549,5.81,300.2,-45.113055555555555
7631,,CD-3414082,5.66,300.08333333333337,-33.70388888888889
7632,,BD+50 2930,6.43,299.1875,50.902499999999996
7633,,BD+58 2013,4.96,298.9791666666667,58.846111111111114
7635,12Gam Sge,BD+19 4229,3.47,299.68749999999994,19.492222222222225
7636,,BD+00 4375,6.17,299.8416666666667,1.3777777777777778
7637,,BD-10 5238,5.88,299.9458333333334,-9.958333333333332
7639,,CD-4113807,6.29,300.3583333333333,-40.814166666666665
7640,,BD+30 3837,5.49,299.6583333333333,30.983611111111113
7642,,BD+37 3703,6.32,299.64166666666665,38.105555555555554
7643,,CD-2315935,6.01,300.3458333333333,-22.737222222222222
7644,,CP-67 3703,6.07,301.3833333333333,-67.32083333333333
7645,13    Sge,BD+17 4183,5.37,300.0125,17.516666666666666
7646,,BD+45 3025,5.92,299.83333333333337,45.77222222222222
7647,25    Cyg,BD+36 3806,5.19,299.9791666666667,37.04277777777778
7648,,BD+08 4300,5.91,300.2416666666667,8.558055555555557
7649,63    Sgr,BD-14 5618,5.71,300.4916666666667,-13.636944444444444
7650,62    Sgr,CD-2816355,4.58,300.6625,-27.709722222222222
7651,,BD+51 2728,6.15,299.8125,52.05583333333333
7652,,CD-3813828,4.77,300.8875,-37.94083333333333
7653,15    Vul,BD+27 3587,4.64,300.275,27.753611111111113
7655,,BD+36 3820,6.2,300.3125,37.098888888888894
7656,,BD+24 3975,5.88,300.4333333333333,24.80027777777778
7657,16    Vul,BD+24 3977,5.22,300.5041666666667,24.938055555555557
7658,,BD-22 5318,6.45,300.93333333333334,-22.595555555555553
7659,,CD-3215682,4.99,301.07916666666665,-32.05638888888888
7660,26    Cyg,BD+49 3158,5.05,300.3375,50.10472222222222
7662,,BD+18 4365,5.96,300.81666666666666,18.500555555555554
7663,,CP-66 3473,6.45,302.0833333333333,-66.35472222222222
7664,,BD+15 4033,5.67,300.875,16.031388888888888
7665,Del Pav,CP-66 3474,3.56,302.1791666666667,-66.18194444444445
7666,,BD+69 1084,6.33,299.6708333333333,70.36694444444444
7667,62    Aql,BD-01 3887,5.68,301.0958333333333,-0.7094444444444444
7669,63Tau Aql,BD+06 4416,5.52,301.03333333333336,7.2780555555555555
7670,,BD+29 3872,5.71,300.90416666666664,29.896666666666665
7671,,BD-12 5641,6.34,301.2708333333333,-11.599444444444446
7672,15    Sge,BD+16 4121,5.8,301.025,17.07
7673,Xi  Tel,CP-53 9794,4.94,301.84583333333336,-52.880833333333335
7674,,CP-55 9317,6.26,301.89583333333337,-55.01638888888889
7676,64    Dra,BD+64 1405,5.27,300.3666666666667,64.82111111111111
7678,,BD+31 3925,5.64,301.15000000000003,32.218611111111116
7679,16Eta Sge,BD+19 4277,5.1,301.2875,19.991111111111113
7680,,BD+15 4040,6.34,301.3583333333333,15.500277777777777
7681,,BD-04 5013,6.47,301.55,-4.078333333333333
7683,,BD+38 3896,6.19,301.2875,38.47833333333333
7684,,BD+47 3004,6.16,301.1166666666667,48.22972222222222
7685,67Rho Dra,BD+67 1222,4.51,300.7041666666667,67.8736111111111
7686,69    Dra,BD+76  771,6.2,299.90000000000003,76.48138888888889
7687,,BD+51 2763,6.14,301.275,51.839444444444446
7688,17    Vul,BD+23 3896,5.07,301.72083333333336,23.614444444444445
7689,27    Cyg,BD+35 3959,5.36,301.5875,35.972500000000004
7690,64    Aql,BD-01 3899,5.99,302.00416666666666,-0.6783333333333333
7691,,CP-57 9622,6.37,302.77916666666664,-57.52388888888889
7692,,BD+55 2324,6.21,301.3375,56.34138888888889
7693,,BD+08 4344,6.43,301.95833333333337,9.399722222222222
7694,,BD-10 5285,6.18,302.12916666666666,-10.062777777777779
7695,,BD+63 1593,6.26,301.1833333333333,63.89055555555556
7696,,BD+16 4153,6.42,302.025,16.664166666666667
7697,,BD+52 2623,5.85,301.55416666666673,53.16583333333333
7698,,CP-83  695,6.17,306.22499999999997,-83.31055555555555
7699,,BD+34 3881,6.11,301.92083333333335,34.42305555555555
7700,,BD+10 4189,6.31,302.1583333333333,10.725833333333334
7701,66    Dra,BD+61 1970,5.39,301.3833333333333,61.995555555555555
7703,,CD-3613940,5.32,302.79583333333335,-36.10111111111111
7704,,BD+67 1226,6.28,301.2208333333333,68.02722222222222
7705,17The Sge,BD+20 4453,6.48,302.4833333333333,20.915277777777778
7706,,CD-4313855,6.22,303.0958333333333,-42.78055555555555
7707,,CP-63 4571,6.09,303.60833333333335,-63.41583333333333
7708,28    Cyg,BD+36 3907,4.93,302.35416666666663,36.83972222222222
7709,,BD-09 5382,6.49,302.79166666666663,-8.842222222222222
7710,65The Aql,BD-01 3911,3.23,302.825,-0.8213888888888888
7711,18    Vul,BD+26 3815,5.52,302.6375,26.904166666666665
7712,1Xi 1Cap,BD-12 5664,6.34,302.9875,-12.3925
7713,,BD+20 4462,6.22,302.7625,21.134722222222223
7714,,CP-5211643,5.65,303.57916666666665,-52.44555555555555
7715,2Xi 2Cap,BD-13 5608,5.85,303.10416666666663,-12.6175
7716,,BD+21 4088,6.26,302.8375,21.875555555555557
7717,,BD+00 4444,6.27,303.1458333333333,0.8675
7718,19    Vul,BD+26 3825,5.49,302.95,26.80888888888889
7719,20    Vul,BD+26 3828,5.92,303.0,26.478888888888886
7720,66    Aql,BD-01 3920,5.47,303.3041666666667,-1.0094444444444444
7722,,CD-2714659,5.73,303.8208333333334,-27.032777777777778
7724,67Rho Aql,BD+14 4227,4.95,303.5666666666667,15.1975
7725,,CD-3017773,6.3,303.9583333333333,-30.005277777777778
7726,,BD+51 2796,6.01,303.12916666666666,51.46361111111111
7727,68    Dra,BD+61 1983,5.75,302.89166666666665,62.078611111111115
7728,,CD-3614011,6.39,304.0958333333333,-36.45444444444445
7730,30    Cyg,BD+46 2881,4.83,303.32499999999993,46.81583333333333
7731,21    Vul,BD+28 3675,5.18,303.55833333333334,28.69472222222222
7732,,CP-63 4576,6.27,304.7625,-63.23111111111111
7733,,BD+42 3642,6.14,303.42499999999995,43.37916666666667
7734,,BD+36 3949,6.45,303.52083333333337,36.60527777777778
7735,31    Cyg,BD+46 2882,3.79,303.40416666666664,46.74138888888889
7736,29    Cyg,BD+36 3955,4.97,303.6333333333334,36.80638888888888
7738,3    Cap,BD-12 5680,6.32,304.09166666666664,-12.336944444444445
7739,,BD+25 4165,4.78,303.8125,25.591944444444444
7740,33    Cyg,BD+56 2376,4.3,303.3458333333333,56.56777777777778
7741,22    Vul,BD+23 3944,5.15,303.875,23.50861111111111
7742,,BD+60 2099,5.79,303.36249999999995,60.64055555555556
7743,,BD+33 3827,5.66,303.84583333333336,33.72944444444445
7744,23    Vul,BD+27 3666,4.52,303.94166666666666,27.81416666666667
7745,,CD-4813509,6.31,304.73333333333335,-47.71083333333333
7746,18    Sge,BD+21 4130,6.13,304.07916666666665,21.59861111111111
7747,5Alp1Cap,BD-12 5683,4.24,304.40833333333336,-12.508333333333333
7748,4    Cap,BD-22 5384,5.87,304.5041666666667,-21.810000000000002
7749,,CD-4713340,6.13,304.8208333333333,-47.58027777777778
7750,1Kap Cep,BD+77  764,4.39,302.2208333333333,77.71138888888889
7751,32    Cyg,BD+47 3059,3.98,303.8666666666667,47.714444444444446
7752,,BD+38 3977,6.27,304.0125,38.897777777777776
7753,24    Vul,BD+24 4075,5.32,304.1958333333333,24.671111111111113
7754,6Alp2Cap,BD-12 5685,3.57,304.5125,-12.544722222222221
7756,,BD+45 3119,5.91,304.0,45.57944444444445
7757,,BD+36 3978,6.48,304.1166666666667,37.05638888888888
7758,,CP-55 9365,6.27,305.1333333333333,-55.05083333333333
7759,,BD+39 4114,5.24,304.2291666666667,40.365
7760,,BD+28 3695,6.22,304.3791666666667,29.148055555555555
7761,7Sig Cap,BD-19 5776,5.28,304.8458333333333,-19.11861111111111
7762,,BD+42 3670,6.29,304.37083333333334,42.721944444444446
7763,34    Cyg,BD+37 3871,4.81,304.4458333333334,38.033055555555556
7764,,CD-2916981,6.3,305.1166666666667,-29.197222222222223
7765,,CD-3614057,6.46,305.2125,-35.67361111111111
7766,,CD-5012929,6.27,305.42083333333335,-49.99944444444444
7767,,BD+40 4103,5.84,304.5291666666667,40.73222222222223
7768,,BD-01 3951,6.06,304.9291666666667,-1.0786111111111112
7769,36    Cyg,BD+36 3998,5.58,304.6166666666667,37.0
7770,35    Cyg,BD+34 3967,5.17,304.6625,34.98277777777778
7771,,BD+12 4289,6.21,304.8708333333333,13.216944444444444
7773,8Nu  Cap,BD-13 5642,4.76,305.1625,-12.759166666666667
7774,,BD+13 4360,5.95,305.0,13.548055555555555
7775,,BD-15 5626,6.1,305.19166666666666,-14.785
7776,9Bet Cap,BD-15 5629,3.08,305.25,-14.78138888888889
7777,,BD+45 3139,6.45,304.70416666666665,46.32277777777778
7778,,BD+14 4263,6.13,305.0833333333333,14.569166666666666
7779,Kap1Sgr,CD-4214836,5.59,305.6125,-42.04972222222222
7780,,BD+17 4294,5.8,305.0875,17.793055555555558
7781,,BD+54 2329,5.76,304.6,55.39722222222222
7783,,BD+66 1281,5.93,304.3791666666667,66.85388888888889
7784,,BD+38 4021,6.23,305.0625,39.40333333333333
7785,,CP-81  901,5.77,308.3208333333334,-80.965
7787,Kap2Sgr,CD-4214847,5.64,305.9708333333333,-42.422777777777775
7788,,BD-10 5369,6.3,305.75,-9.654722222222222
7789,25    Vul,BD+23 3986,5.54,305.5125,24.44611111111111
7790,Alp Pav,CP-57 9674,1.94,306.40833333333336,-56.735
7791,,BD+53 2384,6.18,305.125,53.596111111111114
7792,71    Dra,BD+61 2000,5.72,304.90000000000003,62.2575
7793,,BD+14 4275,6.17,305.71666666666664,14.551388888888889
7794,,BD+04 4434,5.31,305.79166666666663,5.343055555555555
7795,,BD+40 4136,6.39,305.5125,41.13138888888889
7796,37Gam Cyg,BD+39 4159,2.2,305.5541666666667,40.25666666666667
7797,,BD+30 4005,6.09,305.65416666666664,31.265
7798,,BD+45 3152,5.58,305.52083333333337,45.794999999999995
7799,,CD-4114024,6.09,306.4458333333334,-40.796388888888885
7800,,BD+40 4141,5.93,305.6875,41.02611111111111
7801,,CD-2917049,5.85,306.35833333333335,-28.66333333333333
7802,,BD+42 3721,6.2,305.7291666666667,42.983333333333334
7803,,BD+00 4495,6.15,306.15416666666664,1.0686111111111112
7804,,BD+68 1121,5.55,305.025,68.88027777777778
7805,,BD+63 1618,5.69,305.29583333333335,63.98027777777778
7806,39    Cyg,BD+31 4062,4.43,305.96250000000003,32.19
7807,,BD+37 3916,5.9,305.9333333333333,37.47638888888889
7808,,CD-3713741,6.25,306.7208333333333,-37.403055555555554
7809,,BD-03 4888,6.11,306.425,-2.8002777777777776
7810,,BD+09 4526,6.33,306.43333333333334,10.05638888888889
7811,,BD+20 4559,5.66,306.4166666666667,21.40972222222222
7812,,CP-81  906,5.91,309.575,-81.28888888888889
7813,,BD+19 4408,6.41,306.50416666666666,19.865000000000002
7814,10Pi  Cap,BD-18 5685,5.25,306.82916666666665,-18.211666666666666
7816,,BD+16 4259,6.22,306.59583333333336,17.315555555555555
7817,,CD-3614166,6.1,307.19166666666666,-35.59583333333334
7818,,BD+59 2228,6.44,306.27083333333337,59.6
7819,,BD-16 5609,6.41,307.1791666666667,-15.741666666666665
7820,,BD+07 4477,6.25,307.02916666666664,8.4375
7821,68    Aql,BD-03 4906,6.13,307.09999999999997,-3.3577777777777778
7822,11Rho Cap,BD-18 5689,4.78,307.2125,-17.81361111111111
7823,,BD+33 3910,6.39,306.77916666666664,34.32888888888889
7824,,BD+02 4175,6.21,307.06666666666666,2.936944444444445
7825,,BD-22 5442,6.16,307.37916666666666,-22.391666666666666
7826,40    Cyg,BD+37 3941,5.62,306.89166666666665,38.44027777777777
7827,,BD+56 2421,6.36,306.59583333333336,56.638888888888886
7828,43    Cyg,BD+48 3128,5.69,306.7583333333333,49.38333333333333
7830,12Omi Cap,BD-19 5831,5.94,307.47083333333336,-18.583333333333332
7831,69    Aql,BD-03 4918,4.91,307.4125,-2.8855555555555554
7832,,CD-2917122,6.39,307.7333333333333,-29.1125
7834,41    Cyg,BD+29 4057,4.01,307.34583333333336,30.36861111111111
7835,42    Cyg,BD+35 4141,5.88,307.33333333333337,36.45472222222222
7836,1    Del,BD+10 4303,6.08,307.575,10.895833333333332
7837,,BD-15 5696,6.12,307.76666666666665,-15.05638888888889
7838,,CP-70 2792,6.11,308.9625,-69.6111111111111
7839,,BD+20 4602,6.18,307.7416666666667,20.605833333333333
7841,,BD+45 3196,6.41,307.4958333333334,45.92861111111111
7842,,CD-2514854,6.36,308.2166666666667,-24.94388888888889
7843,,BD+55 2411,5.91,307.3625,56.06805555555556
7844,45Ome1Cyg,BD+48 3142,4.95,307.5125,48.95166666666667
7845,,BD-10 5423,5.65,308.09583333333336,-9.853333333333333
7846,Nu  Mic,CD-4414020,5.11,308.4791666666667,-44.51611111111111
7847,44    Cyg,BD+36 4105,6.19,307.74583333333334,36.93583333333333
7848,Phi1Pav,CP-61 6492,4.76,308.89166666666665,-60.58166666666667
7849,,BD+25 4272,6.34,307.9916666666667,25.804444444444446
7850,2The Cep,BD+62 1821,4.22,307.39166666666665,62.994166666666665
7851,46Ome2Cyg,BD+48 3154,5.44,307.825,49.22027777777778
7852,2Eps Del,BD+10 4321,4.03,308.3,11.303333333333335
7853,,CD-3814108,6.44,308.7291666666667,-38.08972222222222
7854,,BD+51 2882,6.18,307.8375,52.30972222222222
7855,,BD-14 5781,6.13,308.54583333333335,-13.721111111111112
7856,,CD-3018013,6.4,308.6958333333333,-30.473611111111108
7858,3Eta Del,BD+12 4378,5.38,308.4875,13.027222222222223
7859,Rho Pav,CP-61 6495,4.88,309.39583333333337,-61.53
7860,,BD+56 2444,6.14,307.94166666666666,56.78
7862,,BD+20 4629,6.48,308.54166666666663,20.985277777777778
7863,Mu 1Oct,CP-76 1434,6.0,310.5083333333333,-76.18055555555556
7865,,BD-17 6027,6.19,308.8833333333333,-16.52583333333333
7866,47    Cyg,BD+34 4079,4.61,308.475,35.25083333333333
7867,,BD+41 3805,6.49,308.45,41.77222222222222
7868,,BD+72  957,6.27,307.5,72.53166666666667
7869,Alp Ind,CD-4713477,3.11,309.39166666666665,-47.29138888888889
7870,,BD+46 2977,5.78,308.475,46.693888888888885
7871,4Zet Del,BD+14 4353,4.68,308.825,14.674166666666666
7872,,CP-63 4602,6.22,309.9625,-62.907777777777774
7873,70    Aql,BD-03 4961,4.89,309.1791666666667,-2.55
7874,26    Vul,BD+25 4299,6.41,309.03333333333336,25.8825
7875,Phi2Pav,CP-60 7419,5.12,310.0083333333333,-60.54888888888889
7876,,BD+51 2895,6.11,308.7083333333333,51.85416666666667
7877,,CD-2514920,6.36,309.46666666666664,-25.10888888888889
7878,,BD-00 4056,6.22,309.325,0.09694444444444444
7879,73    Dra,BD+74  872,5.2,307.875,74.95472222222223
7880,27    Vul,BD+25 4302,5.59,309.26666666666665,26.461944444444445
7881,Ups Pav,CP-67 3754,5.15,310.4875,-66.76083333333334
7882,6Bet Del,BD+14 4369,3.63,309.3875,14.595277777777778
7883,5Iot Del,BD+10 4339,5.43,309.45416666666665,11.377777777777778
7884,71    Aql,BD-01 4016,4.32,309.5833333333333,-1.1052777777777778
7885,48    Cyg,BD+31 4159,6.32,309.37916666666666,31.572499999999998
7886,,BD+17 4370,6.25,309.475,18.269166666666667
7887,,BD+31 4160,6.49,309.3833333333334,31.521944444444443
7888,,BD+37 4002,6.2,309.34583333333336,38.328611111111115
7889,14Tau Cap,BD-15 5743,5.22,309.81666666666666,-14.954722222222221
7890,,BD-02 5328,6.22,309.8041666666667,-2.412777777777778
7891,29    Vul,BD+20 4658,4.82,309.62916666666666,21.20111111111111
7892,8The Del,BD+12 4411,5.72,309.6791666666667,13.315000000000001
7893,,CD-3315119,5.47,310.0791666666667,-33.43194444444444
7894,28    Vul,BD+23 4084,5.04,309.62916666666666,24.116111111111113
7895,,BD+23 4085,5.91,309.6458333333333,23.680555555555557
7896,7Kap Del,BD+09 4600,5.05,309.77916666666664,10.086111111111112
7897,1    Aqr,BD-00 4064,5.16,309.85,0.48638888888888887
7898,,CD-2416193,6.37,310.04583333333335,-23.773888888888887
7899,,BD+15 4220,5.97,309.7708333333333,15.838055555555556
7900,15Ups Cap,BD-18 5738,5.1,310.0125,-18.13861111111111
7901,75    Dra,BD+80  659,5.46,307.0583333333333,81.42277777777778
7903,,BD+21 4305,6.08,309.79166666666663,21.81722222222222
7904,,BD+29 4121,5.68,309.74583333333334,30.334444444444443
7905,,BD-16 5663,5.8,310.1333333333334,-16.124166666666667
7906,9Alp Del,BD+15 4222,3.77,309.9083333333333,15.911944444444444
7907,,BD+10 4351,6.42,309.9625,11.249722222222221
7908,74    Dra,BD+80  660,5.96,307.3625,81.09138888888889
7909,,CD-3216130,5.76,310.34583333333336,-31.598333333333333
7910,,CD-2615192,6.28,310.35,-26.0
7911,,BD+40 4266,6.06,309.88749999999993,40.57944444444445
7913,Bet Pav,CP-66 3501,3.42,311.2375,-66.20305555555557
7914,,BD+19 4484,6.45,310.1875,19.935277777777777
7915,,CD-4013994,6.29,310.7208333333333,-39.558611111111105
7918,10    Del,BD+14 4393,5.99,310.31666666666666,14.583055555555555
7919,,BD+42 3818,5.95,310.0125,43.45861111111111
7920,Eta Ind,CP-5211752,4.51,311.0083333333333,-51.92111111111111
7921,49    Cyg,BD+31 4181,5.51,310.2583333333333,32.30722222222222
7923,,BD+17 4382,6.22,310.4916666666667,17.52138888888889
7924,50Alp Cyg,BD+44 3541,1.25,310.35416666666663,45.280277777777776
7925,,BD+59 2272,6.01,310.0708333333334,60.50527777777778
7926,,BD+41 3856,5.67,310.48333333333335,41.716944444444444
7928,11Del Del,BD+14 4403,4.43,310.86249999999995,15.074444444444444
7929,51    Cyg,BD+49 3353,5.39,310.55,50.34
7930,,BD+83  588,6.19,307.2625,83.62555555555555
7932,,BD+35 4234,6.47,310.84999999999997,35.58777777777778
7933,,CD-3913960,5.5,311.5833333333333,-39.19916666666666
7934,Sig Pav,CP-69 3138,5.41,312.325,-68.77638888888889
7935,,CD-3614396,6.49,311.575,-36.12027777777778
7936,16Psi Cap,CD-2515018,4.14,311.5208333333333,-25.270833333333332
7937,17    Cap,BD-22 5523,5.93,311.54166666666663,-21.514166666666668
7938,,BD+60 2154,6.15,310.6625,60.60138888888889
7939,30    Vul,BD+24 4229,4.91,311.21666666666664,25.270555555555553
7940,,BD+56 2477,6.32,310.8041666666667,57.11416666666667
7941,,BD+17 4401,6.38,311.3666666666667,18.090277777777775
7942,52    Cyg,BD+30 4167,4.22,311.4125,30.71972222222222
7943,Iot Mic,CD-4414145,5.11,312.12083333333334,-43.98861111111111
7944,,BD+55 2462,5.78,311.0916666666667,56.488055555555555
7945,4    Cep,BD+66 1318,5.58,310.7958333333333,66.6575
7946,,BD-03 5018,6.27,311.7625,-2.486666666666667
7947,12Gam1Del,BD+15 4255,5.14,311.6583333333333,16.124444444444446
7948,12Gam2Del,BD+15 4255,4.27,311.6625,16.124166666666667
7949,53Eps Cyg,BD+33 4018,2.46,311.55,33.97027777777778
7950,2Eps Aqr,BD-10 5506,3.77,311.91666666666674,-9.495833333333332
7951,3    Aqr,BD-05 5378,4.42,311.93333333333334,-5.027777777777778
7952,Zet Ind,CD-4613718,4.89,312.3708333333333,-46.22694444444445
7953,13    Del,BD+05 4613,5.58,311.95,6.008333333333334
7954,,BD+02 4250,6.4,311.9458333333334,3.3066666666666666
7955,,BD+57 2240,4.51,311.3375,57.57972222222222
7956,,BD+33 4028,4.92,311.7916666666667,34.37416666666667
7957,3Eta Cep,BD+61 2050,3.43,311.3208333333334,61.83888888888889
7958,,BD+45 3270,6.3,311.6583333333333,46.531666666666666
7959,,CP-62 6180,6.28,312.90833333333336,-62.42916666666667
7961,,CD-2615282,5.86,312.3208333333333,-25.781388888888888
7962,,BD+52 2799,6.33,311.5875,52.99527777777778
7963,54Lam Cyg,BD+35 4267,4.53,311.85,36.490833333333335
7964,,BD-18 5783,6.21,312.33333333333337,-18.035833333333336
7965,Alp Mic,CD-3414660,4.9,312.4916666666667,-33.77972222222222
7966,,BD+45 3275,6.4,311.83333333333337,45.57972222222222
7968,Iot Ind,CP-5211782,5.05,312.875,-51.608333333333334
7969,,BD+47 3188,5.57,311.9541666666667,47.831944444444446
7970,,CD-3216236,6.36,312.6958333333333,-32.05444444444444
7971,,CD-3814250,5.52,312.75,-37.913333333333334
7972,,BD+51 2954,6.27,311.9666666666667,52.407222222222224
7973,15    Del,BD+12 4472,5.98,312.40416666666664,12.545277777777777
7974,14    Del,BD+07 4556,6.33,312.45,7.864166666666667
7975,,BD+05 4626,6.21,312.49583333333334,5.544722222222222
7976,,BD-13 5773,5.88,312.6708333333333,-12.545
7977,55    Cyg,BD+45 3291,4.84,312.23333333333335,46.11416666666667
7978,,BD+51 2957,6.29,312.175,51.910555555555554
7979,Bet Mic,CD-3315245,6.04,312.9916666666667,-33.17722222222222
7980,18Ome Cap,CD-2715082,4.11,312.95416666666665,-26.91916666666667
7982,4    Aqr,BD-06 5604,5.99,312.8541666666667,-5.626388888888889
7983,,BD+46 3067,6.33,312.475,46.66111111111111
7984,56    Cyg,BD+43 3739,5.04,312.51666666666665,44.059444444444445
7985,5    Aqr,BD-06 5606,5.55,313.03333333333336,-5.506944444444445
7986,Bet Ind,CP-58 7788,3.65,313.69999999999993,-58.45416666666667
7987,,CD-4014078,5.35,313.4166666666667,-39.809999999999995
7988,,BD+27 3890,5.77,312.86666666666673,28.250555555555554
7989,,CD-2416328,6.33,313.25416666666666,-23.783055555555556
7990,6Mu  Aqr,BD-09 5598,4.73,313.1625,-8.983333333333333
7991,,CD-3117917,6.35,313.35416666666663,-30.71861111111111
7992,,CD-5112748,6.24,313.6458333333333,-50.72777777777778
7993,,BD+63 1663,6.45,312.3208333333333,64.04222222222222
7994,,BD-12 5854,6.38,313.27083333333337,-11.573611111111111
7995,31    Vul,BD+26 4017,4.59,313.02916666666664,27.096944444444443
7996,,BD+32 3974,6.44,313.0,32.84916666666667
7997,,CD-2816975,6.41,313.525,-27.925555555555558
7998,,BD-07 5433,6.44,313.4916666666667,-6.889722222222222
7999,,BD+29 4221,6.34,313.27916666666664,29.649444444444445
8000,19    Cap,BD-18 5805,5.78,313.6958333333333,-17.923055555555557
8001,57    Cyg,BD+43 3755,4.78,313.3083333333333,44.38722222222222
8002,76    Dra,BD+81  718,5.75,310.6458333333333,82.53111111111112
8003,,BD+44 3617,5.45,313.325,45.18194444444444
8005,,BD+32 3980,5.47,313.4708333333333,33.437777777777775
8008,32    Vul,BD+27 3911,5.01,313.63749999999993,28.0575
8010,,BD+03 4461,6.05,313.9166666666667,4.532777777777778
8011,17    Del,BD+13 4572,5.17,313.90000000000003,13.721388888888889
8013,,CD-2615344,5.7,314.1958333333333,-26.29638888888889
8015,7    Aqr,BD-10 5553,5.51,314.225,-9.6975
8016,,BD+80  672,5.39,311.8875,80.55222222222221
8017,,BD-00 4132,6.05,314.29166666666663,0.46361111111111114
8018,,BD-16 5741,5.87,314.4166666666667,-16.031666666666666
8019,,CP-68 3398,6.37,315.3666666666667,-68.20972222222223
8020,,BD+46 3111,5.67,313.95416666666665,47.41777777777777
8021,Alp Oct,CP-77 1474,5.15,316.1791666666667,-77.02388888888889
8023,,BD+44 3639,5.96,314.14166666666665,44.925
8024,,BD-15 5848,6.01,314.6708333333333,-14.482777777777779
8025,,BD+50 3233,5.81,314.10416666666663,50.728611111111114
8026,,BD+48 3249,5.9,314.10416666666663,49.19583333333333
8027,,CD-5112778,5.76,315.0875,-51.265277777777776
8028,58Nu  Cyg,BD+40 4364,3.94,314.29166666666663,41.16722222222222
8029,,BD+56 2515,6.23,314.0708333333334,56.8875
8030,18    Del,BD+10 4425,5.48,314.60416666666663,10.839166666666667
8031,,CD-3614530,6.11,314.9958333333334,-36.12972222222222
8032,33    Vul,BD+21 4424,5.31,314.56666666666666,22.325833333333332
8033,20    Cap,BD-19 5982,6.25,314.90000000000003,-19.03527777777778
8034,1Eps Equ,BD+03 4473,5.23,314.7666666666667,4.293611111111111
8035,,BD+43 3777,5.55,314.57916666666665,44.47166666666667
8036,,BD+41 3949,6.16,314.62499999999994,41.94027777777777
8038,,BD+06 4718,5.99,315.0125,7.516388888888889
8039,Gam Mic,CD-3216353,4.67,315.3208333333333,-32.257777777777775
8040,,BD+49 3426,5.61,314.62499999999994,50.46222222222222
8041,11    Aqr,BD-05 5433,6.21,315.1375,-4.730277777777778
8043,,BD+75  764,6.05,313.6833333333333,75.92555555555556
8044,,BD+18 4675,5.65,315.1125,19.329444444444444
8045,,CD-2715197,6.05,315.4375,-26.88111111111111
8046,,CD-3914079,5.94,315.6125,-38.53055555555555
8047,59    Cyg,BD+46 3133,4.74,314.95416666666665,47.52111111111111
8048,Zet Mic,CD-3914089,5.3,315.7416666666667,-38.63166666666667
8049,,BD+58 2201,5.51,314.85416666666663,59.43861111111111
8050,,CD-2817077,6.25,315.79166666666663,-27.731944444444444
8051,,BD+35 4357,5.97,315.3,36.02611111111111
8053,60    Cyg,BD+45 3364,5.37,315.29166666666663,46.155833333333334
8055,Mu  Ind,CP-55 9509,5.16,316.3083333333333,-54.727222222222224
8056,,BD+00 4648,6.25,315.7625,1.5319444444444443
8057,,BD+14 4518,6.31,315.7541666666667,14.73
8060,22Eta Cap,BD-20 6115,4.84,316.1,-19.855
8061,,CP-73 2192,5.68,317.34166666666664,-73.17305555555556
8062,,BD+44 3679,6.19,315.6,44.79111111111111
8063,,BD+38 4325,6.07,315.76666666666665,38.6575
8064,,BD+45 3374,6.48,315.7,45.848888888888894
8065,,BD+56 2524,5.83,315.5375,56.66972222222222
8066,3    Equ,BD+04 4606,5.61,316.14166666666665,5.502777777777778
8067,,BD+02 4297,6.42,316.1708333333333,2.9419444444444447
8068,,BD+01 4418,6.33,316.1875,2.269722222222222
8069,Eta Mic,CD-4114379,5.53,316.6041666666667,-41.38611111111111
8070,Del Mic,CD-3018382,5.68,316.5041666666667,-30.125
8071,,BD+41 3987,6.33,315.96666666666664,41.628055555555555
8072,,BD+49 3448,6.37,315.85833333333335,50.35194444444445
8073,,CP-64 4094,5.76,317.1333333333333,-63.928888888888885
8074,,BD+46 3159,6.32,315.9291666666667,46.86194444444445
8075,23The Cap,BD-17 6174,4.07,316.4833333333333,-17.232777777777777
8076,,CD-3216398,5.18,316.6,-32.34166666666667
8077,4    Equ,BD+05 4697,5.94,316.3583333333333,5.958333333333334
8078,,BD+52 2859,5.9,315.9458333333334,53.28611111111111
8079,62Xi  Cyg,BD+43 3800,3.72,316.2291666666667,43.92777777777778
8080,24    Cap,CD-2515235,4.5,316.77916666666664,-25.00583333333333
8081,,CP-73 2195,6.2,317.83333333333337,-72.54416666666667
8082,,BD+26 4073,6.12,316.59583333333336,26.924444444444447
8083,,BD-18 5862,6.17,316.93333333333334,-17.455277777777777
8084,,BD+30 4318,5.82,316.625,31.184722222222224
8085,61    Cyg,BD+38 4343,5.21,316.725,38.74583333333334
8086,61    Cyg,BD+38 4344,6.03,316.7291666666667,38.74333333333333
8087,25Chi Cap,BD-21 5933,5.3,317.1375,-21.19361111111111
8088,,BD+15 4340,6.34,316.8875,15.658611111111112
8089,63    Cyg,BD+47 3292,4.55,316.65000000000003,47.64833333333333
8090,,BD+06 4754,6.15,317.1166666666667,6.989444444444445
8091,27    Cap,BD-21 5940,6.25,317.38749999999993,-20.55638888888889
8092,Omi Pav,CP-70 2835,5.02,318.3333333333333,-70.12638888888888
8093,13Nu  Aqr,BD-11 5538,4.51,317.3958333333333,-11.371666666666668
8094,,BD+29 4324,5.59,317.1583333333333,30.20583333333333
8095,,BD+02 4311,6.45,317.4916666666667,2.9433333333333334
8096,,BD-09 5674,6.27,317.69166666666666,-9.35388888888889
8097,5Gam Equ,BD+09 4732,4.69,317.58333333333337,10.131666666666668
8098,6    Equ,BD+09 4735,6.07,317.6291666666667,10.04888888888889
8099,,BD+70 1164,5.87,316.59583333333336,71.43194444444445
8100,,CD-4014216,5.83,318.0541666666667,-40.269444444444446
8102,,BD-15 5908,6.48,317.92083333333335,-14.472222222222223
8104,,CD-3914152,5.26,318.2625,-39.42527777777777
8106,,BD+52 2880,5.73,317.5625,53.56333333333333
8107,,BD+47 3322,6.46,317.6291666666667,47.69194444444444
8108,,CD-3614676,5.96,318.32499999999993,-36.42388888888889
8110,,CD-2817178,5.42,318.3208333333333,-27.619444444444444
8112,,BD+77  800,5.91,316.3708333333333,78.12638888888888
8114,,CP-5310015,5.75,318.9375,-53.26305555555555
8115,64Zet Cyg,BD+29 4348,3.2,318.2333333333333,30.22694444444444
8116,,BD+15 4375,6.27,318.3666666666667,15.9825
8117,,CD-4114440,6.21,318.80833333333334,-40.506388888888885
8119,,BD+59 2334,5.64,317.95,59.98638888888889
8120,,BD+36 4470,6.05,318.3583333333333,36.63361111111111
8121,,BD-00 4186,6.38,318.65416666666664,0.09222222222222222
8122,,BD-17 6216,6.04,318.775,-17.345
8123,7Del Equ,BD+09 4746,4.49,318.6166666666667,10.006944444444445
8124,,CD-3614699,6.12,318.94166666666666,-36.21083333333333
8125,,CP-65 3900,6.31,319.5,-64.68166666666667
8126,,BD+29 4354,6.17,318.5416666666667,29.90111111111111
8127,28Phi Cap,BD-21 5974,5.24,318.90416666666664,-20.651666666666664
8128,29    Cap,BD-15 5935,5.28,318.9333333333333,-15.171388888888888
8129,,CP-85  519,6.45,323.0166666666667,-84.81
8130,65Tau Cyg,BD+37 4240,3.72,318.6958333333334,38.04555555555555
8131,8Alp Equ,BD+04 4635,3.92,318.95416666666665,5.247777777777777
8132,,BD-02 5495,6.48,319.1625,-1.607777777777778
8133,,BD+63 1708,6.39,318.42499999999995,64.4038888888889
8134,,BD-13 5897,6.4,319.30416666666673,-13.27888888888889
8135,Eps Mic,CD-3216498,4.71,319.48333333333335,-32.1725
8136,,BD+47 3348,6.46,318.90000000000003,47.97361111111111
8137,30    Cap,BD-18 5903,5.43,319.4875,-17.985277777777778
8140,The Ind,CP-5310037,4.39,319.96666666666664,-53.44972222222222
8141,15    Aqr,BD-05 5512,5.82,319.54583333333335,-4.519444444444445
8142,,CD-2917692,6.4,319.725,-28.765555555555554
8143,67Sig Cyg,BD+38 4431,4.23,319.3541666666667,39.39472222222222
8144,,BD+42 4046,6.19,319.34583333333336,42.68333333333333
8145,,CD-4514302,6.0,320.0375,-45.02222222222222
8146,66Ups Cyg,BD+34 4371,4.43,319.47916666666674,34.89694444444444
8147,,BD+53 2588,6.13,319.2583333333333,53.9975
8149,,BD+10 4516,5.96,319.71666666666664,11.203333333333333
8150,,BD+55 2549,5.98,319.30833333333334,55.79805555555556
8151,The1Mic,CD-4114475,4.82,320.1875,-40.80972222222222
8152,,CD-5013325,6.38,320.3166666666667,-49.937777777777775
8153,,BD+57 2309,6.42,319.325,58.611666666666665
8154,68    Cyg,BD+43 3877,5.0,319.6125,43.94583333333333
8155,,BD+40 4485,6.15,319.7291666666667,41.04083333333333
8156,,CP-70 2844,6.41,321.06666666666666,-69.73416666666667
8157,,BD+37 4271,5.83,319.84166666666664,38.237500000000004
8158,,BD+21 4521,6.29,320.0583333333333,22.02638888888889
8159,,CP-72 2598,6.09,321.325,-71.79944444444445
8160,16    Aqr,BD-05 5524,5.87,320.2666666666667,-4.56
8161,,BD+48 3345,5.76,319.8666666666667,49.51027777777778
8162,5Alp Cep,BD+61 2111,2.44,319.64166666666665,62.58555555555556
8163,9    Equ,BD+06 4802,5.82,320.2666666666667,7.354444444444444
8164,,BD+58 2249,5.66,319.8125,58.62361111111111
8165,,BD+23 4294,5.57,320.2666666666667,23.855833333333333
8166,,BD+31 4425,5.68,320.2083333333333,32.45277777777778
8167,32Iot Cap,BD-17 6245,4.28,320.55833333333334,-16.834444444444443
8168,,BD+76  833,5.95,318.925,77.01222222222222
8169,,BD+32 4134,6.04,320.3416666666667,32.61277777777778
8170,,BD+39 4529,6.4,320.2541666666667,40.345555555555556
8171,6    Cep,BD+64 1527,5.18,319.84166666666664,64.87194444444444
8172,,CD-2316877,5.6,320.75,-22.66888888888889
8173,1    Peg,BD+19 4691,4.08,320.52083333333337,19.804444444444446
8174,,BD+80  690,6.15,318.3375,81.23083333333334
8175,17    Aqr,BD-09 5728,5.99,320.73333333333335,-9.319444444444445
8176,,CP-83  716,6.38,323.475,-82.68305555555555
8177,,CD-4713796,6.31,321.0833333333333,-46.615
8178,10Bet Equ,BD+06 4811,5.16,320.72083333333336,6.811111111111111
8179,,BD+60 2227,6.11,320.1375,60.75694444444444
8180,The2Mic,CD-4114503,5.77,321.1,-41.00666666666667
8181,Gam Pav,CP-65 3918,4.22,321.60833333333335,-65.36611111111111
8182,,BD+29 4397,6.05,320.67083333333335,30.309722222222224
8183,33    Cap,BD-21 6007,5.41,321.0375,-20.851944444444445
8184,,CD-2316889,6.38,321.02916666666664,-22.746944444444445
8185,,BD+48 3357,5.69,320.5,49.388888888888886
8187,18    Aqr,BD-13 5923,5.49,321.0458333333333,-12.878055555555555
8188,Gam Ind,CP-55 9586,6.12,321.5625,-54.660555555555554
8190,,BD+23 4300,5.71,320.9916666666667,24.274166666666666
8191,,BD+09 4800,6.35,321.1,10.174166666666666
8192,20    Aqr,BD-04 5444,6.36,321.2125,-3.3983333333333334
8194,,BD+24 4394,6.15,321.02916666666664,25.31222222222222
8195,19    Aqr,BD-10 5668,5.7,321.30416666666673,-9.74861111111111
8196,,CP-70 2850,5.34,322.1833333333333,-69.50527777777778
8197,,BD+23 4305,6.32,321.0958333333333,24.528888888888886
8198,,BD+25 4531,5.68,321.14166666666665,26.174444444444447
8199,21    Aqr,BD-04 5446,5.49,321.3208333333334,-3.5566666666666666
8200,,CD-3814551,5.63,321.59166666666664,-37.82944444444445
8201,,CP-80 1017,6.47,323.33333333333337,-80.03916666666666
8202,,CD-4314539,5.51,321.75416666666666,-42.547777777777775
8203,,BD-00 4215,6.46,321.46250000000003,0.5344444444444444
8204,34Zet Cap,BD-2215388,3.74,321.6666666666667,-22.411388888888887
8205,,BD+00 4726,6.13,321.6166666666667,1.1033333333333335
8207,35    Cap,BD-21 6020,5.78,321.8083333333333,-21.19611111111111
8208,,BD+46 3305,5.6,321.3291666666667,46.714444444444446
8209,69    Cyg,BD+36 4557,5.94,321.4458333333334,36.6675
8210,,BD+18 4794,6.07,321.60833333333335,19.375555555555557
8211,,CP-54 9872,6.39,322.25,-53.70583333333334
8213,36    Cap,BD-22 5692,4.51,322.1791666666667,-21.807222222222222
8215,70    Cyg,BD+36 4568,5.31,321.8375,37.11666666666667
8216,,BD+48 3390,5.31,321.71250000000003,48.835
8217,35    Vul,BD+26 4164,5.41,321.9166666666667,27.608611111111113
8218,,BD+52 2939,6.03,321.6875,52.89861111111111
8219,,BD+07 4696,6.4,322.09999999999997,8.195555555555556
8220,,BD+31 4462,5.8,322.0333333333333,32.22527777777778
8221,,BD+17 4592,6.44,322.24583333333334,17.90583333333333
8223,,BD+21 4555,5.93,322.24583333333334,22.179444444444446
8224,,BD+59 2383,6.1,321.85416666666663,59.75
8225,2    Peg,BD+23 4325,4.57,322.48333333333335,23.63888888888889
8226,,BD+54 2544,6.12,322.21666666666664,55.41861111111111
8227,7    Cep,BD+66 1405,5.44,321.94166666666666,66.80916666666667
8228,71    Cyg,BD+45 3558,5.24,322.3625,46.54055555555556
8229,Xi  Gru,CD-4114550,5.29,323.02083333333337,-41.17916666666667
8230,6    PsA,CD-3415110,5.97,323.05833333333334,-33.94472222222222
8231,,BD+11 4583,6.08,322.7875,12.1375
8232,22Bet Aqr,BD-06 5770,2.91,322.8875,-5.571111111111111
8233,,CP-5310092,6.41,323.3208333333334,-52.737500000000004
8234,,CP-79 1158,6.18,324.7333333333333,-79.44250000000001
8235,,CD-2515479,6.43,323.1375,-24.590555555555554
8236,,CD-4514367,5.57,323.34583333333336,-44.84861111111111
8237,,BD+52 2957,6.02,322.58333333333337,52.95805555555556
8238,8Bet Cep,BD+69 1173,3.23,322.16249999999997,70.56083333333333
8239,,BD+79  707,5.97,321.20416666666665,80.52472222222222
8241,,CD-4314602,6.32,323.5708333333333,-42.925
8242,,BD+51 3079,6.16,322.8625,52.62
8243,,BD+59 2395,5.53,322.74583333333334,60.45944444444445
8244,,CD-3018703,6.41,323.7208333333333,-29.69611111111111
8245,37    Cap,BD-20 6237,5.69,323.71250000000003,-20.084444444444443
8246,,BD+49 3553,5.75,323.23333333333335,49.97777777777778
8247,,CD-2416729,6.4,323.8125,-23.454166666666666
8248,,BD+45 3584,6.25,323.3208333333334,45.85416666666667
8249,,CP-65 3937,6.2,324.5083333333333,-64.82416666666666
8250,,BD+22 4431,6.47,323.64166666666665,22.754722222222224
8251,,BD-04 5489,5.77,323.8208333333333,-3.9830555555555556
8252,73Rho Cyg,BD+44 3865,4.02,323.4916666666667,45.591944444444444
8253,8    PsA,CD-2615702,5.73,324.04583333333335,-26.17138888888889
8254,Nu  Oct,CP-77 1510,3.76,325.3666666666667,-77.39
8255,72    Cyg,BD+37 4359,4.9,323.69166666666666,38.534166666666664
8256,7    PsA,CD-3315664,6.11,324.2,-33.04805555555556
8257,,BD+27 4107,6.31,323.82916666666665,28.197222222222223
8258,,BD+23 4346,6.11,323.8625,24.452222222222222
8259,,BD+51 3091,6.15,323.6125,51.69833333333333
8260,39Eps Cap,BD-20 6251,4.68,324.26666666666665,-19.46611111111111
8262,,BD+44 3877,5.53,324.0083333333333,45.374722222222225
8263,,BD-01 4180,6.25,324.3875,-0.3902777777777778
8264,23Xi  Aqr,BD-08 5701,4.69,324.4375,-7.854166666666666
8265,3    Peg,BD+05 4830,6.18,324.4291666666667,6.618333333333334
8266,74    Cyg,BD+39 4612,5.01,324.2375,40.41361111111111
8267,5    Peg,BD+18 4827,5.45,324.4375,19.31861111111111
8268,,CD-3415163,6.28,324.775,-33.67916666666667
8269,,CP-5211911,6.21,324.99583333333334,-52.35916666666667
8270,4    Peg,BD+05 4834,5.67,324.62916666666666,5.7716666666666665
8271,,CP-56 9700,6.33,325.1375,-55.737500000000004
8272,,BD+44 3889,6.2,324.3625,44.696666666666665
8273,,BD-11 5640,6.08,324.8666666666667,-10.576944444444445
8274,,BD+24 4445,6.16,324.6875,25.49888888888889
8275,,BD+53 2659,6.15,324.40833333333336,54.04222222222222
8276,,BD+19 4754,5.85,324.75416666666666,20.26527777777778
8277,25    Aqr,BD+01 4517,5.1,324.88749999999993,2.243611111111111
8278,40Gam Cap,BD-17 6340,3.68,325.02083333333337,-16.66222222222222
8279,9    Cep,BD+61 2169,4.73,324.4791666666667,62.081944444444446
8280,Lam Oct,CP-83  722,5.29,327.72499999999997,-82.71916666666667
8281,,BD+56 2617,5.62,324.7375,57.48916666666667
8282,,CD-2515545,6.49,325.44166666666666,-25.101944444444445
8283,42    Cap,BD-14 6102,5.18,325.3833333333334,-14.0475
8284,75    Cyg,BD+42 4177,5.11,325.04583333333335,43.27388888888889
8285,41    Cap,CD-2317057,5.24,325.5,-23.262777777777778
8286,,CP-71 2632,6.01,326.3666666666667,-71.00888888888889
8287,26    Aqr,BD+00 4770,5.67,325.54166666666663,1.2852777777777777
8288,43Kap Cap,BD-19 6152,4.73,325.6625,-18.866388888888892
8289,7    Peg,BD+05 4850,5.3,325.5625,5.680000000000001
8290,,BD+54 2595,6.2,325.1791666666667,54.87222222222222
8291,76    Cyg,BD+40 4611,6.11,325.39166666666665,40.805277777777775
8292,,BD+10 4604,6.09,325.6375,10.824722222222222
8293,,BD-20 6270,6.22,325.8041666666667,-19.620833333333334
8295,44    Cap,BD-15 6046,5.88,325.76666666666665,-14.399722222222222
8297,,BD+34 4500,6.07,325.50416666666666,35.51027777777778
8298,,BD+45 3637,6.17,325.5333333333333,45.76583333333333
8299,,CD-3914405,6.3,326.12083333333334,-38.552499999999995
8300,77    Cyg,BD+40 4615,5.69,325.59166666666664,41.077222222222225
8301,80Pi 1Cyg,BD+50 3410,4.67,325.5208333333333,51.189722222222215
8302,45    Cap,BD-15 6052,5.99,326.0041666666667,-14.749444444444444
8303,,CD-5013463,6.45,326.32916666666665,-49.49861111111111
8304,,BD+48 3480,6.09,325.6583333333333,49.60027777777778
8305,9Iot PsA,CD-3315734,4.34,326.23333333333335,-33.02583333333333
8306,,BD+40 4623,5.49,325.775,41.155
8308,8Eps Peg,BD+09 4891,2.39,326.04583333333335,9.875
8311,46    Cap,BD-09 5829,5.09,326.25,-9.0825
8312,,BD+58 2314,6.08,325.6875,59.27111111111111
8313,9    Peg,BD+16 4582,4.34,326.125,17.35
8314,,BD+14 4668,5.94,326.12916666666666,14.771944444444445
8315,10Kap Peg,BD+24 4463,4.13,326.15833333333336,25.645
8316,Mu  Cep,BD+58 2316,4.08,325.87499999999994,58.78
8317,11    Cep,BD+70 1193,4.56,325.4791666666667,71.31138888888889
8318,47    Cap,BD-09 5833,6.0,326.56666666666666,-9.275833333333335
8319,48Lam Cap,BD-12 6087,5.58,326.6333333333333,-11.365833333333333
8320,,BD+35 4626,6.4,326.4333333333333,35.85722222222223
8321,12    Peg,BD+22 4472,5.29,326.51666666666665,22.948888888888888
8322,49Del Cap,BD-16 5943,2.87,326.7583333333333,-16.127222222222223
8323,,CD-4713928,5.58,327.0625,-47.30361111111111
8324,,BD+71 1082,5.17,325.76666666666665,72.32027777777778
8325,,BD+24 4473,6.28,326.6,25.563333333333333
8326,10The PsA,CD-3118466,5.01,326.93333333333334,-30.898333333333333
8327,,BD+61 2193,5.95,326.22083333333336,62.46055555555556
8328,11    Peg,BD+02 4414,5.64,326.80833333333334,2.6861111111111113
8330,,BD+16 4598,6.21,326.7666666666667,17.194166666666668
8331,,CP-65 3951,5.62,327.5,-64.7125
8332,,BD-06 5827,6.17,326.90833333333336,-5.917222222222223
8333,Omi Ind,CP-70 2873,5.53,327.6958333333333,-69.62944444444443
8334,10Nu  Cep,BD+60 2288,4.29,326.35833333333335,61.12083333333334
8335,81Pi 2Cyg,BD+48 3504,4.23,326.6958333333333,49.309444444444445
8337,,BD-13 6027,6.31,327.4208333333333,-12.723055555555556
8338,,BD+37 4427,6.12,327.12083333333334,38.64861111111111
8339,12    Cep,BD+60 2294,5.52,326.8541666666667,60.69277777777778
8340,,BD-17 6389,6.38,327.5541666666667,-16.84472222222222
8341,,BD+19 4793,6.29,327.35833333333335,20.4625
8343,14    Peg,BD+29 4525,5.04,327.4583333333333,30.174166666666668
8344,13    Peg,BD+16 4612,5.29,327.5333333333333,17.285555555555558
8345,,BD+40 4648,6.48,327.4166666666667,41.14888888888889
8346,,BD-19 6176,6.16,327.92083333333335,-18.623055555555556
8347,,BD+60 2300,6.17,327.32916666666665,61.272777777777776
8348,,BD+19 4797,5.77,327.8916666666667,19.826666666666668
8349,,BD+38 4621,6.17,327.7666666666667,39.53666666666666
8351,51Mu  Cap,BD-14 6149,5.08,328.3208333333333,-13.551666666666668
8352,,CP-62 6277,5.9,328.79583333333335,-61.88638888888889
8353,Gam Gru,CD-3714536,3.01,328.4791666666667,-37.365
8354,15    Peg,BD+28 4215,5.53,328.12083333333334,28.793333333333337
8356,16    Peg,BD+25 4635,5.08,328.2625,25.925
8357,,BD+55 2639,5.71,328.00416666666666,55.79694444444444
8358,,BD+18 4879,5.68,328.40416666666664,19.668333333333333
8359,,BD+06 4919,6.15,328.4875,6.864444444444444
8360,,BD-04 5568,5.71,328.54166666666663,-4.276111111111111
8361,,BD+65 1664,6.37,327.9041666666667,65.75277777777778
8362,Pi  Ind,CP-58 7911,6.19,329.05833333333334,-57.89944444444444
8363,,BD-03 5329,6.2,328.6458333333333,-3.301111111111111
8364,,BD+19 4814,6.39,328.5708333333333,19.71833333333333
8365,,CD-3118541,6.41,328.9791666666667,-30.60638888888889
8366,,CD-3714565,5.46,329.09166666666664,-37.25361111111111
8367,,CD-3814801,6.18,329.2583333333333,-37.746944444444445
8368,Del Ind,CP-55 9733,4.4,329.4791666666667,-54.9925
8369,Kap1Ind,CP-59 7744,6.12,329.62499999999994,-59.01222222222222
8370,,CP-78 1430,6.41,330.46666666666664,-77.66250000000001
8371,13    Cep,BD+55 2644,5.8,328.7208333333333,56.61138888888889
8372,,BD+20 5046,6.4,329.1,21.239722222222223
8373,17    Peg,BD+11 4696,5.54,329.23333333333335,12.07638888888889
8374,,BD+60 2318,6.13,328.83333333333337,61.54194444444444
8375,,BD+64 1607,5.86,328.8791666666667,65.32083333333333
8376,,BD-06 5878,6.33,329.5541666666667,-5.424722222222223
8377,,BD+47 3618,6.42,329.2583333333333,48.66861111111111
8378,,BD-21 6131,6.12,329.6791666666667,-21.18277777777778
8379,,CD-3814820,5.5,329.8208333333334,-38.39527777777778
8380,,CP-76 1542,5.95,330.7625,-76.11861111111111
8381,,CP-56 9784,6.01,330.1,-55.882777777777775
8382,,BD-05 5674,6.22,329.7291666666667,-4.373055555555555
8383,,BD+62 2007,4.91,329.1625,63.62555555555556
8384,,BD+65 1691,6.43,329.2958333333333,66.15611111111112
8385,18    Peg,BD+06 4940,6.0,330.02916666666664,6.7175
8386,12Eta PsA,CD-2918119,5.42,330.2083333333333,-28.453611111111112
8387,Eps Ind,CP-5710015,4.69,330.8375,-56.78611111111111
8388,,BD+62 2010,5.93,329.7208333333333,62.69833333333333
8390,28    Aqr,BD-00 4296,5.58,330.2708333333333,0.605
8391,,BD+32 4316,6.46,330.10833333333335,33.00611111111111
8392,20    Peg,BD+12 4737,5.6,330.2708333333333,13.119722222222222
8393,19    Peg,BD+07 4779,5.65,330.2875,8.257222222222222
8394,,BD-18 6056,6.28,330.54583333333335,-17.90361111111111
8395,,BD+74  946,6.35,329.46250000000003,74.99666666666667
8396,29    Aqr,BD-17 6422,6.37,330.60833333333335,-16.964166666666667
8397,,BD+10 4676,6.37,330.5041666666667,10.973888888888888
8400,16    Cep,BD+72 1009,5.03,329.8125,73.18
8401,30    Aqr,BD-07 5688,5.54,330.81666666666666,-6.5225
8402,31Omi Aqr,BD-02 5681,4.69,330.825,-2.1552777777777776
8403,,BD+52 3083,5.78,330.4583333333333,52.882222222222225
8404,21    Peg,BD+10 4681,5.8,330.82916666666665,11.386388888888888
8405,13    PsA,CD-3018985,6.47,331.0958333333333,-29.916666666666668
8406,14    Cep,BD+57 2441,5.56,330.5166666666667,58.00055555555556
8407,,BD+43 4119,5.6,330.73333333333335,44.65
8408,,CD-2715757,5.96,331.15000000000003,-26.822499999999998
8409,Kap2Ind,CP-60 7541,5.62,331.4583333333333,-59.63611111111111
8410,32    Aqr,BD-01 4242,5.3,331.1958333333333,-0.9066666666666667
8411,Lam Gru,CD-4014639,4.46,331.525,-39.54333333333333
8412,,BD+32 4329,6.38,331.14166666666665,32.94194444444444
8413,22Nu  Peg,BD+04 4800,4.84,331.4166666666667,5.0586111111111105
8414,34Alp Aqr,BD-01 4246,2.96,331.4458333333333,-0.3197222222222222
8415,,BD+25 4671,5.78,331.2958333333333,26.67388888888889
8416,18    Cep,BD+62 2028,5.29,330.96666666666664,63.11972222222222
8417,17Xi  Cep,BD+63 1802,4.29,330.9458333333334,64.62777777777777
8418,33Iot Aqr,BD-14 6209,4.27,331.60833333333335,-13.869722222222222
8419,23    Peg,BD+28 4284,5.7,331.39166666666665,28.96388888888889
8421,,BD+46 3574,6.13,331.31666666666666,46.74472222222222
8422,,BD+44 4041,6.44,331.4583333333333,45.11222222222222
8424,,BD+44 4043,5.14,331.5083333333333,45.01444444444444
8425,Alp Gru,CD-4714063,1.74,332.0583333333333,-46.961111111111116
8426,20    Cep,BD+62 2029,5.27,331.25,62.785555555555554
8427,,BD+47 3692,6.27,331.4625,48.23166666666667
8428,19    Cep,BD+61 2246,5.11,331.2833333333333,62.28
8429,,BD+44 4044,6.19,331.55,45.24861111111111
8430,24Iot Peg,BD+24 4533,3.76,331.75,25.345
8431,14Mu  PsA,CD-3315922,4.5,332.0958333333333,-32.98861111111111
8432,,CP-76 1549,6.15,332.9791666666667,-76.11611111111111
8433,Ups PsA,CD-3415421,4.99,332.1083333333333,-34.04388888888889
8434,,BD+55 2679,6.39,331.55416666666673,56.34305555555556
8436,,BD+17 4693,6.35,331.875,18.000555555555554
8437,,CD-3315926,6.37,332.175,-33.12555555555556
8438,25    Peg,BD+21 4695,5.78,331.95833333333337,21.702777777777776
8439,35    Aqr,BD-19 6227,5.81,332.24583333333334,-18.51972222222222
8440,,CD-4814143,6.43,332.4916666666667,-48.10722222222223
8441,,BD+24 4540,6.11,332.0708333333333,25.54361111111111
8442,,BD+58 2393,6.32,331.7875,58.840833333333336
8443,,BD+52 3114,6.14,331.85416666666663,53.30722222222222
8444,,CD-3415430,5.37,332.4791666666667,-34.014722222222225
8446,,CD-2817622,6.44,332.5,-28.2925
8447,15Tau PsA,CD-3315941,4.92,332.53333333333336,-32.54833333333333
8448,,BD+45 3813,6.11,332.1708333333333,45.74194444444444
8449,27Pi 1Peg,BD+32 4349,5.58,332.3041666666667,33.17222222222222
8450,26The Peg,BD+05 4961,3.53,332.55,6.197777777777778
8451,,BD-04 5623,6.27,332.5875,-3.8941666666666666
8452,38    Aqr,BD-12 6196,5.46,332.6541666666667,-11.565000000000001
8453,,BD-04 5625,6.01,332.6375,-4.267222222222222
8454,29Pi 2Peg,BD+32 4352,4.29,332.49583333333334,33.17833333333333
8455,,BD+18 4946,6.18,332.5791666666667,19.616944444444446
8456,,BD+13 4861,6.33,332.5916666666667,14.63
8457,,BD-21 6173,6.09,332.7583333333333,-21.232499999999998
8458,,BD+10 4701,5.78,332.6541666666667,11.624444444444444
8459,28    Peg,BD+20 5093,6.46,332.625,20.978055555555553
8460,,BD+29 4604,6.32,332.71250000000003,30.553055555555556
8461,,BD+15 4592,5.95,332.96250000000003,16.040555555555557
8462,39    Aqr,BD-14 6229,6.03,333.10416666666663,-14.193888888888889
8463,,BD+50 3602,5.4,332.7875,50.82333333333334
8464,,CD-2616033,6.17,333.2375,-26.32777777777778
8465,21Zet Cep,BD+57 2475,3.35,332.71250000000003,58.20111111111111
8466,,BD+24 4548,5.92,333.0333333333333,24.95
8467,,BD-05 5732,6.39,333.1791666666667,-4.720833333333333
8468,24    Cep,BD+71 1111,4.79,332.44999999999993,72.3411111111111
8469,22Lam Cep,BD+58 2402,5.04,332.875,59.41444444444444
8470,,CD-2515815,5.58,333.4333333333333,-25.180833333333336
8471,Psi Oct,CP-78 1442,5.51,334.45833333333337,-77.51166666666667
8472,,BD+56 2727,5.24,332.95,56.839444444444446
8473,,BD+71 1112,6.37,332.5625,72.1111111111111
8474,,BD+69 1228,5.5,332.65833333333336,70.13277777777778
8475,,BD+33 4456,5.33,333.1958333333333,34.60472222222222
8476,,BD+58 2403,6.3,332.98333333333335,59.084722222222226
8477,,CD-4114804,6.23,333.65833333333336,-41.38166666666667
8478,16Lam PsA,CD-2817653,5.43,333.575,-27.766944444444444
8479,,BD+60 2358,5.35,333.00416666666666,60.75944444444445
8480,41    Aqr,BD-21 6180,5.32,333.575,-21.074166666666667
8481,Eps Oct,CP-81  995,5.1,335.00416666666666,-80.43972222222223
8482,,BD+27 4280,5.89,333.4083333333333,28.608333333333334
8483,,BD+62 2048,5.79,333.09166666666664,63.29138888888889
8484,,CD-4514644,6.1,333.89583333333337,-44.45194444444445
8485,,BD+38 4711,4.49,333.46666666666664,39.715
8486,Mu 1Gru,CD-4114810,4.79,333.90000000000003,-41.34666666666667
8487,,BD+44 4073,5.53,333.45416666666665,45.44083333333333
8488,Mu 2Gru,CD-4215846,5.1,334.1083333333333,-41.6275
8489,,BD+42 4333,5.71,333.68333333333334,42.95388888888889
8490,,BD+62 2053,6.11,333.45416666666665,63.1625
8491,,BD+07 4834,6.21,333.99583333333334,8.549444444444445
8492,,CD-2616057,6.15,334.15416666666664,-25.898333333333333
8493,,BD+72 1022,6.08,333.21666666666664,73.30722222222222
8494,23Eps Cep,BD+56 2741,4.19,333.7583333333333,57.04361111111111
8495,,BD-02 5726,6.15,334.1375,-1.596388888888889
8496,42    Aqr,BD-13 6148,5.34,334.2,-12.831388888888888
8497,,CD-2317344,6.17,334.24583333333334,-23.14
8498,1    Lac,BD+37 4526,4.13,333.9916666666667,37.74888888888889
8499,43The Aqr,BD-08 5845,4.16,334.2083333333333,-7.783333333333333
8500,,BD-09 5948,5.79,334.21666666666664,-9.04
8501,,CP-5410055,5.37,334.5625,-53.62777777777778
8502,Alp Tuc,CP-60 7561,2.86,334.625,-60.25972222222222
8503,,BD+27 4288,6.37,334.1208333333333,27.804166666666667
8504,44    Aqr,BD-06 5960,5.75,334.275,-5.387222222222222
8505,Ups Oct,CP-86  406,5.77,337.90416666666664,-85.96722222222222
8506,,BD+56 2746,5.88,334.1083333333333,57.22027777777778
8507,,BD-00 4333,6.39,334.51666666666665,-0.23777777777777778
8508,45    Aqr,BD-14 6255,5.95,334.75,-13.305000000000001
8509,,CP-58 7942,6.34,335.15,-57.51
8510,,BD+37 4537,6.17,334.73333333333335,37.769444444444446
8511,25    Cep,BD+62 2059,5.75,334.55,62.80444444444444
8512,46Rho Aqr,BD-08 5855,5.37,335.0458333333333,-7.821111111111111
8513,30    Peg,BD+05 4998,5.37,335.1125,5.789444444444444
8514,,BD+07 4853,6.17,335.2291666666667,8.186666666666667
8515,Nu  Ind,CP-72 2690,5.29,336.15,-72.25555555555556
8516,47    Aqr,BD-22 5897,5.13,335.39583333333337,-21.598333333333333
8517,,BD+26 4410,6.47,335.25,26.935277777777777
8518,48Gam Aqr,BD-02 5741,3.84,335.4125,-1.3872222222222221
8520,31    Peg,BD+11 4784,5.01,335.3791666666667,12.205277777777777
8522,32    Peg,BD+27 4299,4.81,335.3291666666667,28.330555555555556
8523,2    Lac,BD+45 3894,4.57,335.2541666666667,46.53666666666666
8524,Pi 2Gru,CD-4614295,5.62,335.7833333333333,-45.92861111111111
8526,,CP-75 1748,6.04,336.46250000000003,-75.01555555555555
8527,,CP-71 2686,5.78,336.2916666666667,-70.43166666666667
8528,,BD+41 4469,6.41,335.45833333333337,42.07833333333333
8529,49    Aqr,CD-2515905,5.53,335.875,-24.7625
8530,,BD-07 5765,5.93,335.8833333333333,-7.194444444444445
8531,,CP-58 7954,5.32,336.2333333333333,-57.79722222222222
8533,51    Aqr,BD-05 5780,5.78,336.025,-4.836944444444444
8534,50    Aqr,BD-14 6276,5.76,336.11249999999995,-13.529444444444445
8535,,BD+56 2765,6.16,335.75,57.28444444444444
8536,,BD+37 4560,6.22,335.975,38.57361111111111
8537,,BD+61 2291,6.04,335.75,62.419999999999995
8538,3Bet Lac,BD+51 3358,4.43,335.8875,52.22916666666667
8539,52Pi  Aqr,BD+00 4872,4.66,336.3166666666667,1.3775
8540,Del Tuc,CP-65 4044,4.48,336.8333333333333,-64.96638888888889
8541,4    Lac,BD+48 3715,4.57,336.12916666666666,49.47638888888889
8542,,CD-2417171,6.29,336.54166666666663,-23.6825
8543,,BD+17 4746,6.26,336.4166666666667,18.444444444444446
8546,,BD+85  383,5.27,333.29166666666663,86.10805555555555
8547,,CP-68 3493,5.55,337.15416666666664,-67.48916666666666
8548,34    Peg,BD+03 4705,5.75,336.65416666666664,4.393611111111111
8549,,BD+36 4835,6.46,336.6875,37.443888888888885
8551,35    Peg,BD+03 4710,4.79,336.96250000000003,4.695555555555556
8552,Nu  Gru,CD-3914723,5.47,337.16249999999997,-39.13194444444444
8553,,BD+39 4841,6.14,336.8583333333333,39.80972222222222
8555,,BD+31 4701,5.98,336.94166666666666,31.840277777777775
8556,Del1Gru,CD-4414931,3.97,337.3166666666667,-43.495555555555555
8557,,BD+70 1240,5.47,336.5,70.77083333333333
8560,Del2Gru,CD-4414935,4.11,337.4375,-43.74944444444444
8561,26    Cep,BD+64 1664,5.46,336.7708333333333,65.13222222222221
8562,36    Peg,BD+08 4874,5.58,337.28333333333336,9.12888888888889
8563,,CD-2715932,5.95,337.44166666666666,-27.107222222222223
8564,,BD+26 4439,5.79,337.2916666666667,26.763055555555557
8565,,BD-13 6204,6.4,337.50416666666666,-12.915000000000001
8566,37    Peg,BD+03 4713,5.48,337.4916666666667,4.431666666666667
8567,56    Aqr,BD-15 6231,6.37,337.5708333333334,-14.585833333333333
8568,,BD+63 1852,6.29,337.07916666666665,64.08555555555554
8570,Zet PsA,CD-2616175,6.43,337.7208333333333,-26.07361111111111
8571,27Del Cep,BD+57 2548,3.75,337.2916666666667,58.415277777777774
8572,5    Lac,BD+46 3719,4.36,337.37916666666666,47.706944444444446
8573,57Sig Aqr,BD-11 5850,4.82,337.6583333333333,-10.678055555555554
8574,38    Peg,BD+31 4708,5.65,337.50416666666666,32.572500000000005
8575,,BD+48 3747,6.4,337.525,49.35611111111111
8576,17Bet PsA,CD-3217126,4.29,337.875,-32.346111111111114
8577,,CP-79 1206,6.15,338.8583333333333,-78.77166666666666
8578,28Rho1Cep,BD+78  796,5.83,336.675,78.78583333333333
8579,6    Lac,BD+42 4420,4.51,337.62083333333334,43.123333333333335
8580,,BD-03 5460,6.16,337.825,-2.911111111111111
8581,,BD-07 5797,6.14,337.825,-6.555
8582,Nu  Tuc,CP-62 6348,4.81,338.25,-61.98222222222223
8583,58    Aqr,BD-11 5855,6.38,337.9208333333333,-10.905555555555557
8584,,BD+28 4389,6.35,337.89166666666665,29.54277777777778
8585,7Alp Lac,BD+49 3875,3.77,337.8208333333333,50.2825
8586,39    Peg,BD+19 4949,6.42,338.14583333333337,20.229999999999997
8587,,BD+15 4670,6.32,338.1916666666667,15.863333333333333
8588,,BD+39 4871,5.88,338.10833333333335,39.77972222222222
8590,60    Aqr,BD-02 5781,5.89,338.5083333333333,-1.5741666666666667
8591,29Rho2Cep,BD+78  801,5.5,337.46666666666664,78.82416666666666
8592,59Ups Aqr,BD-21 6251,5.2,338.6708333333333,-20.708333333333332
8593,,CP-58 7971,6.23,338.96666666666664,-57.88361111111111
8594,,BD+55 2769,5.71,338.4166666666667,56.625
8596,,CD-2417232,5.97,338.9,-23.991111111111113
8597,62Eta Aqr,BD-00 4384,4.02,338.8375,-0.11750000000000001
8598,,BD+69 1263,6.34,338.3208333333334,70.37388888888889
8599,,BD+75  836,5.68,338.0666666666667,76.22638888888889
8600,Sig1Gru,CD-4114959,6.28,339.12083333333334,-40.58277777777778
8601,,CD-3217161,5.82,339.14583333333337,-31.663888888888888
8602,Sig2Gru,CD-4114963,5.86,339.2416666666667,-40.59111111111111
8603,8    Lac,BD+38 4808,5.73,338.96666666666664,39.634166666666665
8604,,BD+34 4728,6.1,339.0291666666667,35.577222222222225
8605,,BD+10 4781,6.4,339.15000000000003,11.696944444444444
8606,,BD+49 3903,6.29,338.9708333333333,50.071111111111115
8607,,BD+55 2779,6.38,338.9625,56.07
8608,,BD+11 4838,6.3,339.26666666666665,12.577222222222222
8609,,BD+34 4729,6.3,339.2,35.652499999999996
8610,63Kap Aqr,BD-04 5716,5.03,339.4375,-4.228055555555556
8612,,BD-08 5912,6.23,339.59166666666664,-7.897777777777777
8613,9    Lac,BD+50 3770,4.63,339.34166666666664,51.54527777777778
8614,,CD-2918414,6.47,339.6833333333333,-28.747777777777777
8615,31    Cep,BD+72 1049,5.08,338.94166666666666,73.64305555555556
8616,,CD-3316160,5.66,339.71250000000003,-33.081388888888895
8618,40    Peg,BD+18 5014,5.82,339.71666666666664,19.522222222222222
8619,,CD-2817873,6.31,339.9333333333333,-28.325277777777778
8620,,CP-58 7984,5.97,340.2,-57.42222222222222
8622,10    Lac,BD+38 4826,4.88,339.8125,39.05027777777777
8623,,CD-3118920,5.87,340.0916666666667,-30.65888888888889
8625,,BD+74  978,5.79,339.3041666666667,75.37166666666666
8626,,BD+36 4902,6.03,339.89166666666665,37.59277777777778
8627,30    Cep,BD+62 2102,5.19,339.6625,63.58444444444444
8628,18Eps PsA,CD-2716010,4.17,340.1625,-27.04361111111111
8629,,BD-04 5728,6.31,340.2,-3.5541666666666667
8630,Bet Oct,CP-82  889,4.15,341.5125,-81.38166666666666
8631,,BD+13 4971,5.71,340.21666666666664,14.549444444444445
8632,11    Lac,BD+43 4266,4.46,340.125,44.27638888888889
8633,,BD+53 2950,5.93,340.075,53.846111111111114
8634,42Zet Peg,BD+10 4797,3.4,340.3625,10.831388888888888
8635,,CD-4714307,5.98,340.65000000000003,-47.21055555555556
8636,Bet Gru,CD-4714308,2.1,340.6666666666667,-46.88472222222222
8637,19    PsA,CD-3019267,6.17,340.59166666666664,-29.360833333333336
8639,,CD-4415017,6.07,340.6791666666667,-44.24777777777778
8640,12    Lac,BD+39 4912,5.25,340.3666666666667,40.22555555555556
8641,43Omi Peg,BD+28 4436,4.79,340.4375,29.3075
8642,,BD+13 4974,5.9,340.4875,14.516388888888889
8644,Rho Gru,CD-4216049,4.85,340.87499999999994,-41.41444444444444
8645,,BD-09 6038,6.45,340.7625,-8.311666666666667
8646,,CP-61 6676,6.3,341.0666666666667,-60.49944444444444
8647,67    Aqr,BD-07 5838,6.41,340.8083333333333,-6.962777777777778
8648,,BD+53 2960,6.12,340.5833333333333,53.90888888888889
8649,66    Aqr,BD-19 6324,4.69,340.8958333333333,-18.830277777777777
8650,44Eta Peg,BD+29 4741,2.94,340.75,30.22138888888889
8651,,BD+37 4670,6.43,340.7291666666667,37.80277777777778
8652,,BD+46 3803,6.39,340.76666666666665,47.16861111111111
8654,,BD+38 4855,5.95,341.02083333333337,39.46555555555556
8655,Eta Gru,CP-5410123,4.85,341.40416666666664,-53.500277777777775
8656,13    Lac,BD+41 4594,5.08,341.02083333333337,41.81916666666667
8657,,CD-4714320,5.51,341.4166666666667,-46.5475
8659,,CD-5013788,6.48,341.6166666666667,-49.68583333333333
8660,45    Peg,BD+18 5046,6.25,341.3666666666667,19.366666666666667
8663,Xi  Oct,CP-80 1055,5.35,342.59166666666664,-80.12416666666665
8665,46Xi  Peg,BD+11 4875,4.19,341.6708333333333,12.172777777777776
8666,,BD+43 4300,5.76,341.54166666666663,44.54611111111111
8667,47Lam Peg,BD+22 4709,3.95,341.62916666666666,23.565555555555555
8668,,CD-3415735,6.28,341.8291666666667,-34.16111111111111
8669,,CP-62 6369,6.37,342.0875,-61.68416666666666
8670,68    Aqr,BD-20 6486,5.26,341.8875,-19.613333333333333
8672,,CP-71 2726,6.34,342.3208333333333,-70.34777777777778
8673,69Tau1Aqr,BD-14 6346,5.66,341.925,-14.05638888888889
8674,,CD-2616324,6.3,341.98333333333335,-25.911944444444444
8675,Eps Gru,CD-5113389,3.49,342.1375,-51.316944444444445
8676,70    Aqr,BD-11 5923,6.19,342.125,-10.555555555555557
8677,,BD+57 2612,6.36,341.84583333333336,58.48277777777778
8678,,BD+36 4934,5.9,342.04166666666663,37.416666666666664
8679,71Tau2Aqr,BD-14 6354,4.01,342.3958333333333,-13.592500000000001
8680,,CD-3316244,6.33,342.49583333333334,-32.805277777777775
8682,,BD+53 2993,6.12,342.1958333333334,54.415
8683,,BD+62 2115,6.06,342.18333333333334,62.93833333333333
8684,48Mu  Peg,BD+23 4615,3.48,342.5,24.601666666666667
8685,,CD-3914848,5.42,342.7583333333333,-39.15694444444444
8686,,CP-60 7610,6.46,342.93333333333334,-59.88138888888889
8688,,BD+55 2820,5.43,342.44166666666666,55.90277777777778
8689,,CP-63 4826,6.12,343.0375,-63.18861111111111
8690,14    Lac,BD+41 4623,5.92,342.5875,41.953611111111115
8692,,BD+49 3954,6.21,342.54166666666663,50.676944444444445
8693,21    PsA,CD-3019324,5.97,342.83333333333337,-29.53611111111111
8694,32Iot Cep,BD+65 1814,3.52,342.4166666666667,66.20055555555555
8695,22Gam PsA,CD-3316270,4.46,343.12916666666666,-32.87555555555556
8696,,BD+60 2450,5.6,342.8416666666667,61.69694444444444
8697,49Sig Peg,BD+09 5122,5.16,343.1,9.835555555555556
8698,73Lam Aqr,BD-08 5968,3.74,343.15000000000003,-7.579722222222222
8699,15    Lac,BD+42 4521,4.94,343.0083333333333,43.3125
8700,Tau1Gru,CD-4913988,6.04,343.40416666666664,-48.59805555555556
8701,Rho Ind,CP-70 2971,6.05,343.66249999999997,-70.0736111111111
8702,,BD+82  703,4.74,341.87083333333334,83.1538888888889
8703,,BD+16 4831,5.64,343.2583333333333,16.84111111111111
8704,74    Aqr,BD-12 6371,5.8,343.3666666666667,-11.616666666666667
8705,,BD+49 3962,6.46,343.21666666666664,50.411944444444444
8706,,BD+39 4957,6.34,343.29583333333335,40.16722222222222
8707,,BD+59 2595,6.01,343.2625,60.10111111111111
8708,,BD+43 4331,5.81,343.4166666666667,44.74916666666667
8709,76Del Aqr,BD-16 6173,3.27,343.66249999999997,-15.820833333333333
8710,78    Aqr,BD-07 5886,6.19,343.64166666666665,-7.204722222222222
8711,77    Aqr,BD-17 6619,5.56,343.68749999999994,-16.271944444444443
8712,,BD+39 4964,5.81,343.52916666666664,40.37694444444445
8713,,CD-3714981,6.4,343.80833333333334,-36.38861111111111
8714,,BD+16 4833,6.12,343.6458333333333,16.941666666666666
8715,1    Psc,BD+00 4939,6.11,343.74583333333334,1.0647222222222223
8716,,BD-05 5885,5.72,343.79583333333335,-4.987777777777778
8717,50Rho Peg,BD+08 4961,4.9,343.80416666666673,8.815833333333334
8718,,BD+36 4956,5.91,343.7583333333333,37.07694444444445
8719,,CD-3217312,6.1,343.96250000000003,-31.633055555555558
8720,23Del PsA,CD-3316303,4.21,343.98333333333335,-32.53972222222222
8721,,CD-3217321,6.48,344.1,-31.565555555555555
8722,Tau3Gru,CD-4814364,5.7,344.1958333333333,-47.969166666666666
8723,,BD+35 4917,5.74,343.93333333333334,36.35166666666667
8725,16    Lac,BD+40 4949,5.59,344.09583333333336,41.60388888888889
8726,,BD+48 3887,4.95,344.10833333333335,49.73361111111111
8727,,BD-05 5894,6.31,344.3208333333333,-4.81
8728,24Alp PsA,CD-3019370,1.16,344.4125,-29.622222222222224
8729,51    Peg,BD+19 5036,5.49,344.3625,20.76888888888889
8730,,BD+03 4799,6.28,344.3833333333333,3.8102777777777774
8731,,BD+47 3985,5.43,344.26666666666665,48.68416666666666
8732,,CD-3615650,6.13,344.6458333333333,-35.52305555555555
8733,,BD+38 4904,6.18,344.4166666666667,39.30888888888889
8734,,BD-03 5539,6.16,344.5625,-2.395277777777778
8735,,BD-02 5858,6.37,344.5958333333333,-1.4102777777777777
8736,,BD+84  517,5.9,342.7583333333333,85.3736111111111
8737,,BD+08 4973,6.43,344.6458333333333,9.356944444444444
8738,,BD+06 5092,6.33,344.67499999999995,7.339722222222222
8739,52    Peg,BD+10 4859,5.75,344.79583333333335,11.72888888888889
8740,,CD-3019383,5.51,344.89583333333337,-29.46222222222222
8741,,BD-13 6318,6.07,344.89583333333337,-13.070833333333333
8742,2    Psc,BD+00 4950,5.43,344.8625,0.9627777777777777
8743,,CD-2516220,5.65,345.02083333333337,-25.164166666666667
8744,,BD+51 3514,6.29,344.7916666666667,52.654444444444444
8745,,BD+59 2615,6.43,344.7875,59.81472222222222
8746,,CD-2616419,6.29,345.1,-25.62666666666667
8747,Zet Gru,CP-5310382,4.12,345.21666666666664,-52.75416666666667
8748,,BD+83  640,4.71,343.6,84.3461111111111
8749,,CD-5113446,5.68,345.27916666666664,-50.95
8750,3    Psc,BD-00 4443,6.21,345.15416666666664,0.18583333333333332
8751,,BD+02 4594,5.83,345.175,3.0116666666666667
8752,,BD+56 2923,5.0,345.02083333333337,56.945277777777775
8754,,CD-2918537,5.55,345.32916666666665,-28.853611111111114
8756,,CD-2317706,6.28,345.3458333333333,-22.790833333333335
8757,81    Aqr,BD-07 5910,6.21,345.3458333333333,-7.061111111111111
8759,,BD-05 5910,5.94,345.37916666666666,-4.711388888888889
8760,,CD-3715047,6.47,345.6416666666667,-36.420833333333334
8761,,BD+56 2927,6.2,345.375,57.105555555555554
8762,1Omi And,BD+41 4664,3.62,345.4791666666667,42.32611111111112
8763,82    Aqr,BD-07 5913,6.15,345.6333333333334,-6.574166666666667
8764,,BD-21 6354,5.97,345.68333333333334,-20.870555555555555
8766,2    And,BD+41 4665,5.1,345.65000000000003,42.757777777777775
8767,Pi  PsA,CD-3515630,5.11,345.87083333333334,-34.74944444444444
8768,,BD+43 4378,6.39,345.6875,44.05888888888889
8769,,CP-69 3301,5.52,346.21666666666664,-68.82027777777778
8771,,CD-4216177,5.79,345.9958333333334,-41.47833333333333
8773,4Bet Psc,BD+03 4818,4.53,345.96666666666664,3.82
8774,Kap Gru,CP-5410197,5.37,346.1625,-53.965
8775,53Bet Peg,BD+27 4480,2.42,345.94166666666666,28.08277777777778
8776,,BD+05 5123,6.41,346.00416666666666,6.616666666666667
8778,,BD+57 2676,6.43,345.8375,58.56472222222222
8779,,BD+66 1575,5.24,345.8833333333334,67.20916666666668
8780,3    And,BD+49 4028,4.65,346.04583333333335,50.05222222222222
8781,54Alp Peg,BD+14 4926,2.49,346.1875,15.205277777777777
8782,83    Aqr,BD-08 6018,5.43,346.2875,-7.693611111111111
8783,,BD-17 6661,6.14,346.3,-17.079166666666666
8784,,BD+15 4760,6.44,346.275,16.563055555555557
8785,,BD+00 4963,6.39,346.3208333333333,1.3069444444444445
8786,,CP-80 1064,6.12,347.0958333333333,-79.48083333333334
8787,The Gru,CD-4415149,4.28,346.7166666666667,-43.52055555555555
8788,,BD+17 4866,6.13,346.575,18.5175
8789,86    Aqr,CD-2417497,4.47,346.66666666666674,-23.743055555555557
8790,Ups Gru,CD-3914936,5.61,346.72083333333336,-38.89222222222222
8791,,CD-5013885,6.33,346.7875,-49.60666666666667
8792,,BD+19 5058,6.3,346.6291666666667,19.910833333333333
8793,,CD-5113471,5.83,346.80833333333334,-50.686388888888885
8794,,CP-74 2054,6.15,347.1458333333333,-73.58638888888889
8795,55    Peg,BD+08 4997,4.52,346.75,9.409444444444444
8796,56    Peg,BD+24 4716,4.76,346.775,25.46833333333333
8797,1    Cas,BD+58 2545,4.85,346.65000000000003,59.41972222222222
8799,,BD+20 5278,5.99,346.8666666666667,21.134166666666665
8801,,BD+52 3371,6.11,346.79166666666663,52.81638888888889
8802,,CD-2918588,5.6,347.0875,-28.823333333333334
8803,,BD+58 2546,6.4,346.79166666666663,59.7275
8804,4    And,BD+45 4149,5.33,346.9125,46.38722222222222
8805,5    And,BD+48 3944,5.7,346.9375,49.295833333333334
8807,5    Psc,BD+01 4686,5.4,347.1666666666667,2.1277777777777778
8808,,BD+62 2171,6.26,346.9458333333334,63.63333333333333
8809,,CP-67 3949,6.47,347.54583333333335,-66.85749999999999
8810,,CP-81 1024,6.41,348.05,-80.91277777777778
8811,,BD+63 1931,6.21,346.9875,64.2225
8812,88    Aqr,BD-21 6368,3.66,347.3583333333333,-21.1725
8813,,CD-2818099,5.87,347.4333333333333,-28.08861111111111
8814,,CD-4315281,5.81,347.48749999999995,-42.86055555555556
8815,57    Peg,BD+07 4981,5.12,347.37916666666666,8.677222222222222
8816,,BD-15 6360,6.42,347.45416666666665,-14.510555555555555
8817,89    Aqr,CD-2317771,4.69,347.47499999999997,-22.4575
8818,,CD-4115163,5.83,347.5375,-40.59166666666667
8819,33Pi  Cep,BD+74 1006,4.41,346.97083333333336,75.3875
8820,Iot Gru,CD-4514947,3.9,347.5875,-45.24666666666667
8821,58    Peg,BD+09 5170,5.39,347.5041666666667,9.821944444444444
8822,2    Cas,BD+58 2552,5.7,347.4333333333333,59.33305555555556
8824,,BD+16 4882,5.71,347.675,17.594444444444445
8825,6    And,BD+42 4592,5.94,347.6125,43.54416666666666
8826,59    Peg,BD+07 4991,5.16,347.93333333333334,8.72
8827,60    Peg,BD+26 4580,6.17,347.95416666666665,26.84722222222222
8829,,CP-63 4862,6.12,348.525,-62.7
8830,7    And,BD+48 3964,4.52,348.1375,49.406388888888884
8831,,BD+28 4548,6.35,348.26666666666665,29.441666666666666
8832,,BD+56 2966,5.56,348.3208333333333,57.16833333333333
8833,,BD+10 4902,5.82,348.3583333333333,11.065000000000001
8834,90Phi Aqr,BD-06 6170,4.22,348.57916666666665,-6.0488888888888885
8835,,CD-4115197,5.77,348.7416666666667,-41.105555555555554
8836,,BD-11 6032,6.12,348.6666666666667,-10.688611111111111
8837,,BD+49 4071,6.31,348.55833333333334,50.617777777777775
8838,,BD+28 4555,6.41,348.5875,29.771666666666665
8840,,BD-04 5852,5.55,348.89166666666665,-3.4963888888888888
8841,91Psi1Aqr,BD-09 6156,4.21,348.9708333333333,-9.087777777777779
8842,61    Peg,BD+27 4521,6.49,348.94166666666666,28.247777777777777
8843,,CP-62 6412,5.66,349.23749999999995,-62.00111111111111
8846,,CD-4514982,5.92,349.1625,-44.48916666666667
8847,,CD-4115205,6.47,349.20416666666665,-41.19444444444444
8848,Gam Tuc,CP-58 8062,3.99,349.3541666666667,-58.23583333333333
8849,,CP-80 1067,6.33,349.78333333333336,-79.47277777777778
8850,92Chi Aqr,BD-08 6076,5.06,349.2083333333333,-7.726666666666667
8851,,BD+70 1311,5.56,348.90416666666664,70.88805555555557
8852,6Gam Psc,BD+02 4648,3.69,349.2875,3.2822222222222224
8853,,BD+52 3410,5.54,349.175,53.21361111111111
8855,,CP-68 3567,6.13,349.58333333333337,-67.47111111111111
8856,,BD-12 6461,6.34,349.41666666666674,-11.713055555555554
8857,,BD+44 4368,6.43,349.3166666666667,45.16416666666667
8858,93Psi2Aqr,BD-09 6160,4.39,349.475,-9.1825
8859,Phi Gru,CD-4115211,5.53,349.5375,-40.824444444444445
8860,8    And,BD+48 3991,4.85,349.43333333333334,49.015277777777776
8861,,BD+44 4373,6.48,349.48333333333335,45.48888888888889
8862,Tau Oct,CP-88  204,5.49,352.0125,-87.48222222222222
8863,Gam Scl,CD-3316476,4.41,349.70416666666665,-32.53194444444444
8864,9    And,BD+40 5043,6.02,349.59583333333336,41.77361111111111
8865,95Psi3Aqr,BD-10 6094,4.98,349.7375,-9.610833333333334
8866,94    Aqr,BD-14 6448,5.08,349.775,-13.458888888888888
8867,,BD+74 1016,6.38,349.325,75.29916666666666
8868,96    Aqr,BD-05 5966,5.55,349.85,-5.124444444444444
8869,,BD-18 6283,5.93,349.85,-18.075277777777778
8871,,CD-3415985,6.37,349.9291666666667,-33.70805555555556
8872,34Omi Cep,BD+67 1514,4.75,349.65416666666664,68.11166666666666
8873,,BD+34 4899,6.32,349.8625,34.79333333333333
8874,11    And,BD+47 4110,5.44,349.8708333333333,48.625277777777775
8875,,BD+47 4114,6.32,349.9208333333333,48.380833333333335
8876,10    And,BD+41 4752,5.79,349.96666666666664,42.07805555555556
8877,,CD-5013948,6.05,350.2083333333333,-50.306666666666665
8878,7    Psc,BD+04 4997,5.05,350.0833333333333,5.381388888888888
8879,,BD-06 6191,6.17,350.1666666666667,-5.908055555555556
8880,62Tau Peg,BD+22 4810,4.6,350.1583333333333,23.740277777777777
8882,63    Peg,BD+29 4908,5.59,350.20416666666665,30.415
8883,,CD-2716284,5.64,350.3125,-26.986666666666668
8885,12    And,BD+37 4817,5.77,350.2208333333333,38.18222222222222
8886,,BD+61 2428,6.39,350.14166666666665,62.213055555555556
8887,64    Peg,BD+31 4897,5.32,350.475,31.8125
8889,,CP-60 7654,6.09,350.73333333333335,-60.05583333333333
8890,97    Aqr,BD-15 6406,5.2,350.6625,-15.039166666666667
8891,65    Peg,BD+20 5317,6.29,350.6666666666667,20.828611111111112
8892,98    Aqr,BD-20 6587,3.97,350.7416666666667,-20.100555555555555
8893,66    Peg,BD+11 4993,5.08,350.76666666666665,12.31388888888889
8894,,BD+59 2710,5.56,350.6333333333334,60.13361111111111
8895,,CP-5410281,6.15,350.975,-53.80833333333333
8896,,CD-4315360,6.1,350.9375,-43.12444444444444
8897,,BD-00 4509,6.31,350.87916666666666,0.29138888888888886
8898,,CP-5212150,5.75,351.0541666666667,-51.89138888888889
8900,,BD-19 6450,6.19,351.02916666666664,-18.6875
8901,,CP-5710268,5.59,351.3291666666667,-56.84916666666667
8903,67    Peg,BD+31 4904,5.57,351.2083333333333,32.385
8904,4    Cas,BD+61 2444,4.98,351.2083333333333,62.282777777777774
8905,68Ups Peg,BD+22 4833,4.4,351.3416666666667,23.404166666666665
8906,99    Aqr,BD-21 6420,4.39,351.5083333333333,-20.641944444444444
8907,Omi Gru,CP-5310461,5.52,351.65000000000003,-52.72166666666667
8908,,CP-67 3964,6.45,351.77916666666664,-66.58111111111111
8909,,CP-59 7890,5.63,351.8125,-58.476111111111116
8910,,CD-5013976,6.2,351.7875,-50.157222222222224
8911,8Kap Psc,BD+00 4998,4.94,351.73333333333335,1.2555555555555555
8912,9    Psc,BD+00 4999,6.25,351.8083333333333,1.1225
8913,13    And,BD+42 4672,5.75,351.77916666666664,42.911944444444444
8914,,CD-3615895,6.32,352.0,-35.544444444444444
8915,69    Peg,BD+24 4778,5.98,351.9166666666667,25.16722222222222
8916,10The Psc,BD+05 5173,4.28,351.9916666666667,6.378888888888889
8917,,BD-12 6496,6.37,352.0208333333333,-11.449722222222222
8918,,BD+69 1332,5.6,351.81666666666666,70.35972222222222
8919,,CP-63 4891,5.68,352.2541666666667,-63.11083333333333
8920,,CD-4515043,6.43,352.25,-44.49777777777778
8921,,BD-10 6120,6.18,352.25,-9.266111111111112
8923,70    Peg,BD+11 5009,4.55,352.2875,12.760555555555555
8924,,BD-05 5999,6.25,352.3833333333334,-4.532777777777778
8925,,BD+48 4070,6.17,352.52916666666664,49.13305555555556
8926,,BD+57 2748,4.91,352.5083333333333,58.54888888888889
8927,,BD+37 4856,6.05,352.6625,38.661944444444444
8928,,BD-07 6036,6.39,352.75416666666666,-6.288333333333333
8929,,CD-4515055,6.02,352.8625,-44.843611111111116
8930,14    And,BD+38 5023,5.22,352.8208333333333,39.23638888888889
8931,,BD-04 5896,6.49,352.87916666666666,-4.087222222222222
8932,100    Aqr,BD-22 6141,6.29,352.925,-21.369444444444444
8933,,BD+27 4568,6.41,352.9291666666667,28.40361111111111
8934,13    Psc,BD-01 4450,6.38,352.98749999999995,-1.0858333333333332
8935,,CP-78 1473,5.81,353.32916666666665,-77.38527777777779
8937,Bet Scl,CD-3815527,4.37,353.2416666666667,-37.818333333333335
8938,,BD+86  344,5.58,351.75,87.30749999999999
8939,101    Aqr,BD-21 6437,4.71,353.31666666666666,-20.91444444444444
8940,71    Peg,BD+21 4952,5.32,353.3666666666667,22.49888888888889
8941,,BD+44 4441,6.24,353.425,45.058055555555555
8942,,BD+20 5352,6.06,353.4791666666667,20.840833333333332
8943,72    Peg,BD+30 4978,4.98,353.4875,31.325277777777778
8944,14    Psc,BD-02 5986,5.87,353.5375,-1.2475
8946,,BD-16 6314,5.96,353.70416666666665,-15.245833333333332
8947,15    And,BD+39 5114,5.59,353.65416666666664,40.23638888888889
8948,73    Peg,BD+32 4667,5.63,353.6583333333333,33.49722222222222
8949,Iot Phe,CD-4315420,4.71,353.76666666666665,-42.615
8950,,BD+37 4866,6.18,353.69166666666666,38.02388888888889
8951,,BD-08 6142,6.39,353.8833333333333,-7.464444444444444
8952,,BD+70 1327,5.84,353.74583333333334,71.64222222222223
8953,,BD+23 4769,6.45,353.9791666666667,24.561111111111114
8954,16    Psc,BD+01 4744,5.68,354.09583333333336,2.102222222222222
8955,,BD+32 4671,6.35,354.125,32.90416666666667
8957,,CP-77 1583,6.0,354.6,-76.86999999999999
8958,,BD-13 6439,5.65,354.4125,-13.06027777777778
8959,,CD-4614720,4.74,354.46250000000003,-45.4925
8960,74    Peg,BD+16 4954,6.26,354.4125,16.825555555555557
8961,16Lam And,BD+45 4283,3.82,354.3875,46.45805555555556
8962,,BD+43 4508,5.8,354.3833333333334,44.42916666666667
8963,75    Peg,BD+17 4952,5.53,354.48333333333335,18.400555555555552
8965,17Iot And,BD+42 4720,4.29,354.5333333333333,43.268055555555556
8966,The Phe,CD-4714651,6.09,354.8666666666667,-46.63777777777778
8967,18    And,BD+49 4180,5.3,354.7833333333333,50.47166666666667
8968,102Ome1Aqr,BD-15 6471,5.0,354.9458333333333,-14.221666666666668
8969,17Iot Psc,BD+04 5035,4.13,354.98749999999995,5.626388888888889
8970,,BD+08 5095,5.97,354.9791666666667,9.677222222222222
8971,,BD+74 1032,5.95,354.79166666666663,75.29277777777777
8972,,BD+73 1047,5.98,354.8375,74.00277777777778
8974,35Gam Cep,BD+76  928,3.21,354.8333333333333,77.6325
8975,Mu  Scl,CD-3217621,5.31,355.15833333333336,-32.073055555555555
8976,19Kap And,BD+43 4522,4.14,355.1,44.33388888888889
8977,,BD+35 5074,6.23,355.1666666666667,36.72083333333334
8979,,BD-12 6535,5.89,355.28333333333336,-11.680555555555555
8980,103    Aqr,BD-18 6357,5.34,355.39166666666665,-18.02722222222222
8981,,BD+48 4127,6.26,355.35833333333335,49.51222222222222
8982,104    Aqr,BD-18 6358,4.82,355.4375,-17.81638888888889
8983,,BD+06 5183,5.89,355.48333333333335,7.250555555555556
8984,18Lam Psc,BD+00 5037,4.5,355.5083333333333,1.78
8987,,BD-16 6345,5.28,355.6125,-15.447777777777778
8988,105Ome2Aqr,BD-15 6476,4.49,355.6791666666667,-14.545
8990,,BD+60 2609,6.4,355.62916666666666,61.67944444444444
8991,77    Peg,BD+09 5268,5.06,355.84166666666664,10.331388888888888
8992,,BD-16 6352,6.36,355.95416666666665,-15.284444444444444
8993,,CD-4515114,6.09,356.0041666666667,-45.083333333333336
8994,,CP-71 2771,6.07,356.10416666666663,-70.49027777777778
8995,,CP-79 1239,5.75,356.1666666666667,-78.79138888888889
8996,,CP-65 4159,5.72,356.05,-64.40444444444445
8997,78    Peg,BD+28 4627,4.93,355.99583333333334,29.361666666666668
8998,106    Aqr,BD-19 6500,5.24,356.05,-18.276944444444442
8999,,CD-2616762,6.17,356.1166666666667,-26.24638888888889
9001,,CD-4015239,6.31,356.50416666666666,-40.1825
9002,107    Aqr,BD-19 6506,5.29,356.5,-18.678055555555556
9003,20Psi And,BD+45 4321,4.95,356.50833333333327,46.42027777777778
9004,19    Psc,BD+02 4709,5.04,356.5958333333333,3.486666666666667
9005,,BD+65 1943,5.95,356.65000000000003,66.78222222222222
9006,Sig Phe,CD-5014047,5.18,356.8166666666667,-50.22666666666667
9008,5Tau Cas,BD+57 2804,4.87,356.7625,58.651944444444446
9009,,BD-12 6559,5.73,356.8125,-11.910833333333334
9010,,BD+56 3085,5.51,356.7541666666667,57.45138888888889
9011,,BD+46 4169,6.07,356.8875,46.8325
9012,20    Psc,BD-03 5707,5.49,356.98333333333335,-2.7616666666666667
9013,,BD+67 1562,5.04,356.975,67.80694444444444
9014,,BD-07 6086,6.07,357.1333333333334,-6.3805555555555555
9015,,BD+01 4773,6.46,357.20416666666665,2.214166666666667
9016,Del Scl,CD-2818353,4.57,357.2291666666667,-28.130277777777778
9017,,BD+64 1861,6.41,357.1625,64.87638888888888
9018,6    Cas,BD+61 2533,5.43,357.20833333333337,62.214444444444446
9019,,BD+59 2777,6.34,357.22083333333336,59.97888888888889
9020,,BD+58 2653,6.33,357.3,58.963055555555556
9021,,BD-16 6373,6.24,357.37916666666666,-15.86111111111111
9022,21    Psc,BD+00 5054,5.77,357.3625,1.076111111111111
9024,,BD+35 5110,5.9,357.4208333333333,36.42527777777777
9025,79    Peg,BD+28 4649,5.97,357.4125,28.842499999999998
9026,,CD-2616796,6.42,357.45416666666665,-25.33138888888889
9027,,BD-10 6177,5.94,357.5583333333333,-9.974166666666667
9028,,BD+50 4165,6.44,357.59166666666664,51.62166666666667
9029,,BD-15 6507,5.72,357.6375,-14.401944444444444
9030,80    Peg,BD+08 5127,5.79,357.8375,9.313333333333334
9031,108    Aqr,BD-19 6522,5.18,357.8375,-18.90888888888889
9032,Gam1Oct,CP-82  905,5.11,358.025,-82.01888888888888
9033,22    Psc,BD+02 4725,5.55,357.9875,2.9302777777777775
9035,,BD+20 5386,6.11,358.09583333333336,21.670833333333334
9036,81Phi Peg,BD+18 5231,5.08,358.12083333333334,19.12027777777778
9037,,BD-15 6515,5.87,358.125,-14.251111111111111
9038,,BD+74 1047,6.39,358.10416666666663,75.54472222222222
9039,82    Peg,BD+10 5004,5.3,358.15416666666664,10.9475
9040,,BD-09 6277,5.75,358.20833333333337,-8.996666666666666
9041,24    Psc,BD-03 5723,5.93,358.2291666666667,-3.1555555555555554
9042,25    Psc,BD+01 4792,6.28,358.26666666666665,2.0905555555555555
9043,,CD-2417897,6.24,358.3333333333333,-24.229166666666664
9044,,CD-2716479,6.35,358.5875,-27.042222222222225
9045,7Rho Cas,BD+56 3111,4.54,358.5958333333333,57.49944444444444
9046,,CD-4015285,6.03,358.6583333333333,-40.3
9047,,BD-00 4585,5.61,358.69166666666666,0.10916666666666668
9048,26    Psc,BD+06 5216,6.21,358.7791666666667,7.071111111111111
9049,,CD-3217723,6.1,358.8166666666667,-31.921666666666667
9052,,BD+56 3115,6.0,358.8875,57.41222222222222
9053,,BD+46 4214,6.0,358.8875,47.35583333333334
9054,,CD-2516707,6.31,359.12083333333334,-24.737222222222222
9055,,BD+21 4999,6.15,359.17083333333335,22.648055555555555
9057,,BD+41 4902,5.97,359.2625,42.65833333333333
9058,,CD-2716494,6.26,359.2833333333333,-26.62361111111111
9059,,BD+54 3076,5.55,359.2833333333333,55.70583333333334
9060,,CP-63 4940,5.97,359.32916666666665,-62.95638888888889
9061,Gam2Oct,CP-82  907,5.73,359.3833333333333,-82.17
9062,Eta Tuc,CP-64 4391,5.0,359.3958333333333,-64.29833333333333
9063,,BD+59 2795,6.47,359.3875,60.02361111111111
9064,84Psi Peg,BD+24 4865,4.66,359.4375,25.141388888888887
9065,1    Cet,BD-16 6394,6.26,359.5875,-15.8475
9066,,BD+50 4202,4.8,359.59999999999997,51.38861111111111
9067,27    Psc,BD-04 5996,4.86,359.6666666666667,-3.556111111111111
9069,Pi  Phe,CP-5310561,5.13,359.7291666666667,-52.74583333333334
9071,8Sig Cas,BD+54 3082,4.88,359.75,55.755
9072,28Ome Psc,BD+06 5227,4.01,359.825,6.863333333333333
9073,,CD-3019765,5.62,359.8625,-29.485
9076,Eps Tuc,CP-66 3819,4.5,359.9791666666667,-65.57722222222222
9077,,CD-4415420,6.29,0.07916666666666666,-44.29055555555556
9078,,BD+26 4727,6.46,0.09583333333333334,26.918333333333333
9079,,BD+58 2685,6.19,0.125,59.55972222222222
9080,,BD+44 4538,6.38,0.17916666666666667,45.25333333333333
9081,Tau Phe,CD-4914316,5.71,0.26666666666666666,-48.809999999999995
9082,,CD-5113743,5.53,0.33333333333333337,-50.33722222222222
9083,,BD+49 4309,6.22,0.32916666666666666,49.98166666666667
9084,The Oct,CP-77 1596,4.78,0.3958333333333333,-77.06583333333333
9085,,BD+60 2657,5.55,0.39999999999999997,61.223055555555554
9086,,BD+41 4920,6.25,0.4291666666666667,42.367222222222225
9087,29    Psc,BD-03 5749,5.1,0.45416666666666666,-3.0275
9088,85    Peg,BD+26 4734,5.75,0.5416666666666666,27.081944444444446
9089,30    Psc,BD-06 6345,4.41,0.48750000000000004,-6.014166666666667
9091,Zet Scl,CD-3019790,5.01,0.5791666666666666,-29.720277777777778
9092,31    Psc,BD+08 5164,6.32,0.6,8.956944444444444
9093,32    Psc,BD+07 5121,5.63,0.6208333333333333,8.485555555555555
9094,,BD+65 1987,5.86,0.65,66.09888888888888
9095,,BD-20 6703,6.25,0.7374999999999999,-20.046111111111113
9096,,CD-2417960,6.44,0.7791666666666667,-24.14527777777778
9097,,BD+62 2356,6.24,0.8541666666666667,63.64194444444444
9098,2    Cet,BD-18 6417,4.55,0.9333333333333335,-17.33611111111111
9099,,BD+65 1993,6.29,0.9624999999999999,66.71222222222222
9100,9    Cas,BD+61 2586,5.88,1.0541666666666667,62.28777777777778
9101,,BD-17 6868,5.78,1.0791666666666668,-16.528888888888886
9102,,CD-2918950,6.4,1.0833333333333333,-29.26861111111111
9103,3    Cet,BD-11 6194,4.94,1.125,-10.509444444444444
9104,,BD+66 1679,5.67,1.175,67.16666666666667
9107,,BD+33 4828,6.12,1.2208333333333332,34.65972222222222
9108,,CP-72 2800,5.59,1.1708333333333334,-71.43694444444445
9109,,BD+25 5068,6.25,1.2333333333333334,26.648888888888887
9110,,BD+60 2667,5.8,1.275,61.314166666666665
